"AD","ED","County","EDAD Status","Event","Party/Independent Body","Office/Position Title","District Key","VoteFor","Unit Name","Tally","39","001","Queens","IN-PLAY","General Election - 11/08/2022",,"Member of the Assembly","39",1,"Public Counter",717
"AD","ED","County","EDAD Status","Event","Party/Independent Body","Office/Position Title","District Key","VoteFor","Unit Name","Tally","39","001","Queens","IN-PLAY","General Election - 11/08/2022",,"Member of the Assembly","39",1,"Manually Counted Emergency",0
"AD","ED","County","EDAD Status","Event","Party/Independent Body","Office/Position Title","District Key","VoteFor","Unit Name","Tally","39","001","Queens","IN-PLAY","General Election - 11/08/2022",,"Member of the Assembly","39",1,"Absentee / Military",26
"AD","ED","County","EDAD Status","Event","Party/Independent Body","Office/Position Title","District Key","VoteFor","Unit Name","Tally","39","001","Queens","IN-PLAY","General Election - 11/08/2022",,"Member of the Assembly","39",1,"Federal",0
"AD","ED","County","EDAD Status","Event","Party/Independent Body","Office/Position Title","District Key","VoteFor","Unit Name","Tally","39","001","Queens","IN-PLAY","General Election - 11/08/2022",,"Member of the Assembly","39",1,"Affidavit",9
"AD","ED","County","EDAD Status","Event","Party/Independent Body","Office/Position Title","District Key","VoteFor","Unit Name","Tally","39","001","Queens","IN-PLAY","General Election - 11/08/2022",,"Member of the Assembly","39",1,"Catalina Cruz (Democratic)",429
"AD","ED","County","EDAD Status","Event","Party/Independent Body","Office/Position Title","District Key","VoteFor","Unit Name","Tally","39","001","Queens","IN-PLAY","General Election - 11/08/2022",,"Member of the Assembly","39",1,"Catalina Cruz (Working Families)",152
"AD","ED","County","EDAD Status","Event","Party/Independent Body","Office/Position Title","District Key","VoteFor","Unit Name","Tally","39","001","Queens","IN-PLAY","General Election - 11/08/2022",,"Member of the Assembly","39",1,"Scattered",15
"AD","ED","County","EDAD Status","Event","Party/Independent Body","Office/Position Title","District Key","VoteFor","Unit Name","Tally","39","002","Queens","IN-PLAY","General Election - 11/08/2022",,"Member of the Assembly","39",1,"Public Counter",773
"AD","ED","County","EDAD Status","Event","Party/Independent Body","Office/Position Title","District Key","VoteFor","Unit Name","Tally","39","002","Queens","IN-PLAY","General Election - 11/08/2022",,"Member of the Assembly","39",1,"Manually Counted Emergency",0
"AD","ED","County","EDAD Status","Event","Party/Independent Body","Office/Position Title","District Key","VoteFor","Unit Name","Tally","39","002","Queens","IN-PLAY","General Election - 11/08/2022",,"Member of the Assembly","39",1,"Absentee / Military",57
"AD","ED","County","EDAD Status","Event","Party/Independent Body","Office/Position Title","District Key","VoteFor","Unit Name","Tally","39","002","Queens","IN-PLAY","General Election - 11/08/2022",,"Member of the Assembly","39",1,"Federal",5
"AD","ED","County","EDAD Status","Event","Party/Independent Body","Office/Position Title","District Key","VoteFor","Unit Name","Tally","39","002","Queens","IN-PLAY","General Election - 11/08/2022",,"Member of the Assembly","39",1,"Affidavit",7
"AD","ED","County","EDAD Status","Event","Party/Independent Body","Office/Position Title","District Key","VoteFor","Unit Name","Tally","39","002","Queens","IN-PLAY","General Election - 11/08/2022",,"Member of the Assembly","39",1,"Catalina Cruz (Democratic)",503
"AD","ED","County","EDAD Status","Event","Party/Independent Body","Office/Position Title","District Key","VoteFor","Unit Name","Tally","39","002","Queens","IN-PLAY","General Election - 11/08/2022",,"Member of the Assembly","39",1,"Catalina Cruz (Working Families)",174
"AD","ED","County","EDAD Status","Event","Party/Independent Body","Office/Position Title","District Key","VoteFor","Unit Name","Tally","39","002","Queens","IN-PLAY","General Election - 11/08/2022",,"Member of the Assembly","39",1,"Scattered",30
"AD","ED","County","EDAD Status","Event","Party/Independent Body","Office/Position Title","District Key","VoteFor","Unit Name","Tally","39","003","Queens","IN-PLAY","General Election - 11/08/2022",,"Member of the Assembly","39",1,"Public Counter",589
"AD","ED","County","EDAD Status","Event","Party/Independent Body","Office/Position Title","District Key","VoteFor","Unit Name","Tally","39","003","Queens","IN-PLAY","General Election - 11/08/2022",,"Member of the Assembly","39",1,"Manually Counted Emergency",0
"AD","ED","County","EDAD Status","Event","Party/Independent Body","Office/Position Title","District Key","VoteFor","Unit Name","Tally","39","003","Queens","IN-PLAY","General Election - 11/08/2022",,"Member of the Assembly","39",1,"Absentee / Military",32
"AD","ED","County","EDAD Status","Event","Party/Independent Body","Office/Position Title","District Key","VoteFor","Unit Name","Tally","39","003","Queens","IN-PLAY","General Election - 11/08/2022",,"Member of the Assembly","39",1,"Federal",4
"AD","ED","County","EDAD Status","Event","Party/Independent Body","Office/Position Title","District Key","VoteFor","Unit Name","Tally","39","003","Queens","IN-PLAY","General Election - 11/08/2022",,"Member of the Assembly","39",1,"Affidavit",5
"AD","ED","County","EDAD Status","Event","Party/Independent Body","Office/Position Title","District Key","VoteFor","Unit Name","Tally","39","003","Queens","IN-PLAY","General Election - 11/08/2022",,"Member of the Assembly","39",1,"Catalina Cruz (Democratic)",353
"AD","ED","County","EDAD Status","Event","Party/Independent Body","Office/Position Title","District Key","VoteFor","Unit Name","Tally","39","003","Queens","IN-PLAY","General Election - 11/08/2022",,"Member of the Assembly","39",1,"Catalina Cruz (Working Families)",116
"AD","ED","County","EDAD Status","Event","Party/Independent Body","Office/Position Title","District Key","VoteFor","Unit Name","Tally","39","003","Queens","IN-PLAY","General Election - 11/08/2022",,"Member of the Assembly","39",1,"Scattered",16
"AD","ED","County","EDAD Status","Event","Party/Independent Body","Office/Position Title","District Key","VoteFor","Unit Name","Tally","39","004","Queens","IN-PLAY","General Election - 11/08/2022",,"Member of the Assembly","39",1,"Public Counter",571
"AD","ED","County","EDAD Status","Event","Party/Independent Body","Office/Position Title","District Key","VoteFor","Unit Name","Tally","39","004","Queens","IN-PLAY","General Election - 11/08/2022",,"Member of the Assembly","39",1,"Manually Counted Emergency",0
"AD","ED","County","EDAD Status","Event","Party/Independent Body","Office/Position Title","District Key","VoteFor","Unit Name","Tally","39","004","Queens","IN-PLAY","General Election - 11/08/2022",,"Member of the Assembly","39",1,"Absentee / Military",29
"AD","ED","County","EDAD Status","Event","Party/Independent Body","Office/Position Title","District Key","VoteFor","Unit Name","Tally","39","004","Queens","IN-PLAY","General Election - 11/08/2022",,"Member of the Assembly","39",1,"Federal",3
"AD","ED","County","EDAD Status","Event","Party/Independent Body","Office/Position Title","District Key","VoteFor","Unit Name","Tally","39","004","Queens","IN-PLAY","General Election - 11/08/2022",,"Member of the Assembly","39",1,"Affidavit",6
"AD","ED","County","EDAD Status","Event","Party/Independent Body","Office/Position Title","District Key","VoteFor","Unit Name","Tally","39","004","Queens","IN-PLAY","General Election - 11/08/2022",,"Member of the Assembly","39",1,"Catalina Cruz (Democratic)",378
"AD","ED","County","EDAD Status","Event","Party/Independent Body","Office/Position Title","District Key","VoteFor","Unit Name","Tally","39","004","Queens","IN-PLAY","General Election - 11/08/2022",,"Member of the Assembly","39",1,"Catalina Cruz (Working Families)",103
"AD","ED","County","EDAD Status","Event","Party/Independent Body","Office/Position Title","District Key","VoteFor","Unit Name","Tally","39","004","Queens","IN-PLAY","General Election - 11/08/2022",,"Member of the Assembly","39",1,"Scattered",7
"AD","ED","County","EDAD Status","Event","Party/Independent Body","Office/Position Title","District Key","VoteFor","Unit Name","Tally","39","005","Queens","IN-PLAY","General Election - 11/08/2022",,"Member of the Assembly","39",1,"Public Counter",637
"AD","ED","County","EDAD Status","Event","Party/Independent Body","Office/Position Title","District Key","VoteFor","Unit Name","Tally","39","005","Queens","IN-PLAY","General Election - 11/08/2022",,"Member of the Assembly","39",1,"Manually Counted Emergency",0
"AD","ED","County","EDAD Status","Event","Party/Independent Body","Office/Position Title","District Key","VoteFor","Unit Name","Tally","39","005","Queens","IN-PLAY","General Election - 11/08/2022",,"Member of the Assembly","39",1,"Absentee / Military",34
"AD","ED","County","EDAD Status","Event","Party/Independent Body","Office/Position Title","District Key","VoteFor","Unit Name","Tally","39","005","Queens","IN-PLAY","General Election - 11/08/2022",,"Member of the Assembly","39",1,"Federal",4
"AD","ED","County","EDAD Status","Event","Party/Independent Body","Office/Position Title","District Key","VoteFor","Unit Name","Tally","39","005","Queens","IN-PLAY","General Election - 11/08/2022",,"Member of the Assembly","39",1,"Affidavit",9
"AD","ED","County","EDAD Status","Event","Party/Independent Body","Office/Position Title","District Key","VoteFor","Unit Name","Tally","39","005","Queens","IN-PLAY","General Election - 11/08/2022",,"Member of the Assembly","39",1,"Catalina Cruz (Democratic)",393
"AD","ED","County","EDAD Status","Event","Party/Independent Body","Office/Position Title","District Key","VoteFor","Unit Name","Tally","39","005","Queens","IN-PLAY","General Election - 11/08/2022",,"Member of the Assembly","39",1,"Catalina Cruz (Working Families)",125
"AD","ED","County","EDAD Status","Event","Party/Independent Body","Office/Position Title","District Key","VoteFor","Unit Name","Tally","39","005","Queens","IN-PLAY","General Election - 11/08/2022",,"Member of the Assembly","39",1,"Scattered",2
"AD","ED","County","EDAD Status","Event","Party/Independent Body","Office/Position Title","District Key","VoteFor","Unit Name","Tally","39","006","Queens","IN-PLAY","General Election - 11/08/2022",,"Member of the Assembly","39",1,"Public Counter",846
"AD","ED","County","EDAD Status","Event","Party/Independent Body","Office/Position Title","District Key","VoteFor","Unit Name","Tally","39","006","Queens","IN-PLAY","General Election - 11/08/2022",,"Member of the Assembly","39",1,"Manually Counted Emergency",0
"AD","ED","County","EDAD Status","Event","Party/Independent Body","Office/Position Title","District Key","VoteFor","Unit Name","Tally","39","006","Queens","IN-PLAY","General Election - 11/08/2022",,"Member of the Assembly","39",1,"Absentee / Military",70
"AD","ED","County","EDAD Status","Event","Party/Independent Body","Office/Position Title","District Key","VoteFor","Unit Name","Tally","39","006","Queens","IN-PLAY","General Election - 11/08/2022",,"Member of the Assembly","39",1,"Federal",3
"AD","ED","County","EDAD Status","Event","Party/Independent Body","Office/Position Title","District Key","VoteFor","Unit Name","Tally","39","006","Queens","IN-PLAY","General Election - 11/08/2022",,"Member of the Assembly","39",1,"Affidavit",10
"AD","ED","County","EDAD Status","Event","Party/Independent Body","Office/Position Title","District Key","VoteFor","Unit Name","Tally","39","006","Queens","IN-PLAY","General Election - 11/08/2022",,"Member of the Assembly","39",1,"Catalina Cruz (Democratic)",560
"AD","ED","County","EDAD Status","Event","Party/Independent Body","Office/Position Title","District Key","VoteFor","Unit Name","Tally","39","006","Queens","IN-PLAY","General Election - 11/08/2022",,"Member of the Assembly","39",1,"Catalina Cruz (Working Families)",203
"AD","ED","County","EDAD Status","Event","Party/Independent Body","Office/Position Title","District Key","VoteFor","Unit Name","Tally","39","006","Queens","IN-PLAY","General Election - 11/08/2022",,"Member of the Assembly","39",1,"Scattered",8
"AD","ED","County","EDAD Status","Event","Party/Independent Body","Office/Position Title","District Key","VoteFor","Unit Name","Tally","39","007","Queens","IN-PLAY","General Election - 11/08/2022",,"Member of the Assembly","39",1,"Public Counter",653
"AD","ED","County","EDAD Status","Event","Party/Independent Body","Office/Position Title","District Key","VoteFor","Unit Name","Tally","39","007","Queens","IN-PLAY","General Election - 11/08/2022",,"Member of the Assembly","39",1,"Manually Counted Emergency",0
"AD","ED","County","EDAD Status","Event","Party/Independent Body","Office/Position Title","District Key","VoteFor","Unit Name","Tally","39","007","Queens","IN-PLAY","General Election - 11/08/2022",,"Member of the Assembly","39",1,"Absentee / Military",28
"AD","ED","County","EDAD Status","Event","Party/Independent Body","Office/Position Title","District Key","VoteFor","Unit Name","Tally","39","007","Queens","IN-PLAY","General Election - 11/08/2022",,"Member of the Assembly","39",1,"Federal",3
"AD","ED","County","EDAD Status","Event","Party/Independent Body","Office/Position Title","District Key","VoteFor","Unit Name","Tally","39","007","Queens","IN-PLAY","General Election - 11/08/2022",,"Member of the Assembly","39",1,"Affidavit",11
"AD","ED","County","EDAD Status","Event","Party/Independent Body","Office/Position Title","District Key","VoteFor","Unit Name","Tally","39","007","Queens","IN-PLAY","General Election - 11/08/2022",,"Member of the Assembly","39",1,"Catalina Cruz (Democratic)",419
"AD","ED","County","EDAD Status","Event","Party/Independent Body","Office/Position Title","District Key","VoteFor","Unit Name","Tally","39","007","Queens","IN-PLAY","General Election - 11/08/2022",,"Member of the Assembly","39",1,"Catalina Cruz (Working Families)",115
"AD","ED","County","EDAD Status","Event","Party/Independent Body","Office/Position Title","District Key","VoteFor","Unit Name","Tally","39","007","Queens","IN-PLAY","General Election - 11/08/2022",,"Member of the Assembly","39",1,"Scattered",20
"AD","ED","County","EDAD Status","Event","Party/Independent Body","Office/Position Title","District Key","VoteFor","Unit Name","Tally","39","008","Queens","IN-PLAY","General Election - 11/08/2022",,"Member of the Assembly","39",1,"Public Counter",775
"AD","ED","County","EDAD Status","Event","Party/Independent Body","Office/Position Title","District Key","VoteFor","Unit Name","Tally","39","008","Queens","IN-PLAY","General Election - 11/08/2022",,"Member of the Assembly","39",1,"Manually Counted Emergency",0
"AD","ED","County","EDAD Status","Event","Party/Independent Body","Office/Position Title","District Key","VoteFor","Unit Name","Tally","39","008","Queens","IN-PLAY","General Election - 11/08/2022",,"Member of the Assembly","39",1,"Absentee / Military",35
"AD","ED","County","EDAD Status","Event","Party/Independent Body","Office/Position Title","District Key","VoteFor","Unit Name","Tally","39","008","Queens","IN-PLAY","General Election - 11/08/2022",,"Member of the Assembly","39",1,"Federal",7
"AD","ED","County","EDAD Status","Event","Party/Independent Body","Office/Position Title","District Key","VoteFor","Unit Name","Tally","39","008","Queens","IN-PLAY","General Election - 11/08/2022",,"Member of the Assembly","39",1,"Affidavit",6
"AD","ED","County","EDAD Status","Event","Party/Independent Body","Office/Position Title","District Key","VoteFor","Unit Name","Tally","39","008","Queens","IN-PLAY","General Election - 11/08/2022",,"Member of the Assembly","39",1,"Catalina Cruz (Democratic)",504
"AD","ED","County","EDAD Status","Event","Party/Independent Body","Office/Position Title","District Key","VoteFor","Unit Name","Tally","39","008","Queens","IN-PLAY","General Election - 11/08/2022",,"Member of the Assembly","39",1,"Catalina Cruz (Working Families)",136
"AD","ED","County","EDAD Status","Event","Party/Independent Body","Office/Position Title","District Key","VoteFor","Unit Name","Tally","39","008","Queens","IN-PLAY","General Election - 11/08/2022",,"Member of the Assembly","39",1,"Scattered",11
"AD","ED","County","EDAD Status","Event","Party/Independent Body","Office/Position Title","District Key","VoteFor","Unit Name","Tally","39","009","Queens","IN-PLAY","General Election - 11/08/2022",,"Member of the Assembly","39",1,"Public Counter",308
"AD","ED","County","EDAD Status","Event","Party/Independent Body","Office/Position Title","District Key","VoteFor","Unit Name","Tally","39","009","Queens","IN-PLAY","General Election - 11/08/2022",,"Member of the Assembly","39",1,"Manually Counted Emergency",0
"AD","ED","County","EDAD Status","Event","Party/Independent Body","Office/Position Title","District Key","VoteFor","Unit Name","Tally","39","009","Queens","IN-PLAY","General Election - 11/08/2022",,"Member of the Assembly","39",1,"Absentee / Military",24
"AD","ED","County","EDAD Status","Event","Party/Independent Body","Office/Position Title","District Key","VoteFor","Unit Name","Tally","39","009","Queens","IN-PLAY","General Election - 11/08/2022",,"Member of the Assembly","39",1,"Federal",3
"AD","ED","County","EDAD Status","Event","Party/Independent Body","Office/Position Title","District Key","VoteFor","Unit Name","Tally","39","009","Queens","IN-PLAY","General Election - 11/08/2022",,"Member of the Assembly","39",1,"Affidavit",3
"AD","ED","County","EDAD Status","Event","Party/Independent Body","Office/Position Title","District Key","VoteFor","Unit Name","Tally","39","009","Queens","IN-PLAY","General Election - 11/08/2022",,"Member of the Assembly","39",1,"Catalina Cruz (Democratic)",206
"AD","ED","County","EDAD Status","Event","Party/Independent Body","Office/Position Title","District Key","VoteFor","Unit Name","Tally","39","009","Queens","IN-PLAY","General Election - 11/08/2022",,"Member of the Assembly","39",1,"Catalina Cruz (Working Families)",60
"AD","ED","County","EDAD Status","Event","Party/Independent Body","Office/Position Title","District Key","VoteFor","Unit Name","Tally","39","009","Queens","IN-PLAY","General Election - 11/08/2022",,"Member of the Assembly","39",1,"Scattered",7
"AD","ED","County","EDAD Status","Event","Party/Independent Body","Office/Position Title","District Key","VoteFor","Unit Name","Tally","39","010","Queens","IN-PLAY","General Election - 11/08/2022",,"Member of the Assembly","39",1,"Public Counter",368
"AD","ED","County","EDAD Status","Event","Party/Independent Body","Office/Position Title","District Key","VoteFor","Unit Name","Tally","39","010","Queens","IN-PLAY","General Election - 11/08/2022",,"Member of the Assembly","39",1,"Manually Counted Emergency",0
"AD","ED","County","EDAD Status","Event","Party/Independent Body","Office/Position Title","District Key","VoteFor","Unit Name","Tally","39","010","Queens","IN-PLAY","General Election - 11/08/2022",,"Member of the Assembly","39",1,"Absentee / Military",20
"AD","ED","County","EDAD Status","Event","Party/Independent Body","Office/Position Title","District Key","VoteFor","Unit Name","Tally","39","010","Queens","IN-PLAY","General Election - 11/08/2022",,"Member of the Assembly","39",1,"Federal",2
"AD","ED","County","EDAD Status","Event","Party/Independent Body","Office/Position Title","District Key","VoteFor","Unit Name","Tally","39","010","Queens","IN-PLAY","General Election - 11/08/2022",,"Member of the Assembly","39",1,"Affidavit",9
"AD","ED","County","EDAD Status","Event","Party/Independent Body","Office/Position Title","District Key","VoteFor","Unit Name","Tally","39","010","Queens","IN-PLAY","General Election - 11/08/2022",,"Member of the Assembly","39",1,"Catalina Cruz (Democratic)",234
"AD","ED","County","EDAD Status","Event","Party/Independent Body","Office/Position Title","District Key","VoteFor","Unit Name","Tally","39","010","Queens","IN-PLAY","General Election - 11/08/2022",,"Member of the Assembly","39",1,"Catalina Cruz (Working Families)",80
"AD","ED","County","EDAD Status","Event","Party/Independent Body","Office/Position Title","District Key","VoteFor","Unit Name","Tally","39","010","Queens","IN-PLAY","General Election - 11/08/2022",,"Member of the Assembly","39",1,"Scattered",3
"AD","ED","County","EDAD Status","Event","Party/Independent Body","Office/Position Title","District Key","VoteFor","Unit Name","Tally","39","011","Queens","IN-PLAY","General Election - 11/08/2022",,"Member of the Assembly","39",1,"Public Counter",21
"AD","ED","County","EDAD Status","Event","Party/Independent Body","Office/Position Title","District Key","VoteFor","Unit Name","Tally","39","011","Queens","IN-PLAY","General Election - 11/08/2022",,"Member of the Assembly","39",1,"Manually Counted Emergency",0
"AD","ED","County","EDAD Status","Event","Party/Independent Body","Office/Position Title","District Key","VoteFor","Unit Name","Tally","39","011","Queens","IN-PLAY","General Election - 11/08/2022",,"Member of the Assembly","39",1,"Absentee / Military",2
"AD","ED","County","EDAD Status","Event","Party/Independent Body","Office/Position Title","District Key","VoteFor","Unit Name","Tally","39","011","Queens","IN-PLAY","General Election - 11/08/2022",,"Member of the Assembly","39",1,"Federal",0
"AD","ED","County","EDAD Status","Event","Party/Independent Body","Office/Position Title","District Key","VoteFor","Unit Name","Tally","39","011","Queens","IN-PLAY","General Election - 11/08/2022",,"Member of the Assembly","39",1,"Affidavit",0
"AD","ED","County","EDAD Status","Event","Party/Independent Body","Office/Position Title","District Key","VoteFor","Unit Name","Tally","39","011","Queens","IN-PLAY","General Election - 11/08/2022",,"Member of the Assembly","39",1,"Catalina Cruz (Democratic)",12
"AD","ED","County","EDAD Status","Event","Party/Independent Body","Office/Position Title","District Key","VoteFor","Unit Name","Tally","39","011","Queens","IN-PLAY","General Election - 11/08/2022",,"Member of the Assembly","39",1,"Catalina Cruz (Working Families)",4
"AD","ED","County","EDAD Status","Event","Party/Independent Body","Office/Position Title","District Key","VoteFor","Unit Name","Tally","39","012","Queens","IN-PLAY","General Election - 11/08/2022",,"Member of the Assembly","39",1,"Public Counter",223
"AD","ED","County","EDAD Status","Event","Party/Independent Body","Office/Position Title","District Key","VoteFor","Unit Name","Tally","39","012","Queens","IN-PLAY","General Election - 11/08/2022",,"Member of the Assembly","39",1,"Manually Counted Emergency",0
"AD","ED","County","EDAD Status","Event","Party/Independent Body","Office/Position Title","District Key","VoteFor","Unit Name","Tally","39","012","Queens","IN-PLAY","General Election - 11/08/2022",,"Member of the Assembly","39",1,"Absentee / Military",22
"AD","ED","County","EDAD Status","Event","Party/Independent Body","Office/Position Title","District Key","VoteFor","Unit Name","Tally","39","012","Queens","IN-PLAY","General Election - 11/08/2022",,"Member of the Assembly","39",1,"Federal",3
"AD","ED","County","EDAD Status","Event","Party/Independent Body","Office/Position Title","District Key","VoteFor","Unit Name","Tally","39","012","Queens","IN-PLAY","General Election - 11/08/2022",,"Member of the Assembly","39",1,"Affidavit",5
"AD","ED","County","EDAD Status","Event","Party/Independent Body","Office/Position Title","District Key","VoteFor","Unit Name","Tally","39","012","Queens","IN-PLAY","General Election - 11/08/2022",,"Member of the Assembly","39",1,"Catalina Cruz (Democratic)",157
"AD","ED","County","EDAD Status","Event","Party/Independent Body","Office/Position Title","District Key","VoteFor","Unit Name","Tally","39","012","Queens","IN-PLAY","General Election - 11/08/2022",,"Member of the Assembly","39",1,"Catalina Cruz (Working Families)",31
"AD","ED","County","EDAD Status","Event","Party/Independent Body","Office/Position Title","District Key","VoteFor","Unit Name","Tally","39","012","Queens","IN-PLAY","General Election - 11/08/2022",,"Member of the Assembly","39",1,"Scattered",2
"AD","ED","County","EDAD Status","Event","Party/Independent Body","Office/Position Title","District Key","VoteFor","Unit Name","Tally","39","013","Queens","IN-PLAY","General Election - 11/08/2022",,"Member of the Assembly","39",1,"Public Counter",163
"AD","ED","County","EDAD Status","Event","Party/Independent Body","Office/Position Title","District Key","VoteFor","Unit Name","Tally","39","013","Queens","IN-PLAY","General Election - 11/08/2022",,"Member of the Assembly","39",1,"Manually Counted Emergency",0
"AD","ED","County","EDAD Status","Event","Party/Independent Body","Office/Position Title","District Key","VoteFor","Unit Name","Tally","39","013","Queens","IN-PLAY","General Election - 11/08/2022",,"Member of the Assembly","39",1,"Absentee / Military",5
"AD","ED","County","EDAD Status","Event","Party/Independent Body","Office/Position Title","District Key","VoteFor","Unit Name","Tally","39","013","Queens","IN-PLAY","General Election - 11/08/2022",,"Member of the Assembly","39",1,"Federal",1
"AD","ED","County","EDAD Status","Event","Party/Independent Body","Office/Position Title","District Key","VoteFor","Unit Name","Tally","39","013","Queens","IN-PLAY","General Election - 11/08/2022",,"Member of the Assembly","39",1,"Affidavit",2
"AD","ED","County","EDAD Status","Event","Party/Independent Body","Office/Position Title","District Key","VoteFor","Unit Name","Tally","39","013","Queens","IN-PLAY","General Election - 11/08/2022",,"Member of the Assembly","39",1,"Catalina Cruz (Democratic)",110
"AD","ED","County","EDAD Status","Event","Party/Independent Body","Office/Position Title","District Key","VoteFor","Unit Name","Tally","39","013","Queens","IN-PLAY","General Election - 11/08/2022",,"Member of the Assembly","39",1,"Catalina Cruz (Working Families)",21
"AD","ED","County","EDAD Status","Event","Party/Independent Body","Office/Position Title","District Key","VoteFor","Unit Name","Tally","39","014","Queens","IN-PLAY","General Election - 11/08/2022",,"Member of the Assembly","39",1,"Public Counter",234
"AD","ED","County","EDAD Status","Event","Party/Independent Body","Office/Position Title","District Key","VoteFor","Unit Name","Tally","39","014","Queens","IN-PLAY","General Election - 11/08/2022",,"Member of the Assembly","39",1,"Manually Counted Emergency",0
"AD","ED","County","EDAD Status","Event","Party/Independent Body","Office/Position Title","District Key","VoteFor","Unit Name","Tally","39","014","Queens","IN-PLAY","General Election - 11/08/2022",,"Member of the Assembly","39",1,"Absentee / Military",12
"AD","ED","County","EDAD Status","Event","Party/Independent Body","Office/Position Title","District Key","VoteFor","Unit Name","Tally","39","014","Queens","IN-PLAY","General Election - 11/08/2022",,"Member of the Assembly","39",1,"Federal",3
"AD","ED","County","EDAD Status","Event","Party/Independent Body","Office/Position Title","District Key","VoteFor","Unit Name","Tally","39","014","Queens","IN-PLAY","General Election - 11/08/2022",,"Member of the Assembly","39",1,"Affidavit",3
"AD","ED","County","EDAD Status","Event","Party/Independent Body","Office/Position Title","District Key","VoteFor","Unit Name","Tally","39","014","Queens","IN-PLAY","General Election - 11/08/2022",,"Member of the Assembly","39",1,"Catalina Cruz (Democratic)",162
"AD","ED","County","EDAD Status","Event","Party/Independent Body","Office/Position Title","District Key","VoteFor","Unit Name","Tally","39","014","Queens","IN-PLAY","General Election - 11/08/2022",,"Member of the Assembly","39",1,"Catalina Cruz (Working Families)",33
"AD","ED","County","EDAD Status","Event","Party/Independent Body","Office/Position Title","District Key","VoteFor","Unit Name","Tally","39","014","Queens","IN-PLAY","General Election - 11/08/2022",,"Member of the Assembly","39",1,"Scattered",3
"AD","ED","County","EDAD Status","Event","Party/Independent Body","Office/Position Title","District Key","VoteFor","Unit Name","Tally","39","015","Queens","IN-PLAY","General Election - 11/08/2022",,"Member of the Assembly","39",1,"Public Counter",446
"AD","ED","County","EDAD Status","Event","Party/Independent Body","Office/Position Title","District Key","VoteFor","Unit Name","Tally","39","015","Queens","IN-PLAY","General Election - 11/08/2022",,"Member of the Assembly","39",1,"Manually Counted Emergency",0
"AD","ED","County","EDAD Status","Event","Party/Independent Body","Office/Position Title","District Key","VoteFor","Unit Name","Tally","39","015","Queens","IN-PLAY","General Election - 11/08/2022",,"Member of the Assembly","39",1,"Absentee / Military",14
"AD","ED","County","EDAD Status","Event","Party/Independent Body","Office/Position Title","District Key","VoteFor","Unit Name","Tally","39","015","Queens","IN-PLAY","General Election - 11/08/2022",,"Member of the Assembly","39",1,"Federal",1
"AD","ED","County","EDAD Status","Event","Party/Independent Body","Office/Position Title","District Key","VoteFor","Unit Name","Tally","39","015","Queens","IN-PLAY","General Election - 11/08/2022",,"Member of the Assembly","39",1,"Affidavit",1
"AD","ED","County","EDAD Status","Event","Party/Independent Body","Office/Position Title","District Key","VoteFor","Unit Name","Tally","39","015","Queens","IN-PLAY","General Election - 11/08/2022",,"Member of the Assembly","39",1,"Catalina Cruz (Democratic)",279
"AD","ED","County","EDAD Status","Event","Party/Independent Body","Office/Position Title","District Key","VoteFor","Unit Name","Tally","39","015","Queens","IN-PLAY","General Election - 11/08/2022",,"Member of the Assembly","39",1,"Catalina Cruz (Working Families)",62
"AD","ED","County","EDAD Status","Event","Party/Independent Body","Office/Position Title","District Key","VoteFor","Unit Name","Tally","39","015","Queens","IN-PLAY","General Election - 11/08/2022",,"Member of the Assembly","39",1,"Scattered",1
"AD","ED","County","EDAD Status","Event","Party/Independent Body","Office/Position Title","District Key","VoteFor","Unit Name","Tally","39","016","Queens","IN-PLAY","General Election - 11/08/2022",,"Member of the Assembly","39",1,"Public Counter",22
"AD","ED","County","EDAD Status","Event","Party/Independent Body","Office/Position Title","District Key","VoteFor","Unit Name","Tally","39","016","Queens","IN-PLAY","General Election - 11/08/2022",,"Member of the Assembly","39",1,"Manually Counted Emergency",0
"AD","ED","County","EDAD Status","Event","Party/Independent Body","Office/Position Title","District Key","VoteFor","Unit Name","Tally","39","016","Queens","IN-PLAY","General Election - 11/08/2022",,"Member of the Assembly","39",1,"Absentee / Military",3
"AD","ED","County","EDAD Status","Event","Party/Independent Body","Office/Position Title","District Key","VoteFor","Unit Name","Tally","39","016","Queens","IN-PLAY","General Election - 11/08/2022",,"Member of the Assembly","39",1,"Federal",0
"AD","ED","County","EDAD Status","Event","Party/Independent Body","Office/Position Title","District Key","VoteFor","Unit Name","Tally","39","016","Queens","IN-PLAY","General Election - 11/08/2022",,"Member of the Assembly","39",1,"Affidavit",1
"AD","ED","County","EDAD Status","Event","Party/Independent Body","Office/Position Title","District Key","VoteFor","Unit Name","Tally","39","016","Queens","IN-PLAY","General Election - 11/08/2022",,"Member of the Assembly","39",1,"Catalina Cruz (Democratic)",17
"AD","ED","County","EDAD Status","Event","Party/Independent Body","Office/Position Title","District Key","VoteFor","Unit Name","Tally","39","016","Queens","IN-PLAY","General Election - 11/08/2022",,"Member of the Assembly","39",1,"Catalina Cruz (Working Families)",3
"AD","ED","County","EDAD Status","Event","Party/Independent Body","Office/Position Title","District Key","VoteFor","Unit Name","Tally","39","017","Queens","IN-PLAY","General Election - 11/08/2022",,"Member of the Assembly","39",1,"Public Counter",59
"AD","ED","County","EDAD Status","Event","Party/Independent Body","Office/Position Title","District Key","VoteFor","Unit Name","Tally","39","017","Queens","IN-PLAY","General Election - 11/08/2022",,"Member of the Assembly","39",1,"Manually Counted Emergency",0
"AD","ED","County","EDAD Status","Event","Party/Independent Body","Office/Position Title","District Key","VoteFor","Unit Name","Tally","39","017","Queens","IN-PLAY","General Election - 11/08/2022",,"Member of the Assembly","39",1,"Absentee / Military",1
"AD","ED","County","EDAD Status","Event","Party/Independent Body","Office/Position Title","District Key","VoteFor","Unit Name","Tally","39","017","Queens","IN-PLAY","General Election - 11/08/2022",,"Member of the Assembly","39",1,"Federal",1
"AD","ED","County","EDAD Status","Event","Party/Independent Body","Office/Position Title","District Key","VoteFor","Unit Name","Tally","39","017","Queens","IN-PLAY","General Election - 11/08/2022",,"Member of the Assembly","39",1,"Affidavit",1
"AD","ED","County","EDAD Status","Event","Party/Independent Body","Office/Position Title","District Key","VoteFor","Unit Name","Tally","39","017","Queens","IN-PLAY","General Election - 11/08/2022",,"Member of the Assembly","39",1,"Catalina Cruz (Democratic)",38
"AD","ED","County","EDAD Status","Event","Party/Independent Body","Office/Position Title","District Key","VoteFor","Unit Name","Tally","39","017","Queens","IN-PLAY","General Election - 11/08/2022",,"Member of the Assembly","39",1,"Catalina Cruz (Working Families)",7
"AD","ED","County","EDAD Status","Event","Party/Independent Body","Office/Position Title","District Key","VoteFor","Unit Name","Tally","39","018","Queens","IN-PLAY","General Election - 11/08/2022",,"Member of the Assembly","39",1,"Public Counter",372
"AD","ED","County","EDAD Status","Event","Party/Independent Body","Office/Position Title","District Key","VoteFor","Unit Name","Tally","39","018","Queens","IN-PLAY","General Election - 11/08/2022",,"Member of the Assembly","39",1,"Manually Counted Emergency",0
"AD","ED","County","EDAD Status","Event","Party/Independent Body","Office/Position Title","District Key","VoteFor","Unit Name","Tally","39","018","Queens","IN-PLAY","General Election - 11/08/2022",,"Member of the Assembly","39",1,"Absentee / Military",22
"AD","ED","County","EDAD Status","Event","Party/Independent Body","Office/Position Title","District Key","VoteFor","Unit Name","Tally","39","018","Queens","IN-PLAY","General Election - 11/08/2022",,"Member of the Assembly","39",1,"Federal",2
"AD","ED","County","EDAD Status","Event","Party/Independent Body","Office/Position Title","District Key","VoteFor","Unit Name","Tally","39","018","Queens","IN-PLAY","General Election - 11/08/2022",,"Member of the Assembly","39",1,"Affidavit",4
"AD","ED","County","EDAD Status","Event","Party/Independent Body","Office/Position Title","District Key","VoteFor","Unit Name","Tally","39","018","Queens","IN-PLAY","General Election - 11/08/2022",,"Member of the Assembly","39",1,"Catalina Cruz (Democratic)",253
"AD","ED","County","EDAD Status","Event","Party/Independent Body","Office/Position Title","District Key","VoteFor","Unit Name","Tally","39","018","Queens","IN-PLAY","General Election - 11/08/2022",,"Member of the Assembly","39",1,"Catalina Cruz (Working Families)",27
"AD","ED","County","EDAD Status","Event","Party/Independent Body","Office/Position Title","District Key","VoteFor","Unit Name","Tally","39","018","Queens","IN-PLAY","General Election - 11/08/2022",,"Member of the Assembly","39",1,"Scattered",3
"AD","ED","County","EDAD Status","Event","Party/Independent Body","Office/Position Title","District Key","VoteFor","Unit Name","Tally","39","019","Queens","IN-PLAY","General Election - 11/08/2022",,"Member of the Assembly","39",1,"Public Counter",444
"AD","ED","County","EDAD Status","Event","Party/Independent Body","Office/Position Title","District Key","VoteFor","Unit Name","Tally","39","019","Queens","IN-PLAY","General Election - 11/08/2022",,"Member of the Assembly","39",1,"Manually Counted Emergency",0
"AD","ED","County","EDAD Status","Event","Party/Independent Body","Office/Position Title","District Key","VoteFor","Unit Name","Tally","39","019","Queens","IN-PLAY","General Election - 11/08/2022",,"Member of the Assembly","39",1,"Absentee / Military",30
"AD","ED","County","EDAD Status","Event","Party/Independent Body","Office/Position Title","District Key","VoteFor","Unit Name","Tally","39","019","Queens","IN-PLAY","General Election - 11/08/2022",,"Member of the Assembly","39",1,"Federal",1
"AD","ED","County","EDAD Status","Event","Party/Independent Body","Office/Position Title","District Key","VoteFor","Unit Name","Tally","39","019","Queens","IN-PLAY","General Election - 11/08/2022",,"Member of the Assembly","39",1,"Affidavit",3
"AD","ED","County","EDAD Status","Event","Party/Independent Body","Office/Position Title","District Key","VoteFor","Unit Name","Tally","39","019","Queens","IN-PLAY","General Election - 11/08/2022",,"Member of the Assembly","39",1,"Catalina Cruz (Democratic)",291
"AD","ED","County","EDAD Status","Event","Party/Independent Body","Office/Position Title","District Key","VoteFor","Unit Name","Tally","39","019","Queens","IN-PLAY","General Election - 11/08/2022",,"Member of the Assembly","39",1,"Catalina Cruz (Working Families)",56
"AD","ED","County","EDAD Status","Event","Party/Independent Body","Office/Position Title","District Key","VoteFor","Unit Name","Tally","39","019","Queens","IN-PLAY","General Election - 11/08/2022",,"Member of the Assembly","39",1,"Scattered",6
"AD","ED","County","EDAD Status","Event","Party/Independent Body","Office/Position Title","District Key","VoteFor","Unit Name","Tally","39","020","Queens","IN-PLAY","General Election - 11/08/2022",,"Member of the Assembly","39",1,"Public Counter",75
"AD","ED","County","EDAD Status","Event","Party/Independent Body","Office/Position Title","District Key","VoteFor","Unit Name","Tally","39","020","Queens","IN-PLAY","General Election - 11/08/2022",,"Member of the Assembly","39",1,"Manually Counted Emergency",0
"AD","ED","County","EDAD Status","Event","Party/Independent Body","Office/Position Title","District Key","VoteFor","Unit Name","Tally","39","020","Queens","IN-PLAY","General Election - 11/08/2022",,"Member of the Assembly","39",1,"Absentee / Military",3
"AD","ED","County","EDAD Status","Event","Party/Independent Body","Office/Position Title","District Key","VoteFor","Unit Name","Tally","39","020","Queens","IN-PLAY","General Election - 11/08/2022",,"Member of the Assembly","39",1,"Federal",0
"AD","ED","County","EDAD Status","Event","Party/Independent Body","Office/Position Title","District Key","VoteFor","Unit Name","Tally","39","020","Queens","IN-PLAY","General Election - 11/08/2022",,"Member of the Assembly","39",1,"Affidavit",3
"AD","ED","County","EDAD Status","Event","Party/Independent Body","Office/Position Title","District Key","VoteFor","Unit Name","Tally","39","020","Queens","IN-PLAY","General Election - 11/08/2022",,"Member of the Assembly","39",1,"Catalina Cruz (Democratic)",52
"AD","ED","County","EDAD Status","Event","Party/Independent Body","Office/Position Title","District Key","VoteFor","Unit Name","Tally","39","020","Queens","IN-PLAY","General Election - 11/08/2022",,"Member of the Assembly","39",1,"Catalina Cruz (Working Families)",7
"AD","ED","County","EDAD Status","Event","Party/Independent Body","Office/Position Title","District Key","VoteFor","Unit Name","Tally","39","020","Queens","IN-PLAY","General Election - 11/08/2022",,"Member of the Assembly","39",1,"Scattered",1
"AD","ED","County","EDAD Status","Event","Party/Independent Body","Office/Position Title","District Key","VoteFor","Unit Name","Tally","39","021","Queens","IN-PLAY","General Election - 11/08/2022",,"Member of the Assembly","39",1,"Public Counter",207
"AD","ED","County","EDAD Status","Event","Party/Independent Body","Office/Position Title","District Key","VoteFor","Unit Name","Tally","39","021","Queens","IN-PLAY","General Election - 11/08/2022",,"Member of the Assembly","39",1,"Manually Counted Emergency",0
"AD","ED","County","EDAD Status","Event","Party/Independent Body","Office/Position Title","District Key","VoteFor","Unit Name","Tally","39","021","Queens","IN-PLAY","General Election - 11/08/2022",,"Member of the Assembly","39",1,"Absentee / Military",14
"AD","ED","County","EDAD Status","Event","Party/Independent Body","Office/Position Title","District Key","VoteFor","Unit Name","Tally","39","021","Queens","IN-PLAY","General Election - 11/08/2022",,"Member of the Assembly","39",1,"Federal",0
"AD","ED","County","EDAD Status","Event","Party/Independent Body","Office/Position Title","District Key","VoteFor","Unit Name","Tally","39","021","Queens","IN-PLAY","General Election - 11/08/2022",,"Member of the Assembly","39",1,"Affidavit",4
"AD","ED","County","EDAD Status","Event","Party/Independent Body","Office/Position Title","District Key","VoteFor","Unit Name","Tally","39","021","Queens","IN-PLAY","General Election - 11/08/2022",,"Member of the Assembly","39",1,"Catalina Cruz (Democratic)",136
"AD","ED","County","EDAD Status","Event","Party/Independent Body","Office/Position Title","District Key","VoteFor","Unit Name","Tally","39","021","Queens","IN-PLAY","General Election - 11/08/2022",,"Member of the Assembly","39",1,"Catalina Cruz (Working Families)",29
"AD","ED","County","EDAD Status","Event","Party/Independent Body","Office/Position Title","District Key","VoteFor","Unit Name","Tally","39","021","Queens","IN-PLAY","General Election - 11/08/2022",,"Member of the Assembly","39",1,"Scattered",1
"AD","ED","County","EDAD Status","Event","Party/Independent Body","Office/Position Title","District Key","VoteFor","Unit Name","Tally","39","022","Queens","IN-PLAY","General Election - 11/08/2022",,"Member of the Assembly","39",1,"Public Counter",265
"AD","ED","County","EDAD Status","Event","Party/Independent Body","Office/Position Title","District Key","VoteFor","Unit Name","Tally","39","022","Queens","IN-PLAY","General Election - 11/08/2022",,"Member of the Assembly","39",1,"Manually Counted Emergency",0
"AD","ED","County","EDAD Status","Event","Party/Independent Body","Office/Position Title","District Key","VoteFor","Unit Name","Tally","39","022","Queens","IN-PLAY","General Election - 11/08/2022",,"Member of the Assembly","39",1,"Absentee / Military",22
"AD","ED","County","EDAD Status","Event","Party/Independent Body","Office/Position Title","District Key","VoteFor","Unit Name","Tally","39","022","Queens","IN-PLAY","General Election - 11/08/2022",,"Member of the Assembly","39",1,"Federal",0
"AD","ED","County","EDAD Status","Event","Party/Independent Body","Office/Position Title","District Key","VoteFor","Unit Name","Tally","39","022","Queens","IN-PLAY","General Election - 11/08/2022",,"Member of the Assembly","39",1,"Affidavit",7
"AD","ED","County","EDAD Status","Event","Party/Independent Body","Office/Position Title","District Key","VoteFor","Unit Name","Tally","39","022","Queens","IN-PLAY","General Election - 11/08/2022",,"Member of the Assembly","39",1,"Catalina Cruz (Democratic)",174
"AD","ED","County","EDAD Status","Event","Party/Independent Body","Office/Position Title","District Key","VoteFor","Unit Name","Tally","39","022","Queens","IN-PLAY","General Election - 11/08/2022",,"Member of the Assembly","39",1,"Catalina Cruz (Working Families)",28
"AD","ED","County","EDAD Status","Event","Party/Independent Body","Office/Position Title","District Key","VoteFor","Unit Name","Tally","39","022","Queens","IN-PLAY","General Election - 11/08/2022",,"Member of the Assembly","39",1,"Scattered",4
"AD","ED","County","EDAD Status","Event","Party/Independent Body","Office/Position Title","District Key","VoteFor","Unit Name","Tally","39","023","Queens","IN-PLAY","General Election - 11/08/2022",,"Member of the Assembly","39",1,"Public Counter",244
"AD","ED","County","EDAD Status","Event","Party/Independent Body","Office/Position Title","District Key","VoteFor","Unit Name","Tally","39","023","Queens","IN-PLAY","General Election - 11/08/2022",,"Member of the Assembly","39",1,"Manually Counted Emergency",0
"AD","ED","County","EDAD Status","Event","Party/Independent Body","Office/Position Title","District Key","VoteFor","Unit Name","Tally","39","023","Queens","IN-PLAY","General Election - 11/08/2022",,"Member of the Assembly","39",1,"Absentee / Military",13
"AD","ED","County","EDAD Status","Event","Party/Independent Body","Office/Position Title","District Key","VoteFor","Unit Name","Tally","39","023","Queens","IN-PLAY","General Election - 11/08/2022",,"Member of the Assembly","39",1,"Federal",1
"AD","ED","County","EDAD Status","Event","Party/Independent Body","Office/Position Title","District Key","VoteFor","Unit Name","Tally","39","023","Queens","IN-PLAY","General Election - 11/08/2022",,"Member of the Assembly","39",1,"Affidavit",0
"AD","ED","County","EDAD Status","Event","Party/Independent Body","Office/Position Title","District Key","VoteFor","Unit Name","Tally","39","023","Queens","IN-PLAY","General Election - 11/08/2022",,"Member of the Assembly","39",1,"Catalina Cruz (Democratic)",155
"AD","ED","County","EDAD Status","Event","Party/Independent Body","Office/Position Title","District Key","VoteFor","Unit Name","Tally","39","023","Queens","IN-PLAY","General Election - 11/08/2022",,"Member of the Assembly","39",1,"Catalina Cruz (Working Families)",22
"AD","ED","County","EDAD Status","Event","Party/Independent Body","Office/Position Title","District Key","VoteFor","Unit Name","Tally","39","023","Queens","IN-PLAY","General Election - 11/08/2022",,"Member of the Assembly","39",1,"Scattered",6
"AD","ED","County","EDAD Status","Event","Party/Independent Body","Office/Position Title","District Key","VoteFor","Unit Name","Tally","39","024","Queens","IN-PLAY","General Election - 11/08/2022",,"Member of the Assembly","39",1,"Public Counter",221
"AD","ED","County","EDAD Status","Event","Party/Independent Body","Office/Position Title","District Key","VoteFor","Unit Name","Tally","39","024","Queens","IN-PLAY","General Election - 11/08/2022",,"Member of the Assembly","39",1,"Manually Counted Emergency",0
"AD","ED","County","EDAD Status","Event","Party/Independent Body","Office/Position Title","District Key","VoteFor","Unit Name","Tally","39","024","Queens","IN-PLAY","General Election - 11/08/2022",,"Member of the Assembly","39",1,"Absentee / Military",8
"AD","ED","County","EDAD Status","Event","Party/Independent Body","Office/Position Title","District Key","VoteFor","Unit Name","Tally","39","024","Queens","IN-PLAY","General Election - 11/08/2022",,"Member of the Assembly","39",1,"Federal",0
"AD","ED","County","EDAD Status","Event","Party/Independent Body","Office/Position Title","District Key","VoteFor","Unit Name","Tally","39","024","Queens","IN-PLAY","General Election - 11/08/2022",,"Member of the Assembly","39",1,"Affidavit",2
"AD","ED","County","EDAD Status","Event","Party/Independent Body","Office/Position Title","District Key","VoteFor","Unit Name","Tally","39","024","Queens","IN-PLAY","General Election - 11/08/2022",,"Member of the Assembly","39",1,"Catalina Cruz (Democratic)",142
"AD","ED","County","EDAD Status","Event","Party/Independent Body","Office/Position Title","District Key","VoteFor","Unit Name","Tally","39","024","Queens","IN-PLAY","General Election - 11/08/2022",,"Member of the Assembly","39",1,"Catalina Cruz (Working Families)",28
"AD","ED","County","EDAD Status","Event","Party/Independent Body","Office/Position Title","District Key","VoteFor","Unit Name","Tally","39","024","Queens","IN-PLAY","General Election - 11/08/2022",,"Member of the Assembly","39",1,"Scattered",2
"AD","ED","County","EDAD Status","Event","Party/Independent Body","Office/Position Title","District Key","VoteFor","Unit Name","Tally","39","025","Queens","IN-PLAY","General Election - 11/08/2022",,"Member of the Assembly","39",1,"Public Counter",351
"AD","ED","County","EDAD Status","Event","Party/Independent Body","Office/Position Title","District Key","VoteFor","Unit Name","Tally","39","025","Queens","IN-PLAY","General Election - 11/08/2022",,"Member of the Assembly","39",1,"Manually Counted Emergency",0
"AD","ED","County","EDAD Status","Event","Party/Independent Body","Office/Position Title","District Key","VoteFor","Unit Name","Tally","39","025","Queens","IN-PLAY","General Election - 11/08/2022",,"Member of the Assembly","39",1,"Absentee / Military",34
"AD","ED","County","EDAD Status","Event","Party/Independent Body","Office/Position Title","District Key","VoteFor","Unit Name","Tally","39","025","Queens","IN-PLAY","General Election - 11/08/2022",,"Member of the Assembly","39",1,"Federal",1
"AD","ED","County","EDAD Status","Event","Party/Independent Body","Office/Position Title","District Key","VoteFor","Unit Name","Tally","39","025","Queens","IN-PLAY","General Election - 11/08/2022",,"Member of the Assembly","39",1,"Affidavit",8
"AD","ED","County","EDAD Status","Event","Party/Independent Body","Office/Position Title","District Key","VoteFor","Unit Name","Tally","39","025","Queens","IN-PLAY","General Election - 11/08/2022",,"Member of the Assembly","39",1,"Catalina Cruz (Democratic)",251
"AD","ED","County","EDAD Status","Event","Party/Independent Body","Office/Position Title","District Key","VoteFor","Unit Name","Tally","39","025","Queens","IN-PLAY","General Election - 11/08/2022",,"Member of the Assembly","39",1,"Catalina Cruz (Working Families)",34
"AD","ED","County","EDAD Status","Event","Party/Independent Body","Office/Position Title","District Key","VoteFor","Unit Name","Tally","39","025","Queens","IN-PLAY","General Election - 11/08/2022",,"Member of the Assembly","39",1,"Scattered",5
"AD","ED","County","EDAD Status","Event","Party/Independent Body","Office/Position Title","District Key","VoteFor","Unit Name","Tally","39","026","Queens","IN-PLAY","General Election - 11/08/2022",,"Member of the Assembly","39",1,"Public Counter",353
"AD","ED","County","EDAD Status","Event","Party/Independent Body","Office/Position Title","District Key","VoteFor","Unit Name","Tally","39","026","Queens","IN-PLAY","General Election - 11/08/2022",,"Member of the Assembly","39",1,"Manually Counted Emergency",0
"AD","ED","County","EDAD Status","Event","Party/Independent Body","Office/Position Title","District Key","VoteFor","Unit Name","Tally","39","026","Queens","IN-PLAY","General Election - 11/08/2022",,"Member of the Assembly","39",1,"Absentee / Military",17
"AD","ED","County","EDAD Status","Event","Party/Independent Body","Office/Position Title","District Key","VoteFor","Unit Name","Tally","39","026","Queens","IN-PLAY","General Election - 11/08/2022",,"Member of the Assembly","39",1,"Federal",3
"AD","ED","County","EDAD Status","Event","Party/Independent Body","Office/Position Title","District Key","VoteFor","Unit Name","Tally","39","026","Queens","IN-PLAY","General Election - 11/08/2022",,"Member of the Assembly","39",1,"Affidavit",4
"AD","ED","County","EDAD Status","Event","Party/Independent Body","Office/Position Title","District Key","VoteFor","Unit Name","Tally","39","026","Queens","IN-PLAY","General Election - 11/08/2022",,"Member of the Assembly","39",1,"Catalina Cruz (Democratic)",225
"AD","ED","County","EDAD Status","Event","Party/Independent Body","Office/Position Title","District Key","VoteFor","Unit Name","Tally","39","026","Queens","IN-PLAY","General Election - 11/08/2022",,"Member of the Assembly","39",1,"Catalina Cruz (Working Families)",40
"AD","ED","County","EDAD Status","Event","Party/Independent Body","Office/Position Title","District Key","VoteFor","Unit Name","Tally","39","026","Queens","IN-PLAY","General Election - 11/08/2022",,"Member of the Assembly","39",1,"Scattered",3
"AD","ED","County","EDAD Status","Event","Party/Independent Body","Office/Position Title","District Key","VoteFor","Unit Name","Tally","39","027","Queens","IN-PLAY","General Election - 11/08/2022",,"Member of the Assembly","39",1,"Public Counter",189
"AD","ED","County","EDAD Status","Event","Party/Independent Body","Office/Position Title","District Key","VoteFor","Unit Name","Tally","39","027","Queens","IN-PLAY","General Election - 11/08/2022",,"Member of the Assembly","39",1,"Manually Counted Emergency",0
"AD","ED","County","EDAD Status","Event","Party/Independent Body","Office/Position Title","District Key","VoteFor","Unit Name","Tally","39","027","Queens","IN-PLAY","General Election - 11/08/2022",,"Member of the Assembly","39",1,"Absentee / Military",6
"AD","ED","County","EDAD Status","Event","Party/Independent Body","Office/Position Title","District Key","VoteFor","Unit Name","Tally","39","027","Queens","IN-PLAY","General Election - 11/08/2022",,"Member of the Assembly","39",1,"Federal",0
"AD","ED","County","EDAD Status","Event","Party/Independent Body","Office/Position Title","District Key","VoteFor","Unit Name","Tally","39","027","Queens","IN-PLAY","General Election - 11/08/2022",,"Member of the Assembly","39",1,"Affidavit",3
"AD","ED","County","EDAD Status","Event","Party/Independent Body","Office/Position Title","District Key","VoteFor","Unit Name","Tally","39","027","Queens","IN-PLAY","General Election - 11/08/2022",,"Member of the Assembly","39",1,"Catalina Cruz (Democratic)",118
"AD","ED","County","EDAD Status","Event","Party/Independent Body","Office/Position Title","District Key","VoteFor","Unit Name","Tally","39","027","Queens","IN-PLAY","General Election - 11/08/2022",,"Member of the Assembly","39",1,"Catalina Cruz (Working Families)",12
"AD","ED","County","EDAD Status","Event","Party/Independent Body","Office/Position Title","District Key","VoteFor","Unit Name","Tally","39","027","Queens","IN-PLAY","General Election - 11/08/2022",,"Member of the Assembly","39",1,"Scattered",2
"AD","ED","County","EDAD Status","Event","Party/Independent Body","Office/Position Title","District Key","VoteFor","Unit Name","Tally","39","028","Queens","IN-PLAY","General Election - 11/08/2022",,"Member of the Assembly","39",1,"Public Counter",719
"AD","ED","County","EDAD Status","Event","Party/Independent Body","Office/Position Title","District Key","VoteFor","Unit Name","Tally","39","028","Queens","IN-PLAY","General Election - 11/08/2022",,"Member of the Assembly","39",1,"Manually Counted Emergency",0
"AD","ED","County","EDAD Status","Event","Party/Independent Body","Office/Position Title","District Key","VoteFor","Unit Name","Tally","39","028","Queens","IN-PLAY","General Election - 11/08/2022",,"Member of the Assembly","39",1,"Absentee / Military",44
"AD","ED","County","EDAD Status","Event","Party/Independent Body","Office/Position Title","District Key","VoteFor","Unit Name","Tally","39","028","Queens","IN-PLAY","General Election - 11/08/2022",,"Member of the Assembly","39",1,"Federal",5
"AD","ED","County","EDAD Status","Event","Party/Independent Body","Office/Position Title","District Key","VoteFor","Unit Name","Tally","39","028","Queens","IN-PLAY","General Election - 11/08/2022",,"Member of the Assembly","39",1,"Affidavit",3
"AD","ED","County","EDAD Status","Event","Party/Independent Body","Office/Position Title","District Key","VoteFor","Unit Name","Tally","39","028","Queens","IN-PLAY","General Election - 11/08/2022",,"Member of the Assembly","39",1,"Catalina Cruz (Democratic)",295
"AD","ED","County","EDAD Status","Event","Party/Independent Body","Office/Position Title","District Key","VoteFor","Unit Name","Tally","39","028","Queens","IN-PLAY","General Election - 11/08/2022",,"Member of the Assembly","39",1,"Catalina Cruz (Working Families)",84
"AD","ED","County","EDAD Status","Event","Party/Independent Body","Office/Position Title","District Key","VoteFor","Unit Name","Tally","39","028","Queens","IN-PLAY","General Election - 11/08/2022",,"Member of the Assembly","39",1,"Scattered",10
"AD","ED","County","EDAD Status","Event","Party/Independent Body","Office/Position Title","District Key","VoteFor","Unit Name","Tally","39","029","Queens","IN-PLAY","General Election - 11/08/2022",,"Member of the Assembly","39",1,"Public Counter",178
"AD","ED","County","EDAD Status","Event","Party/Independent Body","Office/Position Title","District Key","VoteFor","Unit Name","Tally","39","029","Queens","IN-PLAY","General Election - 11/08/2022",,"Member of the Assembly","39",1,"Manually Counted Emergency",0
"AD","ED","County","EDAD Status","Event","Party/Independent Body","Office/Position Title","District Key","VoteFor","Unit Name","Tally","39","029","Queens","IN-PLAY","General Election - 11/08/2022",,"Member of the Assembly","39",1,"Absentee / Military",5
"AD","ED","County","EDAD Status","Event","Party/Independent Body","Office/Position Title","District Key","VoteFor","Unit Name","Tally","39","029","Queens","IN-PLAY","General Election - 11/08/2022",,"Member of the Assembly","39",1,"Federal",0
"AD","ED","County","EDAD Status","Event","Party/Independent Body","Office/Position Title","District Key","VoteFor","Unit Name","Tally","39","029","Queens","IN-PLAY","General Election - 11/08/2022",,"Member of the Assembly","39",1,"Affidavit",1
"AD","ED","County","EDAD Status","Event","Party/Independent Body","Office/Position Title","District Key","VoteFor","Unit Name","Tally","39","029","Queens","IN-PLAY","General Election - 11/08/2022",,"Member of the Assembly","39",1,"Catalina Cruz (Democratic)",128
"AD","ED","County","EDAD Status","Event","Party/Independent Body","Office/Position Title","District Key","VoteFor","Unit Name","Tally","39","029","Queens","IN-PLAY","General Election - 11/08/2022",,"Member of the Assembly","39",1,"Catalina Cruz (Working Families)",11
"AD","ED","County","EDAD Status","Event","Party/Independent Body","Office/Position Title","District Key","VoteFor","Unit Name","Tally","39","029","Queens","IN-PLAY","General Election - 11/08/2022",,"Member of the Assembly","39",1,"Scattered",2
"AD","ED","County","EDAD Status","Event","Party/Independent Body","Office/Position Title","District Key","VoteFor","Unit Name","Tally","39","030","Queens","IN-PLAY","General Election - 11/08/2022",,"Member of the Assembly","39",1,"Public Counter",255
"AD","ED","County","EDAD Status","Event","Party/Independent Body","Office/Position Title","District Key","VoteFor","Unit Name","Tally","39","030","Queens","IN-PLAY","General Election - 11/08/2022",,"Member of the Assembly","39",1,"Manually Counted Emergency",0
"AD","ED","County","EDAD Status","Event","Party/Independent Body","Office/Position Title","District Key","VoteFor","Unit Name","Tally","39","030","Queens","IN-PLAY","General Election - 11/08/2022",,"Member of the Assembly","39",1,"Absentee / Military",11
"AD","ED","County","EDAD Status","Event","Party/Independent Body","Office/Position Title","District Key","VoteFor","Unit Name","Tally","39","030","Queens","IN-PLAY","General Election - 11/08/2022",,"Member of the Assembly","39",1,"Federal",1
"AD","ED","County","EDAD Status","Event","Party/Independent Body","Office/Position Title","District Key","VoteFor","Unit Name","Tally","39","030","Queens","IN-PLAY","General Election - 11/08/2022",,"Member of the Assembly","39",1,"Affidavit",0
"AD","ED","County","EDAD Status","Event","Party/Independent Body","Office/Position Title","District Key","VoteFor","Unit Name","Tally","39","030","Queens","IN-PLAY","General Election - 11/08/2022",,"Member of the Assembly","39",1,"Catalina Cruz (Democratic)",149
"AD","ED","County","EDAD Status","Event","Party/Independent Body","Office/Position Title","District Key","VoteFor","Unit Name","Tally","39","030","Queens","IN-PLAY","General Election - 11/08/2022",,"Member of the Assembly","39",1,"Catalina Cruz (Working Families)",23
"AD","ED","County","EDAD Status","Event","Party/Independent Body","Office/Position Title","District Key","VoteFor","Unit Name","Tally","39","030","Queens","IN-PLAY","General Election - 11/08/2022",,"Member of the Assembly","39",1,"Scattered",4
"AD","ED","County","EDAD Status","Event","Party/Independent Body","Office/Position Title","District Key","VoteFor","Unit Name","Tally","39","031","Queens","IN-PLAY","General Election - 11/08/2022",,"Member of the Assembly","39",1,"Public Counter",208
"AD","ED","County","EDAD Status","Event","Party/Independent Body","Office/Position Title","District Key","VoteFor","Unit Name","Tally","39","031","Queens","IN-PLAY","General Election - 11/08/2022",,"Member of the Assembly","39",1,"Manually Counted Emergency",0
"AD","ED","County","EDAD Status","Event","Party/Independent Body","Office/Position Title","District Key","VoteFor","Unit Name","Tally","39","031","Queens","IN-PLAY","General Election - 11/08/2022",,"Member of the Assembly","39",1,"Absentee / Military",10
"AD","ED","County","EDAD Status","Event","Party/Independent Body","Office/Position Title","District Key","VoteFor","Unit Name","Tally","39","031","Queens","IN-PLAY","General Election - 11/08/2022",,"Member of the Assembly","39",1,"Federal",2
"AD","ED","County","EDAD Status","Event","Party/Independent Body","Office/Position Title","District Key","VoteFor","Unit Name","Tally","39","031","Queens","IN-PLAY","General Election - 11/08/2022",,"Member of the Assembly","39",1,"Affidavit",0
"AD","ED","County","EDAD Status","Event","Party/Independent Body","Office/Position Title","District Key","VoteFor","Unit Name","Tally","39","031","Queens","IN-PLAY","General Election - 11/08/2022",,"Member of the Assembly","39",1,"Catalina Cruz (Democratic)",140
"AD","ED","County","EDAD Status","Event","Party/Independent Body","Office/Position Title","District Key","VoteFor","Unit Name","Tally","39","031","Queens","IN-PLAY","General Election - 11/08/2022",,"Member of the Assembly","39",1,"Catalina Cruz (Working Families)",22
"AD","ED","County","EDAD Status","Event","Party/Independent Body","Office/Position Title","District Key","VoteFor","Unit Name","Tally","39","031","Queens","IN-PLAY","General Election - 11/08/2022",,"Member of the Assembly","39",1,"Scattered",2
"AD","ED","County","EDAD Status","Event","Party/Independent Body","Office/Position Title","District Key","VoteFor","Unit Name","Tally","39","032","Queens","IN-PLAY","General Election - 11/08/2022",,"Member of the Assembly","39",1,"Public Counter",372
"AD","ED","County","EDAD Status","Event","Party/Independent Body","Office/Position Title","District Key","VoteFor","Unit Name","Tally","39","032","Queens","IN-PLAY","General Election - 11/08/2022",,"Member of the Assembly","39",1,"Manually Counted Emergency",0
"AD","ED","County","EDAD Status","Event","Party/Independent Body","Office/Position Title","District Key","VoteFor","Unit Name","Tally","39","032","Queens","IN-PLAY","General Election - 11/08/2022",,"Member of the Assembly","39",1,"Absentee / Military",9
"AD","ED","County","EDAD Status","Event","Party/Independent Body","Office/Position Title","District Key","VoteFor","Unit Name","Tally","39","032","Queens","IN-PLAY","General Election - 11/08/2022",,"Member of the Assembly","39",1,"Federal",2
"AD","ED","County","EDAD Status","Event","Party/Independent Body","Office/Position Title","District Key","VoteFor","Unit Name","Tally","39","032","Queens","IN-PLAY","General Election - 11/08/2022",,"Member of the Assembly","39",1,"Affidavit",4
"AD","ED","County","EDAD Status","Event","Party/Independent Body","Office/Position Title","District Key","VoteFor","Unit Name","Tally","39","032","Queens","IN-PLAY","General Election - 11/08/2022",,"Member of the Assembly","39",1,"Catalina Cruz (Democratic)",206
"AD","ED","County","EDAD Status","Event","Party/Independent Body","Office/Position Title","District Key","VoteFor","Unit Name","Tally","39","032","Queens","IN-PLAY","General Election - 11/08/2022",,"Member of the Assembly","39",1,"Catalina Cruz (Working Families)",25
"AD","ED","County","EDAD Status","Event","Party/Independent Body","Office/Position Title","District Key","VoteFor","Unit Name","Tally","39","032","Queens","IN-PLAY","General Election - 11/08/2022",,"Member of the Assembly","39",1,"Scattered",6
"AD","ED","County","EDAD Status","Event","Party/Independent Body","Office/Position Title","District Key","VoteFor","Unit Name","Tally","39","033","Queens","IN-PLAY","General Election - 11/08/2022",,"Member of the Assembly","39",1,"Public Counter",251
"AD","ED","County","EDAD Status","Event","Party/Independent Body","Office/Position Title","District Key","VoteFor","Unit Name","Tally","39","033","Queens","IN-PLAY","General Election - 11/08/2022",,"Member of the Assembly","39",1,"Manually Counted Emergency",0
"AD","ED","County","EDAD Status","Event","Party/Independent Body","Office/Position Title","District Key","VoteFor","Unit Name","Tally","39","033","Queens","IN-PLAY","General Election - 11/08/2022",,"Member of the Assembly","39",1,"Absentee / Military",9
"AD","ED","County","EDAD Status","Event","Party/Independent Body","Office/Position Title","District Key","VoteFor","Unit Name","Tally","39","033","Queens","IN-PLAY","General Election - 11/08/2022",,"Member of the Assembly","39",1,"Federal",4
"AD","ED","County","EDAD Status","Event","Party/Independent Body","Office/Position Title","District Key","VoteFor","Unit Name","Tally","39","033","Queens","IN-PLAY","General Election - 11/08/2022",,"Member of the Assembly","39",1,"Affidavit",2
"AD","ED","County","EDAD Status","Event","Party/Independent Body","Office/Position Title","District Key","VoteFor","Unit Name","Tally","39","033","Queens","IN-PLAY","General Election - 11/08/2022",,"Member of the Assembly","39",1,"Catalina Cruz (Democratic)",134
"AD","ED","County","EDAD Status","Event","Party/Independent Body","Office/Position Title","District Key","VoteFor","Unit Name","Tally","39","033","Queens","IN-PLAY","General Election - 11/08/2022",,"Member of the Assembly","39",1,"Catalina Cruz (Working Families)",27
"AD","ED","County","EDAD Status","Event","Party/Independent Body","Office/Position Title","District Key","VoteFor","Unit Name","Tally","39","033","Queens","IN-PLAY","General Election - 11/08/2022",,"Member of the Assembly","39",1,"Scattered",4
"AD","ED","County","EDAD Status","Event","Party/Independent Body","Office/Position Title","District Key","VoteFor","Unit Name","Tally","39","034","Queens","IN-PLAY","General Election - 11/08/2022",,"Member of the Assembly","39",1,"Public Counter",227
"AD","ED","County","EDAD Status","Event","Party/Independent Body","Office/Position Title","District Key","VoteFor","Unit Name","Tally","39","034","Queens","IN-PLAY","General Election - 11/08/2022",,"Member of the Assembly","39",1,"Manually Counted Emergency",0
"AD","ED","County","EDAD Status","Event","Party/Independent Body","Office/Position Title","District Key","VoteFor","Unit Name","Tally","39","034","Queens","IN-PLAY","General Election - 11/08/2022",,"Member of the Assembly","39",1,"Absentee / Military",10
"AD","ED","County","EDAD Status","Event","Party/Independent Body","Office/Position Title","District Key","VoteFor","Unit Name","Tally","39","034","Queens","IN-PLAY","General Election - 11/08/2022",,"Member of the Assembly","39",1,"Federal",0
"AD","ED","County","EDAD Status","Event","Party/Independent Body","Office/Position Title","District Key","VoteFor","Unit Name","Tally","39","034","Queens","IN-PLAY","General Election - 11/08/2022",,"Member of the Assembly","39",1,"Affidavit",4
"AD","ED","County","EDAD Status","Event","Party/Independent Body","Office/Position Title","District Key","VoteFor","Unit Name","Tally","39","034","Queens","IN-PLAY","General Election - 11/08/2022",,"Member of the Assembly","39",1,"Catalina Cruz (Democratic)",152
"AD","ED","County","EDAD Status","Event","Party/Independent Body","Office/Position Title","District Key","VoteFor","Unit Name","Tally","39","034","Queens","IN-PLAY","General Election - 11/08/2022",,"Member of the Assembly","39",1,"Catalina Cruz (Working Families)",17
"AD","ED","County","EDAD Status","Event","Party/Independent Body","Office/Position Title","District Key","VoteFor","Unit Name","Tally","39","034","Queens","IN-PLAY","General Election - 11/08/2022",,"Member of the Assembly","39",1,"Scattered",2
"AD","ED","County","EDAD Status","Event","Party/Independent Body","Office/Position Title","District Key","VoteFor","Unit Name","Tally","39","035","Queens","IN-PLAY","General Election - 11/08/2022",,"Member of the Assembly","39",1,"Public Counter",351
"AD","ED","County","EDAD Status","Event","Party/Independent Body","Office/Position Title","District Key","VoteFor","Unit Name","Tally","39","035","Queens","IN-PLAY","General Election - 11/08/2022",,"Member of the Assembly","39",1,"Manually Counted Emergency",0
"AD","ED","County","EDAD Status","Event","Party/Independent Body","Office/Position Title","District Key","VoteFor","Unit Name","Tally","39","035","Queens","IN-PLAY","General Election - 11/08/2022",,"Member of the Assembly","39",1,"Absentee / Military",19
"AD","ED","County","EDAD Status","Event","Party/Independent Body","Office/Position Title","District Key","VoteFor","Unit Name","Tally","39","035","Queens","IN-PLAY","General Election - 11/08/2022",,"Member of the Assembly","39",1,"Federal",0
"AD","ED","County","EDAD Status","Event","Party/Independent Body","Office/Position Title","District Key","VoteFor","Unit Name","Tally","39","035","Queens","IN-PLAY","General Election - 11/08/2022",,"Member of the Assembly","39",1,"Affidavit",5
"AD","ED","County","EDAD Status","Event","Party/Independent Body","Office/Position Title","District Key","VoteFor","Unit Name","Tally","39","035","Queens","IN-PLAY","General Election - 11/08/2022",,"Member of the Assembly","39",1,"Catalina Cruz (Democratic)",229
"AD","ED","County","EDAD Status","Event","Party/Independent Body","Office/Position Title","District Key","VoteFor","Unit Name","Tally","39","035","Queens","IN-PLAY","General Election - 11/08/2022",,"Member of the Assembly","39",1,"Catalina Cruz (Working Families)",29
"AD","ED","County","EDAD Status","Event","Party/Independent Body","Office/Position Title","District Key","VoteFor","Unit Name","Tally","39","035","Queens","IN-PLAY","General Election - 11/08/2022",,"Member of the Assembly","39",1,"Scattered",3
"AD","ED","County","EDAD Status","Event","Party/Independent Body","Office/Position Title","District Key","VoteFor","Unit Name","Tally","39","036","Queens","IN-PLAY","General Election - 11/08/2022",,"Member of the Assembly","39",1,"Public Counter",290
"AD","ED","County","EDAD Status","Event","Party/Independent Body","Office/Position Title","District Key","VoteFor","Unit Name","Tally","39","036","Queens","IN-PLAY","General Election - 11/08/2022",,"Member of the Assembly","39",1,"Manually Counted Emergency",0
"AD","ED","County","EDAD Status","Event","Party/Independent Body","Office/Position Title","District Key","VoteFor","Unit Name","Tally","39","036","Queens","IN-PLAY","General Election - 11/08/2022",,"Member of the Assembly","39",1,"Absentee / Military",11
"AD","ED","County","EDAD Status","Event","Party/Independent Body","Office/Position Title","District Key","VoteFor","Unit Name","Tally","39","036","Queens","IN-PLAY","General Election - 11/08/2022",,"Member of the Assembly","39",1,"Federal",0
"AD","ED","County","EDAD Status","Event","Party/Independent Body","Office/Position Title","District Key","VoteFor","Unit Name","Tally","39","036","Queens","IN-PLAY","General Election - 11/08/2022",,"Member of the Assembly","39",1,"Affidavit",2
"AD","ED","County","EDAD Status","Event","Party/Independent Body","Office/Position Title","District Key","VoteFor","Unit Name","Tally","39","036","Queens","IN-PLAY","General Election - 11/08/2022",,"Member of the Assembly","39",1,"Catalina Cruz (Democratic)",184
"AD","ED","County","EDAD Status","Event","Party/Independent Body","Office/Position Title","District Key","VoteFor","Unit Name","Tally","39","036","Queens","IN-PLAY","General Election - 11/08/2022",,"Member of the Assembly","39",1,"Catalina Cruz (Working Families)",35
"AD","ED","County","EDAD Status","Event","Party/Independent Body","Office/Position Title","District Key","VoteFor","Unit Name","Tally","39","036","Queens","IN-PLAY","General Election - 11/08/2022",,"Member of the Assembly","39",1,"Scattered",3
"AD","ED","County","EDAD Status","Event","Party/Independent Body","Office/Position Title","District Key","VoteFor","Unit Name","Tally","39","037","Queens","IN-PLAY","General Election - 11/08/2022",,"Member of the Assembly","39",1,"Public Counter",179
"AD","ED","County","EDAD Status","Event","Party/Independent Body","Office/Position Title","District Key","VoteFor","Unit Name","Tally","39","037","Queens","IN-PLAY","General Election - 11/08/2022",,"Member of the Assembly","39",1,"Manually Counted Emergency",0
"AD","ED","County","EDAD Status","Event","Party/Independent Body","Office/Position Title","District Key","VoteFor","Unit Name","Tally","39","037","Queens","IN-PLAY","General Election - 11/08/2022",,"Member of the Assembly","39",1,"Absentee / Military",10
"AD","ED","County","EDAD Status","Event","Party/Independent Body","Office/Position Title","District Key","VoteFor","Unit Name","Tally","39","037","Queens","IN-PLAY","General Election - 11/08/2022",,"Member of the Assembly","39",1,"Federal",0
"AD","ED","County","EDAD Status","Event","Party/Independent Body","Office/Position Title","District Key","VoteFor","Unit Name","Tally","39","037","Queens","IN-PLAY","General Election - 11/08/2022",,"Member of the Assembly","39",1,"Affidavit",2
"AD","ED","County","EDAD Status","Event","Party/Independent Body","Office/Position Title","District Key","VoteFor","Unit Name","Tally","39","037","Queens","IN-PLAY","General Election - 11/08/2022",,"Member of the Assembly","39",1,"Catalina Cruz (Democratic)",117
"AD","ED","County","EDAD Status","Event","Party/Independent Body","Office/Position Title","District Key","VoteFor","Unit Name","Tally","39","037","Queens","IN-PLAY","General Election - 11/08/2022",,"Member of the Assembly","39",1,"Catalina Cruz (Working Families)",17
"AD","ED","County","EDAD Status","Event","Party/Independent Body","Office/Position Title","District Key","VoteFor","Unit Name","Tally","39","037","Queens","IN-PLAY","General Election - 11/08/2022",,"Member of the Assembly","39",1,"Scattered",2
"AD","ED","County","EDAD Status","Event","Party/Independent Body","Office/Position Title","District Key","VoteFor","Unit Name","Tally","39","038","Queens","IN-PLAY","General Election - 11/08/2022",,"Member of the Assembly","39",1,"Public Counter",166
"AD","ED","County","EDAD Status","Event","Party/Independent Body","Office/Position Title","District Key","VoteFor","Unit Name","Tally","39","038","Queens","IN-PLAY","General Election - 11/08/2022",,"Member of the Assembly","39",1,"Manually Counted Emergency",0
"AD","ED","County","EDAD Status","Event","Party/Independent Body","Office/Position Title","District Key","VoteFor","Unit Name","Tally","39","038","Queens","IN-PLAY","General Election - 11/08/2022",,"Member of the Assembly","39",1,"Absentee / Military",16
"AD","ED","County","EDAD Status","Event","Party/Independent Body","Office/Position Title","District Key","VoteFor","Unit Name","Tally","39","038","Queens","IN-PLAY","General Election - 11/08/2022",,"Member of the Assembly","39",1,"Federal",0
"AD","ED","County","EDAD Status","Event","Party/Independent Body","Office/Position Title","District Key","VoteFor","Unit Name","Tally","39","038","Queens","IN-PLAY","General Election - 11/08/2022",,"Member of the Assembly","39",1,"Affidavit",0
"AD","ED","County","EDAD Status","Event","Party/Independent Body","Office/Position Title","District Key","VoteFor","Unit Name","Tally","39","038","Queens","IN-PLAY","General Election - 11/08/2022",,"Member of the Assembly","39",1,"Catalina Cruz (Democratic)",80
"AD","ED","County","EDAD Status","Event","Party/Independent Body","Office/Position Title","District Key","VoteFor","Unit Name","Tally","39","038","Queens","IN-PLAY","General Election - 11/08/2022",,"Member of the Assembly","39",1,"Catalina Cruz (Working Families)",24
"AD","ED","County","EDAD Status","Event","Party/Independent Body","Office/Position Title","District Key","VoteFor","Unit Name","Tally","39","038","Queens","IN-PLAY","General Election - 11/08/2022",,"Member of the Assembly","39",1,"Scattered",4
"AD","ED","County","EDAD Status","Event","Party/Independent Body","Office/Position Title","District Key","VoteFor","Unit Name","Tally","39","039","Queens","IN-PLAY","General Election - 11/08/2022",,"Member of the Assembly","39",1,"Public Counter",234
"AD","ED","County","EDAD Status","Event","Party/Independent Body","Office/Position Title","District Key","VoteFor","Unit Name","Tally","39","039","Queens","IN-PLAY","General Election - 11/08/2022",,"Member of the Assembly","39",1,"Manually Counted Emergency",0
"AD","ED","County","EDAD Status","Event","Party/Independent Body","Office/Position Title","District Key","VoteFor","Unit Name","Tally","39","039","Queens","IN-PLAY","General Election - 11/08/2022",,"Member of the Assembly","39",1,"Absentee / Military",11
"AD","ED","County","EDAD Status","Event","Party/Independent Body","Office/Position Title","District Key","VoteFor","Unit Name","Tally","39","039","Queens","IN-PLAY","General Election - 11/08/2022",,"Member of the Assembly","39",1,"Federal",1
"AD","ED","County","EDAD Status","Event","Party/Independent Body","Office/Position Title","District Key","VoteFor","Unit Name","Tally","39","039","Queens","IN-PLAY","General Election - 11/08/2022",,"Member of the Assembly","39",1,"Affidavit",4
"AD","ED","County","EDAD Status","Event","Party/Independent Body","Office/Position Title","District Key","VoteFor","Unit Name","Tally","39","039","Queens","IN-PLAY","General Election - 11/08/2022",,"Member of the Assembly","39",1,"Catalina Cruz (Democratic)",144
"AD","ED","County","EDAD Status","Event","Party/Independent Body","Office/Position Title","District Key","VoteFor","Unit Name","Tally","39","039","Queens","IN-PLAY","General Election - 11/08/2022",,"Member of the Assembly","39",1,"Catalina Cruz (Working Families)",30
"AD","ED","County","EDAD Status","Event","Party/Independent Body","Office/Position Title","District Key","VoteFor","Unit Name","Tally","39","039","Queens","IN-PLAY","General Election - 11/08/2022",,"Member of the Assembly","39",1,"Scattered",5
"AD","ED","County","EDAD Status","Event","Party/Independent Body","Office/Position Title","District Key","VoteFor","Unit Name","Tally","39","040","Queens","IN-PLAY","General Election - 11/08/2022",,"Member of the Assembly","39",1,"Public Counter",40
"AD","ED","County","EDAD Status","Event","Party/Independent Body","Office/Position Title","District Key","VoteFor","Unit Name","Tally","39","040","Queens","IN-PLAY","General Election - 11/08/2022",,"Member of the Assembly","39",1,"Manually Counted Emergency",0
"AD","ED","County","EDAD Status","Event","Party/Independent Body","Office/Position Title","District Key","VoteFor","Unit Name","Tally","39","040","Queens","IN-PLAY","General Election - 11/08/2022",,"Member of the Assembly","39",1,"Absentee / Military",3
"AD","ED","County","EDAD Status","Event","Party/Independent Body","Office/Position Title","District Key","VoteFor","Unit Name","Tally","39","040","Queens","IN-PLAY","General Election - 11/08/2022",,"Member of the Assembly","39",1,"Federal",0
"AD","ED","County","EDAD Status","Event","Party/Independent Body","Office/Position Title","District Key","VoteFor","Unit Name","Tally","39","040","Queens","IN-PLAY","General Election - 11/08/2022",,"Member of the Assembly","39",1,"Affidavit",1
"AD","ED","County","EDAD Status","Event","Party/Independent Body","Office/Position Title","District Key","VoteFor","Unit Name","Tally","39","040","Queens","IN-PLAY","General Election - 11/08/2022",,"Member of the Assembly","39",1,"Catalina Cruz (Democratic)",28
"AD","ED","County","EDAD Status","Event","Party/Independent Body","Office/Position Title","District Key","VoteFor","Unit Name","Tally","39","040","Queens","IN-PLAY","General Election - 11/08/2022",,"Member of the Assembly","39",1,"Catalina Cruz (Working Families)",3
"AD","ED","County","EDAD Status","Event","Party/Independent Body","Office/Position Title","District Key","VoteFor","Unit Name","Tally","39","040","Queens","IN-PLAY","General Election - 11/08/2022",,"Member of the Assembly","39",1,"Scattered",1
"AD","ED","County","EDAD Status","Event","Party/Independent Body","Office/Position Title","District Key","VoteFor","Unit Name","Tally","39","041","Queens","IN-PLAY","General Election - 11/08/2022",,"Member of the Assembly","39",1,"Public Counter",478
"AD","ED","County","EDAD Status","Event","Party/Independent Body","Office/Position Title","District Key","VoteFor","Unit Name","Tally","39","041","Queens","IN-PLAY","General Election - 11/08/2022",,"Member of the Assembly","39",1,"Manually Counted Emergency",0
"AD","ED","County","EDAD Status","Event","Party/Independent Body","Office/Position Title","District Key","VoteFor","Unit Name","Tally","39","041","Queens","IN-PLAY","General Election - 11/08/2022",,"Member of the Assembly","39",1,"Absentee / Military",23
"AD","ED","County","EDAD Status","Event","Party/Independent Body","Office/Position Title","District Key","VoteFor","Unit Name","Tally","39","041","Queens","IN-PLAY","General Election - 11/08/2022",,"Member of the Assembly","39",1,"Federal",3
"AD","ED","County","EDAD Status","Event","Party/Independent Body","Office/Position Title","District Key","VoteFor","Unit Name","Tally","39","041","Queens","IN-PLAY","General Election - 11/08/2022",,"Member of the Assembly","39",1,"Affidavit",10
"AD","ED","County","EDAD Status","Event","Party/Independent Body","Office/Position Title","District Key","VoteFor","Unit Name","Tally","39","041","Queens","IN-PLAY","General Election - 11/08/2022",,"Member of the Assembly","39",1,"Catalina Cruz (Democratic)",296
"AD","ED","County","EDAD Status","Event","Party/Independent Body","Office/Position Title","District Key","VoteFor","Unit Name","Tally","39","041","Queens","IN-PLAY","General Election - 11/08/2022",,"Member of the Assembly","39",1,"Catalina Cruz (Working Families)",56
"AD","ED","County","EDAD Status","Event","Party/Independent Body","Office/Position Title","District Key","VoteFor","Unit Name","Tally","39","041","Queens","IN-PLAY","General Election - 11/08/2022",,"Member of the Assembly","39",1,"Scattered",10
"AD","ED","County","EDAD Status","Event","Party/Independent Body","Office/Position Title","District Key","VoteFor","Unit Name","Tally","39","042","Queens","IN-PLAY","General Election - 11/08/2022",,"Member of the Assembly","39",1,"Public Counter",198
"AD","ED","County","EDAD Status","Event","Party/Independent Body","Office/Position Title","District Key","VoteFor","Unit Name","Tally","39","042","Queens","IN-PLAY","General Election - 11/08/2022",,"Member of the Assembly","39",1,"Manually Counted Emergency",0
"AD","ED","County","EDAD Status","Event","Party/Independent Body","Office/Position Title","District Key","VoteFor","Unit Name","Tally","39","042","Queens","IN-PLAY","General Election - 11/08/2022",,"Member of the Assembly","39",1,"Absentee / Military",16
"AD","ED","County","EDAD Status","Event","Party/Independent Body","Office/Position Title","District Key","VoteFor","Unit Name","Tally","39","042","Queens","IN-PLAY","General Election - 11/08/2022",,"Member of the Assembly","39",1,"Federal",0
"AD","ED","County","EDAD Status","Event","Party/Independent Body","Office/Position Title","District Key","VoteFor","Unit Name","Tally","39","042","Queens","IN-PLAY","General Election - 11/08/2022",,"Member of the Assembly","39",1,"Affidavit",3
"AD","ED","County","EDAD Status","Event","Party/Independent Body","Office/Position Title","District Key","VoteFor","Unit Name","Tally","39","042","Queens","IN-PLAY","General Election - 11/08/2022",,"Member of the Assembly","39",1,"Catalina Cruz (Democratic)",111
"AD","ED","County","EDAD Status","Event","Party/Independent Body","Office/Position Title","District Key","VoteFor","Unit Name","Tally","39","042","Queens","IN-PLAY","General Election - 11/08/2022",,"Member of the Assembly","39",1,"Catalina Cruz (Working Families)",27
"AD","ED","County","EDAD Status","Event","Party/Independent Body","Office/Position Title","District Key","VoteFor","Unit Name","Tally","39","042","Queens","IN-PLAY","General Election - 11/08/2022",,"Member of the Assembly","39",1,"Scattered",1
"AD","ED","County","EDAD Status","Event","Party/Independent Body","Office/Position Title","District Key","VoteFor","Unit Name","Tally","39","043","Queens","IN-PLAY","General Election - 11/08/2022",,"Member of the Assembly","39",1,"Public Counter",230
"AD","ED","County","EDAD Status","Event","Party/Independent Body","Office/Position Title","District Key","VoteFor","Unit Name","Tally","39","043","Queens","IN-PLAY","General Election - 11/08/2022",,"Member of the Assembly","39",1,"Manually Counted Emergency",0
"AD","ED","County","EDAD Status","Event","Party/Independent Body","Office/Position Title","District Key","VoteFor","Unit Name","Tally","39","043","Queens","IN-PLAY","General Election - 11/08/2022",,"Member of the Assembly","39",1,"Absentee / Military",17
"AD","ED","County","EDAD Status","Event","Party/Independent Body","Office/Position Title","District Key","VoteFor","Unit Name","Tally","39","043","Queens","IN-PLAY","General Election - 11/08/2022",,"Member of the Assembly","39",1,"Federal",0
"AD","ED","County","EDAD Status","Event","Party/Independent Body","Office/Position Title","District Key","VoteFor","Unit Name","Tally","39","043","Queens","IN-PLAY","General Election - 11/08/2022",,"Member of the Assembly","39",1,"Affidavit",3
"AD","ED","County","EDAD Status","Event","Party/Independent Body","Office/Position Title","District Key","VoteFor","Unit Name","Tally","39","043","Queens","IN-PLAY","General Election - 11/08/2022",,"Member of the Assembly","39",1,"Catalina Cruz (Democratic)",122
"AD","ED","County","EDAD Status","Event","Party/Independent Body","Office/Position Title","District Key","VoteFor","Unit Name","Tally","39","043","Queens","IN-PLAY","General Election - 11/08/2022",,"Member of the Assembly","39",1,"Catalina Cruz (Working Families)",34
"AD","ED","County","EDAD Status","Event","Party/Independent Body","Office/Position Title","District Key","VoteFor","Unit Name","Tally","39","043","Queens","IN-PLAY","General Election - 11/08/2022",,"Member of the Assembly","39",1,"Scattered",6
"AD","ED","County","EDAD Status","Event","Party/Independent Body","Office/Position Title","District Key","VoteFor","Unit Name","Tally","39","044","Queens","IN-PLAY","General Election - 11/08/2022",,"Member of the Assembly","39",1,"Public Counter",280
"AD","ED","County","EDAD Status","Event","Party/Independent Body","Office/Position Title","District Key","VoteFor","Unit Name","Tally","39","044","Queens","IN-PLAY","General Election - 11/08/2022",,"Member of the Assembly","39",1,"Manually Counted Emergency",0
"AD","ED","County","EDAD Status","Event","Party/Independent Body","Office/Position Title","District Key","VoteFor","Unit Name","Tally","39","044","Queens","IN-PLAY","General Election - 11/08/2022",,"Member of the Assembly","39",1,"Absentee / Military",38
"AD","ED","County","EDAD Status","Event","Party/Independent Body","Office/Position Title","District Key","VoteFor","Unit Name","Tally","39","044","Queens","IN-PLAY","General Election - 11/08/2022",,"Member of the Assembly","39",1,"Federal",1
"AD","ED","County","EDAD Status","Event","Party/Independent Body","Office/Position Title","District Key","VoteFor","Unit Name","Tally","39","044","Queens","IN-PLAY","General Election - 11/08/2022",,"Member of the Assembly","39",1,"Affidavit",11
"AD","ED","County","EDAD Status","Event","Party/Independent Body","Office/Position Title","District Key","VoteFor","Unit Name","Tally","39","044","Queens","IN-PLAY","General Election - 11/08/2022",,"Member of the Assembly","39",1,"Catalina Cruz (Democratic)",174
"AD","ED","County","EDAD Status","Event","Party/Independent Body","Office/Position Title","District Key","VoteFor","Unit Name","Tally","39","044","Queens","IN-PLAY","General Election - 11/08/2022",,"Member of the Assembly","39",1,"Catalina Cruz (Working Families)",26
"AD","ED","County","EDAD Status","Event","Party/Independent Body","Office/Position Title","District Key","VoteFor","Unit Name","Tally","39","044","Queens","IN-PLAY","General Election - 11/08/2022",,"Member of the Assembly","39",1,"Scattered",9
"AD","ED","County","EDAD Status","Event","Party/Independent Body","Office/Position Title","District Key","VoteFor","Unit Name","Tally","39","045","Queens","IN-PLAY","General Election - 11/08/2022",,"Member of the Assembly","39",1,"Public Counter",339
"AD","ED","County","EDAD Status","Event","Party/Independent Body","Office/Position Title","District Key","VoteFor","Unit Name","Tally","39","045","Queens","IN-PLAY","General Election - 11/08/2022",,"Member of the Assembly","39",1,"Manually Counted Emergency",0
"AD","ED","County","EDAD Status","Event","Party/Independent Body","Office/Position Title","District Key","VoteFor","Unit Name","Tally","39","045","Queens","IN-PLAY","General Election - 11/08/2022",,"Member of the Assembly","39",1,"Absentee / Military",51
"AD","ED","County","EDAD Status","Event","Party/Independent Body","Office/Position Title","District Key","VoteFor","Unit Name","Tally","39","045","Queens","IN-PLAY","General Election - 11/08/2022",,"Member of the Assembly","39",1,"Federal",3
"AD","ED","County","EDAD Status","Event","Party/Independent Body","Office/Position Title","District Key","VoteFor","Unit Name","Tally","39","045","Queens","IN-PLAY","General Election - 11/08/2022",,"Member of the Assembly","39",1,"Affidavit",4
"AD","ED","County","EDAD Status","Event","Party/Independent Body","Office/Position Title","District Key","VoteFor","Unit Name","Tally","39","045","Queens","IN-PLAY","General Election - 11/08/2022",,"Member of the Assembly","39",1,"Catalina Cruz (Democratic)",195
"AD","ED","County","EDAD Status","Event","Party/Independent Body","Office/Position Title","District Key","VoteFor","Unit Name","Tally","39","045","Queens","IN-PLAY","General Election - 11/08/2022",,"Member of the Assembly","39",1,"Catalina Cruz (Working Families)",46
"AD","ED","County","EDAD Status","Event","Party/Independent Body","Office/Position Title","District Key","VoteFor","Unit Name","Tally","39","045","Queens","IN-PLAY","General Election - 11/08/2022",,"Member of the Assembly","39",1,"Scattered",2
"AD","ED","County","EDAD Status","Event","Party/Independent Body","Office/Position Title","District Key","VoteFor","Unit Name","Tally","39","046","Queens","IN-PLAY","General Election - 11/08/2022",,"Member of the Assembly","39",1,"Public Counter",610
"AD","ED","County","EDAD Status","Event","Party/Independent Body","Office/Position Title","District Key","VoteFor","Unit Name","Tally","39","046","Queens","IN-PLAY","General Election - 11/08/2022",,"Member of the Assembly","39",1,"Manually Counted Emergency",0
"AD","ED","County","EDAD Status","Event","Party/Independent Body","Office/Position Title","District Key","VoteFor","Unit Name","Tally","39","046","Queens","IN-PLAY","General Election - 11/08/2022",,"Member of the Assembly","39",1,"Absentee / Military",39
"AD","ED","County","EDAD Status","Event","Party/Independent Body","Office/Position Title","District Key","VoteFor","Unit Name","Tally","39","046","Queens","IN-PLAY","General Election - 11/08/2022",,"Member of the Assembly","39",1,"Federal",1
"AD","ED","County","EDAD Status","Event","Party/Independent Body","Office/Position Title","District Key","VoteFor","Unit Name","Tally","39","046","Queens","IN-PLAY","General Election - 11/08/2022",,"Member of the Assembly","39",1,"Affidavit",2
"AD","ED","County","EDAD Status","Event","Party/Independent Body","Office/Position Title","District Key","VoteFor","Unit Name","Tally","39","046","Queens","IN-PLAY","General Election - 11/08/2022",,"Member of the Assembly","39",1,"Catalina Cruz (Democratic)",234
"AD","ED","County","EDAD Status","Event","Party/Independent Body","Office/Position Title","District Key","VoteFor","Unit Name","Tally","39","046","Queens","IN-PLAY","General Election - 11/08/2022",,"Member of the Assembly","39",1,"Catalina Cruz (Working Families)",97
"AD","ED","County","EDAD Status","Event","Party/Independent Body","Office/Position Title","District Key","VoteFor","Unit Name","Tally","39","046","Queens","IN-PLAY","General Election - 11/08/2022",,"Member of the Assembly","39",1,"Scattered",9
"AD","ED","County","EDAD Status","Event","Party/Independent Body","Office/Position Title","District Key","VoteFor","Unit Name","Tally","39","047","Queens","IN-PLAY","General Election - 11/08/2022",,"Member of the Assembly","39",1,"Public Counter",594
"AD","ED","County","EDAD Status","Event","Party/Independent Body","Office/Position Title","District Key","VoteFor","Unit Name","Tally","39","047","Queens","IN-PLAY","General Election - 11/08/2022",,"Member of the Assembly","39",1,"Manually Counted Emergency",0
"AD","ED","County","EDAD Status","Event","Party/Independent Body","Office/Position Title","District Key","VoteFor","Unit Name","Tally","39","047","Queens","IN-PLAY","General Election - 11/08/2022",,"Member of the Assembly","39",1,"Absentee / Military",38
"AD","ED","County","EDAD Status","Event","Party/Independent Body","Office/Position Title","District Key","VoteFor","Unit Name","Tally","39","047","Queens","IN-PLAY","General Election - 11/08/2022",,"Member of the Assembly","39",1,"Federal",3
"AD","ED","County","EDAD Status","Event","Party/Independent Body","Office/Position Title","District Key","VoteFor","Unit Name","Tally","39","047","Queens","IN-PLAY","General Election - 11/08/2022",,"Member of the Assembly","39",1,"Affidavit",1
"AD","ED","County","EDAD Status","Event","Party/Independent Body","Office/Position Title","District Key","VoteFor","Unit Name","Tally","39","047","Queens","IN-PLAY","General Election - 11/08/2022",,"Member of the Assembly","39",1,"Catalina Cruz (Democratic)",240
"AD","ED","County","EDAD Status","Event","Party/Independent Body","Office/Position Title","District Key","VoteFor","Unit Name","Tally","39","047","Queens","IN-PLAY","General Election - 11/08/2022",,"Member of the Assembly","39",1,"Catalina Cruz (Working Families)",59
"AD","ED","County","EDAD Status","Event","Party/Independent Body","Office/Position Title","District Key","VoteFor","Unit Name","Tally","39","047","Queens","IN-PLAY","General Election - 11/08/2022",,"Member of the Assembly","39",1,"Scattered",8
"AD","ED","County","EDAD Status","Event","Party/Independent Body","Office/Position Title","District Key","VoteFor","Unit Name","Tally","39","201","Queens","COMBINED INTO 041/39","General Election - 11/08/2022",,"Member of the Assembly","39",1,"Public Counter",0
"AD","ED","County","EDAD Status","Event","Party/Independent Body","Office/Position Title","District Key","VoteFor","Unit Name","Tally","39","201","Queens","COMBINED INTO 041/39","General Election - 11/08/2022",,"Member of the Assembly","39",1,"Manually Counted Emergency",0
"AD","ED","County","EDAD Status","Event","Party/Independent Body","Office/Position Title","District Key","VoteFor","Unit Name","Tally","39","201","Queens","COMBINED INTO 041/39","General Election - 11/08/2022",,"Member of the Assembly","39",1,"Absentee / Military",0
"AD","ED","County","EDAD Status","Event","Party/Independent Body","Office/Position Title","District Key","VoteFor","Unit Name","Tally","39","201","Queens","COMBINED INTO 041/39","General Election - 11/08/2022",,"Member of the Assembly","39",1,"Federal",0
"AD","ED","County","EDAD Status","Event","Party/Independent Body","Office/Position Title","District Key","VoteFor","Unit Name","Tally","39","201","Queens","COMBINED INTO 041/39","General Election - 11/08/2022",,"Member of the Assembly","39",1,"Affidavit",0
"AD","ED","County","EDAD Status","Event","Party/Independent Body","Office/Position Title","District Key","VoteFor","Unit Name","Tally","39","202","Queens","IN-PLAY","General Election - 11/08/2022",,"Member of the Assembly","39",1,"Public Counter",0
"AD","ED","County","EDAD Status","Event","Party/Independent Body","Office/Position Title","District Key","VoteFor","Unit Name","Tally","39","202","Queens","IN-PLAY","General Election - 11/08/2022",,"Member of the Assembly","39",1,"Manually Counted Emergency",0
"AD","ED","County","EDAD Status","Event","Party/Independent Body","Office/Position Title","District Key","VoteFor","Unit Name","Tally","39","202","Queens","IN-PLAY","General Election - 11/08/2022",,"Member of the Assembly","39",1,"Absentee / Military",0
"AD","ED","County","EDAD Status","Event","Party/Independent Body","Office/Position Title","District Key","VoteFor","Unit Name","Tally","39","202","Queens","IN-PLAY","General Election - 11/08/2022",,"Member of the Assembly","39",1,"Federal",0
"AD","ED","County","EDAD Status","Event","Party/Independent Body","Office/Position Title","District Key","VoteFor","Unit Name","Tally","39","202","Queens","IN-PLAY","General Election - 11/08/2022",,"Member of the Assembly","39",1,"Affidavit",0
"AD","ED","County","EDAD Status","Event","Party/Independent Body","Office/Position Title","District Key","VoteFor","Unit Name","Tally","39","202","Queens","IN-PLAY","General Election - 11/08/2022",,"Member of the Assembly","39",1,"Catalina Cruz (Democratic)",0
"AD","ED","County","EDAD Status","Event","Party/Independent Body","Office/Position Title","District Key","VoteFor","Unit Name","Tally","39","202","Queens","IN-PLAY","General Election - 11/08/2022",,"Member of the Assembly","39",1,"Catalina Cruz (Working Families)",0
