"AD","ED","County","EDAD Status","Event","Party/Independent Body","Office/Position Title","District Key","VoteFor","Unit Name","Tally","78","001","Bronx","IN-PLAY","Primary Election - 06/28/2022","Democratic","Female District Leader","78",1,"Public Counter",87
"AD","ED","County","EDAD Status","Event","Party/Independent Body","Office/Position Title","District Key","VoteFor","Unit Name","Tally","78","001","Bronx","IN-PLAY","Primary Election - 06/28/2022","Democratic","Female District Leader","78",1,"Manually Counted Emergency",0
"AD","ED","County","EDAD Status","Event","Party/Independent Body","Office/Position Title","District Key","VoteFor","Unit Name","Tally","78","001","Bronx","IN-PLAY","Primary Election - 06/28/2022","Democratic","Female District Leader","78",1,"Absentee / Military",8
"AD","ED","County","EDAD Status","Event","Party/Independent Body","Office/Position Title","District Key","VoteFor","Unit Name","Tally","78","001","Bronx","IN-PLAY","Primary Election - 06/28/2022","Democratic","Female District Leader","78",1,"Affidavit",1
"AD","ED","County","EDAD Status","Event","Party/Independent Body","Office/Position Title","District Key","VoteFor","Unit Name","Tally","78","001","Bronx","IN-PLAY","Primary Election - 06/28/2022","Democratic","Female District Leader","78",1,"Maria Gonzalez",46
"AD","ED","County","EDAD Status","Event","Party/Independent Body","Office/Position Title","District Key","VoteFor","Unit Name","Tally","78","001","Bronx","IN-PLAY","Primary Election - 06/28/2022","Democratic","Female District Leader","78",1,"Jasmin A. Clavasquin-Cruz",17
"AD","ED","County","EDAD Status","Event","Party/Independent Body","Office/Position Title","District Key","VoteFor","Unit Name","Tally","78","001","Bronx","IN-PLAY","Primary Election - 06/28/2022","Democratic","Female District Leader","78",1,"Altagracia Soldevilla",16
"AD","ED","County","EDAD Status","Event","Party/Independent Body","Office/Position Title","District Key","VoteFor","Unit Name","Tally","78","002","Bronx","IN-PLAY","Primary Election - 06/28/2022","Democratic","Female District Leader","78",1,"Public Counter",131
"AD","ED","County","EDAD Status","Event","Party/Independent Body","Office/Position Title","District Key","VoteFor","Unit Name","Tally","78","002","Bronx","IN-PLAY","Primary Election - 06/28/2022","Democratic","Female District Leader","78",1,"Manually Counted Emergency",0
"AD","ED","County","EDAD Status","Event","Party/Independent Body","Office/Position Title","District Key","VoteFor","Unit Name","Tally","78","002","Bronx","IN-PLAY","Primary Election - 06/28/2022","Democratic","Female District Leader","78",1,"Absentee / Military",9
"AD","ED","County","EDAD Status","Event","Party/Independent Body","Office/Position Title","District Key","VoteFor","Unit Name","Tally","78","002","Bronx","IN-PLAY","Primary Election - 06/28/2022","Democratic","Female District Leader","78",1,"Affidavit",0
"AD","ED","County","EDAD Status","Event","Party/Independent Body","Office/Position Title","District Key","VoteFor","Unit Name","Tally","78","002","Bronx","IN-PLAY","Primary Election - 06/28/2022","Democratic","Female District Leader","78",1,"Maria Gonzalez",80
"AD","ED","County","EDAD Status","Event","Party/Independent Body","Office/Position Title","District Key","VoteFor","Unit Name","Tally","78","002","Bronx","IN-PLAY","Primary Election - 06/28/2022","Democratic","Female District Leader","78",1,"Jasmin A. Clavasquin-Cruz",27
"AD","ED","County","EDAD Status","Event","Party/Independent Body","Office/Position Title","District Key","VoteFor","Unit Name","Tally","78","002","Bronx","IN-PLAY","Primary Election - 06/28/2022","Democratic","Female District Leader","78",1,"Altagracia Soldevilla",14
"AD","ED","County","EDAD Status","Event","Party/Independent Body","Office/Position Title","District Key","VoteFor","Unit Name","Tally","78","003","Bronx","IN-PLAY","Primary Election - 06/28/2022","Democratic","Female District Leader","78",1,"Public Counter",93
"AD","ED","County","EDAD Status","Event","Party/Independent Body","Office/Position Title","District Key","VoteFor","Unit Name","Tally","78","003","Bronx","IN-PLAY","Primary Election - 06/28/2022","Democratic","Female District Leader","78",1,"Manually Counted Emergency",0
"AD","ED","County","EDAD Status","Event","Party/Independent Body","Office/Position Title","District Key","VoteFor","Unit Name","Tally","78","003","Bronx","IN-PLAY","Primary Election - 06/28/2022","Democratic","Female District Leader","78",1,"Absentee / Military",4
"AD","ED","County","EDAD Status","Event","Party/Independent Body","Office/Position Title","District Key","VoteFor","Unit Name","Tally","78","003","Bronx","IN-PLAY","Primary Election - 06/28/2022","Democratic","Female District Leader","78",1,"Affidavit",1
"AD","ED","County","EDAD Status","Event","Party/Independent Body","Office/Position Title","District Key","VoteFor","Unit Name","Tally","78","003","Bronx","IN-PLAY","Primary Election - 06/28/2022","Democratic","Female District Leader","78",1,"Maria Gonzalez",48
"AD","ED","County","EDAD Status","Event","Party/Independent Body","Office/Position Title","District Key","VoteFor","Unit Name","Tally","78","003","Bronx","IN-PLAY","Primary Election - 06/28/2022","Democratic","Female District Leader","78",1,"Jasmin A. Clavasquin-Cruz",20
"AD","ED","County","EDAD Status","Event","Party/Independent Body","Office/Position Title","District Key","VoteFor","Unit Name","Tally","78","003","Bronx","IN-PLAY","Primary Election - 06/28/2022","Democratic","Female District Leader","78",1,"Altagracia Soldevilla",8
"AD","ED","County","EDAD Status","Event","Party/Independent Body","Office/Position Title","District Key","VoteFor","Unit Name","Tally","78","003","Bronx","IN-PLAY","Primary Election - 06/28/2022","Democratic","Female District Leader","78",1,"Scattered",1
"AD","ED","County","EDAD Status","Event","Party/Independent Body","Office/Position Title","District Key","VoteFor","Unit Name","Tally","78","004","Bronx","IN-PLAY","Primary Election - 06/28/2022","Democratic","Female District Leader","78",1,"Public Counter",77
"AD","ED","County","EDAD Status","Event","Party/Independent Body","Office/Position Title","District Key","VoteFor","Unit Name","Tally","78","004","Bronx","IN-PLAY","Primary Election - 06/28/2022","Democratic","Female District Leader","78",1,"Manually Counted Emergency",0
"AD","ED","County","EDAD Status","Event","Party/Independent Body","Office/Position Title","District Key","VoteFor","Unit Name","Tally","78","004","Bronx","IN-PLAY","Primary Election - 06/28/2022","Democratic","Female District Leader","78",1,"Absentee / Military",1
"AD","ED","County","EDAD Status","Event","Party/Independent Body","Office/Position Title","District Key","VoteFor","Unit Name","Tally","78","004","Bronx","IN-PLAY","Primary Election - 06/28/2022","Democratic","Female District Leader","78",1,"Affidavit",1
"AD","ED","County","EDAD Status","Event","Party/Independent Body","Office/Position Title","District Key","VoteFor","Unit Name","Tally","78","004","Bronx","IN-PLAY","Primary Election - 06/28/2022","Democratic","Female District Leader","78",1,"Maria Gonzalez",40
"AD","ED","County","EDAD Status","Event","Party/Independent Body","Office/Position Title","District Key","VoteFor","Unit Name","Tally","78","004","Bronx","IN-PLAY","Primary Election - 06/28/2022","Democratic","Female District Leader","78",1,"Jasmin A. Clavasquin-Cruz",12
"AD","ED","County","EDAD Status","Event","Party/Independent Body","Office/Position Title","District Key","VoteFor","Unit Name","Tally","78","004","Bronx","IN-PLAY","Primary Election - 06/28/2022","Democratic","Female District Leader","78",1,"Altagracia Soldevilla",8
"AD","ED","County","EDAD Status","Event","Party/Independent Body","Office/Position Title","District Key","VoteFor","Unit Name","Tally","78","005","Bronx","IN-PLAY","Primary Election - 06/28/2022","Democratic","Female District Leader","78",1,"Public Counter",44
"AD","ED","County","EDAD Status","Event","Party/Independent Body","Office/Position Title","District Key","VoteFor","Unit Name","Tally","78","005","Bronx","IN-PLAY","Primary Election - 06/28/2022","Democratic","Female District Leader","78",1,"Manually Counted Emergency",0
"AD","ED","County","EDAD Status","Event","Party/Independent Body","Office/Position Title","District Key","VoteFor","Unit Name","Tally","78","005","Bronx","IN-PLAY","Primary Election - 06/28/2022","Democratic","Female District Leader","78",1,"Absentee / Military",3
"AD","ED","County","EDAD Status","Event","Party/Independent Body","Office/Position Title","District Key","VoteFor","Unit Name","Tally","78","005","Bronx","IN-PLAY","Primary Election - 06/28/2022","Democratic","Female District Leader","78",1,"Affidavit",1
"AD","ED","County","EDAD Status","Event","Party/Independent Body","Office/Position Title","District Key","VoteFor","Unit Name","Tally","78","005","Bronx","IN-PLAY","Primary Election - 06/28/2022","Democratic","Female District Leader","78",1,"Maria Gonzalez",30
"AD","ED","County","EDAD Status","Event","Party/Independent Body","Office/Position Title","District Key","VoteFor","Unit Name","Tally","78","005","Bronx","IN-PLAY","Primary Election - 06/28/2022","Democratic","Female District Leader","78",1,"Jasmin A. Clavasquin-Cruz",5
"AD","ED","County","EDAD Status","Event","Party/Independent Body","Office/Position Title","District Key","VoteFor","Unit Name","Tally","78","005","Bronx","IN-PLAY","Primary Election - 06/28/2022","Democratic","Female District Leader","78",1,"Altagracia Soldevilla",7
"AD","ED","County","EDAD Status","Event","Party/Independent Body","Office/Position Title","District Key","VoteFor","Unit Name","Tally","78","006","Bronx","IN-PLAY","Primary Election - 06/28/2022","Democratic","Female District Leader","78",1,"Public Counter",57
"AD","ED","County","EDAD Status","Event","Party/Independent Body","Office/Position Title","District Key","VoteFor","Unit Name","Tally","78","006","Bronx","IN-PLAY","Primary Election - 06/28/2022","Democratic","Female District Leader","78",1,"Manually Counted Emergency",0
"AD","ED","County","EDAD Status","Event","Party/Independent Body","Office/Position Title","District Key","VoteFor","Unit Name","Tally","78","006","Bronx","IN-PLAY","Primary Election - 06/28/2022","Democratic","Female District Leader","78",1,"Absentee / Military",7
"AD","ED","County","EDAD Status","Event","Party/Independent Body","Office/Position Title","District Key","VoteFor","Unit Name","Tally","78","006","Bronx","IN-PLAY","Primary Election - 06/28/2022","Democratic","Female District Leader","78",1,"Affidavit",2
"AD","ED","County","EDAD Status","Event","Party/Independent Body","Office/Position Title","District Key","VoteFor","Unit Name","Tally","78","006","Bronx","IN-PLAY","Primary Election - 06/28/2022","Democratic","Female District Leader","78",1,"Maria Gonzalez",30
"AD","ED","County","EDAD Status","Event","Party/Independent Body","Office/Position Title","District Key","VoteFor","Unit Name","Tally","78","006","Bronx","IN-PLAY","Primary Election - 06/28/2022","Democratic","Female District Leader","78",1,"Jasmin A. Clavasquin-Cruz",11
"AD","ED","County","EDAD Status","Event","Party/Independent Body","Office/Position Title","District Key","VoteFor","Unit Name","Tally","78","006","Bronx","IN-PLAY","Primary Election - 06/28/2022","Democratic","Female District Leader","78",1,"Altagracia Soldevilla",10
"AD","ED","County","EDAD Status","Event","Party/Independent Body","Office/Position Title","District Key","VoteFor","Unit Name","Tally","78","007","Bronx","IN-PLAY","Primary Election - 06/28/2022","Democratic","Female District Leader","78",1,"Public Counter",98
"AD","ED","County","EDAD Status","Event","Party/Independent Body","Office/Position Title","District Key","VoteFor","Unit Name","Tally","78","007","Bronx","IN-PLAY","Primary Election - 06/28/2022","Democratic","Female District Leader","78",1,"Manually Counted Emergency",0
"AD","ED","County","EDAD Status","Event","Party/Independent Body","Office/Position Title","District Key","VoteFor","Unit Name","Tally","78","007","Bronx","IN-PLAY","Primary Election - 06/28/2022","Democratic","Female District Leader","78",1,"Absentee / Military",5
"AD","ED","County","EDAD Status","Event","Party/Independent Body","Office/Position Title","District Key","VoteFor","Unit Name","Tally","78","007","Bronx","IN-PLAY","Primary Election - 06/28/2022","Democratic","Female District Leader","78",1,"Affidavit",2
"AD","ED","County","EDAD Status","Event","Party/Independent Body","Office/Position Title","District Key","VoteFor","Unit Name","Tally","78","007","Bronx","IN-PLAY","Primary Election - 06/28/2022","Democratic","Female District Leader","78",1,"Maria Gonzalez",41
"AD","ED","County","EDAD Status","Event","Party/Independent Body","Office/Position Title","District Key","VoteFor","Unit Name","Tally","78","007","Bronx","IN-PLAY","Primary Election - 06/28/2022","Democratic","Female District Leader","78",1,"Jasmin A. Clavasquin-Cruz",27
"AD","ED","County","EDAD Status","Event","Party/Independent Body","Office/Position Title","District Key","VoteFor","Unit Name","Tally","78","007","Bronx","IN-PLAY","Primary Election - 06/28/2022","Democratic","Female District Leader","78",1,"Altagracia Soldevilla",13
"AD","ED","County","EDAD Status","Event","Party/Independent Body","Office/Position Title","District Key","VoteFor","Unit Name","Tally","78","008","Bronx","IN-PLAY","Primary Election - 06/28/2022","Democratic","Female District Leader","78",1,"Public Counter",34
"AD","ED","County","EDAD Status","Event","Party/Independent Body","Office/Position Title","District Key","VoteFor","Unit Name","Tally","78","008","Bronx","IN-PLAY","Primary Election - 06/28/2022","Democratic","Female District Leader","78",1,"Manually Counted Emergency",0
"AD","ED","County","EDAD Status","Event","Party/Independent Body","Office/Position Title","District Key","VoteFor","Unit Name","Tally","78","008","Bronx","IN-PLAY","Primary Election - 06/28/2022","Democratic","Female District Leader","78",1,"Absentee / Military",0
"AD","ED","County","EDAD Status","Event","Party/Independent Body","Office/Position Title","District Key","VoteFor","Unit Name","Tally","78","008","Bronx","IN-PLAY","Primary Election - 06/28/2022","Democratic","Female District Leader","78",1,"Affidavit",0
"AD","ED","County","EDAD Status","Event","Party/Independent Body","Office/Position Title","District Key","VoteFor","Unit Name","Tally","78","008","Bronx","IN-PLAY","Primary Election - 06/28/2022","Democratic","Female District Leader","78",1,"Maria Gonzalez",15
"AD","ED","County","EDAD Status","Event","Party/Independent Body","Office/Position Title","District Key","VoteFor","Unit Name","Tally","78","008","Bronx","IN-PLAY","Primary Election - 06/28/2022","Democratic","Female District Leader","78",1,"Jasmin A. Clavasquin-Cruz",9
"AD","ED","County","EDAD Status","Event","Party/Independent Body","Office/Position Title","District Key","VoteFor","Unit Name","Tally","78","008","Bronx","IN-PLAY","Primary Election - 06/28/2022","Democratic","Female District Leader","78",1,"Altagracia Soldevilla",1
"AD","ED","County","EDAD Status","Event","Party/Independent Body","Office/Position Title","District Key","VoteFor","Unit Name","Tally","78","009","Bronx","IN-PLAY","Primary Election - 06/28/2022","Democratic","Female District Leader","78",1,"Public Counter",35
"AD","ED","County","EDAD Status","Event","Party/Independent Body","Office/Position Title","District Key","VoteFor","Unit Name","Tally","78","009","Bronx","IN-PLAY","Primary Election - 06/28/2022","Democratic","Female District Leader","78",1,"Manually Counted Emergency",0
"AD","ED","County","EDAD Status","Event","Party/Independent Body","Office/Position Title","District Key","VoteFor","Unit Name","Tally","78","009","Bronx","IN-PLAY","Primary Election - 06/28/2022","Democratic","Female District Leader","78",1,"Absentee / Military",2
"AD","ED","County","EDAD Status","Event","Party/Independent Body","Office/Position Title","District Key","VoteFor","Unit Name","Tally","78","009","Bronx","IN-PLAY","Primary Election - 06/28/2022","Democratic","Female District Leader","78",1,"Affidavit",1
"AD","ED","County","EDAD Status","Event","Party/Independent Body","Office/Position Title","District Key","VoteFor","Unit Name","Tally","78","009","Bronx","IN-PLAY","Primary Election - 06/28/2022","Democratic","Female District Leader","78",1,"Maria Gonzalez",13
"AD","ED","County","EDAD Status","Event","Party/Independent Body","Office/Position Title","District Key","VoteFor","Unit Name","Tally","78","009","Bronx","IN-PLAY","Primary Election - 06/28/2022","Democratic","Female District Leader","78",1,"Jasmin A. Clavasquin-Cruz",15
"AD","ED","County","EDAD Status","Event","Party/Independent Body","Office/Position Title","District Key","VoteFor","Unit Name","Tally","78","009","Bronx","IN-PLAY","Primary Election - 06/28/2022","Democratic","Female District Leader","78",1,"Altagracia Soldevilla",4
"AD","ED","County","EDAD Status","Event","Party/Independent Body","Office/Position Title","District Key","VoteFor","Unit Name","Tally","78","009","Bronx","IN-PLAY","Primary Election - 06/28/2022","Democratic","Female District Leader","78",1,"Scattered",1
"AD","ED","County","EDAD Status","Event","Party/Independent Body","Office/Position Title","District Key","VoteFor","Unit Name","Tally","78","010","Bronx","IN-PLAY","Primary Election - 06/28/2022","Democratic","Female District Leader","78",1,"Public Counter",62
"AD","ED","County","EDAD Status","Event","Party/Independent Body","Office/Position Title","District Key","VoteFor","Unit Name","Tally","78","010","Bronx","IN-PLAY","Primary Election - 06/28/2022","Democratic","Female District Leader","78",1,"Manually Counted Emergency",0
"AD","ED","County","EDAD Status","Event","Party/Independent Body","Office/Position Title","District Key","VoteFor","Unit Name","Tally","78","010","Bronx","IN-PLAY","Primary Election - 06/28/2022","Democratic","Female District Leader","78",1,"Absentee / Military",8
"AD","ED","County","EDAD Status","Event","Party/Independent Body","Office/Position Title","District Key","VoteFor","Unit Name","Tally","78","010","Bronx","IN-PLAY","Primary Election - 06/28/2022","Democratic","Female District Leader","78",1,"Affidavit",0
"AD","ED","County","EDAD Status","Event","Party/Independent Body","Office/Position Title","District Key","VoteFor","Unit Name","Tally","78","010","Bronx","IN-PLAY","Primary Election - 06/28/2022","Democratic","Female District Leader","78",1,"Maria Gonzalez",37
"AD","ED","County","EDAD Status","Event","Party/Independent Body","Office/Position Title","District Key","VoteFor","Unit Name","Tally","78","010","Bronx","IN-PLAY","Primary Election - 06/28/2022","Democratic","Female District Leader","78",1,"Jasmin A. Clavasquin-Cruz",14
"AD","ED","County","EDAD Status","Event","Party/Independent Body","Office/Position Title","District Key","VoteFor","Unit Name","Tally","78","010","Bronx","IN-PLAY","Primary Election - 06/28/2022","Democratic","Female District Leader","78",1,"Altagracia Soldevilla",4
"AD","ED","County","EDAD Status","Event","Party/Independent Body","Office/Position Title","District Key","VoteFor","Unit Name","Tally","78","011","Bronx","IN-PLAY","Primary Election - 06/28/2022","Democratic","Female District Leader","78",1,"Public Counter",21
"AD","ED","County","EDAD Status","Event","Party/Independent Body","Office/Position Title","District Key","VoteFor","Unit Name","Tally","78","011","Bronx","IN-PLAY","Primary Election - 06/28/2022","Democratic","Female District Leader","78",1,"Manually Counted Emergency",0
"AD","ED","County","EDAD Status","Event","Party/Independent Body","Office/Position Title","District Key","VoteFor","Unit Name","Tally","78","011","Bronx","IN-PLAY","Primary Election - 06/28/2022","Democratic","Female District Leader","78",1,"Absentee / Military",10
"AD","ED","County","EDAD Status","Event","Party/Independent Body","Office/Position Title","District Key","VoteFor","Unit Name","Tally","78","011","Bronx","IN-PLAY","Primary Election - 06/28/2022","Democratic","Female District Leader","78",1,"Affidavit",0
"AD","ED","County","EDAD Status","Event","Party/Independent Body","Office/Position Title","District Key","VoteFor","Unit Name","Tally","78","011","Bronx","IN-PLAY","Primary Election - 06/28/2022","Democratic","Female District Leader","78",1,"Maria Gonzalez",12
"AD","ED","County","EDAD Status","Event","Party/Independent Body","Office/Position Title","District Key","VoteFor","Unit Name","Tally","78","011","Bronx","IN-PLAY","Primary Election - 06/28/2022","Democratic","Female District Leader","78",1,"Jasmin A. Clavasquin-Cruz",8
"AD","ED","County","EDAD Status","Event","Party/Independent Body","Office/Position Title","District Key","VoteFor","Unit Name","Tally","78","011","Bronx","IN-PLAY","Primary Election - 06/28/2022","Democratic","Female District Leader","78",1,"Altagracia Soldevilla",5
"AD","ED","County","EDAD Status","Event","Party/Independent Body","Office/Position Title","District Key","VoteFor","Unit Name","Tally","78","012","Bronx","IN-PLAY","Primary Election - 06/28/2022","Democratic","Female District Leader","78",1,"Public Counter",64
"AD","ED","County","EDAD Status","Event","Party/Independent Body","Office/Position Title","District Key","VoteFor","Unit Name","Tally","78","012","Bronx","IN-PLAY","Primary Election - 06/28/2022","Democratic","Female District Leader","78",1,"Manually Counted Emergency",0
"AD","ED","County","EDAD Status","Event","Party/Independent Body","Office/Position Title","District Key","VoteFor","Unit Name","Tally","78","012","Bronx","IN-PLAY","Primary Election - 06/28/2022","Democratic","Female District Leader","78",1,"Absentee / Military",4
"AD","ED","County","EDAD Status","Event","Party/Independent Body","Office/Position Title","District Key","VoteFor","Unit Name","Tally","78","012","Bronx","IN-PLAY","Primary Election - 06/28/2022","Democratic","Female District Leader","78",1,"Affidavit",1
"AD","ED","County","EDAD Status","Event","Party/Independent Body","Office/Position Title","District Key","VoteFor","Unit Name","Tally","78","012","Bronx","IN-PLAY","Primary Election - 06/28/2022","Democratic","Female District Leader","78",1,"Maria Gonzalez",31
"AD","ED","County","EDAD Status","Event","Party/Independent Body","Office/Position Title","District Key","VoteFor","Unit Name","Tally","78","012","Bronx","IN-PLAY","Primary Election - 06/28/2022","Democratic","Female District Leader","78",1,"Jasmin A. Clavasquin-Cruz",14
"AD","ED","County","EDAD Status","Event","Party/Independent Body","Office/Position Title","District Key","VoteFor","Unit Name","Tally","78","012","Bronx","IN-PLAY","Primary Election - 06/28/2022","Democratic","Female District Leader","78",1,"Altagracia Soldevilla",12
"AD","ED","County","EDAD Status","Event","Party/Independent Body","Office/Position Title","District Key","VoteFor","Unit Name","Tally","78","013","Bronx","IN-PLAY","Primary Election - 06/28/2022","Democratic","Female District Leader","78",1,"Public Counter",118
"AD","ED","County","EDAD Status","Event","Party/Independent Body","Office/Position Title","District Key","VoteFor","Unit Name","Tally","78","013","Bronx","IN-PLAY","Primary Election - 06/28/2022","Democratic","Female District Leader","78",1,"Manually Counted Emergency",0
"AD","ED","County","EDAD Status","Event","Party/Independent Body","Office/Position Title","District Key","VoteFor","Unit Name","Tally","78","013","Bronx","IN-PLAY","Primary Election - 06/28/2022","Democratic","Female District Leader","78",1,"Absentee / Military",5
"AD","ED","County","EDAD Status","Event","Party/Independent Body","Office/Position Title","District Key","VoteFor","Unit Name","Tally","78","013","Bronx","IN-PLAY","Primary Election - 06/28/2022","Democratic","Female District Leader","78",1,"Affidavit",0
"AD","ED","County","EDAD Status","Event","Party/Independent Body","Office/Position Title","District Key","VoteFor","Unit Name","Tally","78","013","Bronx","IN-PLAY","Primary Election - 06/28/2022","Democratic","Female District Leader","78",1,"Maria Gonzalez",57
"AD","ED","County","EDAD Status","Event","Party/Independent Body","Office/Position Title","District Key","VoteFor","Unit Name","Tally","78","013","Bronx","IN-PLAY","Primary Election - 06/28/2022","Democratic","Female District Leader","78",1,"Jasmin A. Clavasquin-Cruz",23
"AD","ED","County","EDAD Status","Event","Party/Independent Body","Office/Position Title","District Key","VoteFor","Unit Name","Tally","78","013","Bronx","IN-PLAY","Primary Election - 06/28/2022","Democratic","Female District Leader","78",1,"Altagracia Soldevilla",18
"AD","ED","County","EDAD Status","Event","Party/Independent Body","Office/Position Title","District Key","VoteFor","Unit Name","Tally","78","014","Bronx","IN-PLAY","Primary Election - 06/28/2022","Democratic","Female District Leader","78",1,"Public Counter",101
"AD","ED","County","EDAD Status","Event","Party/Independent Body","Office/Position Title","District Key","VoteFor","Unit Name","Tally","78","014","Bronx","IN-PLAY","Primary Election - 06/28/2022","Democratic","Female District Leader","78",1,"Manually Counted Emergency",0
"AD","ED","County","EDAD Status","Event","Party/Independent Body","Office/Position Title","District Key","VoteFor","Unit Name","Tally","78","014","Bronx","IN-PLAY","Primary Election - 06/28/2022","Democratic","Female District Leader","78",1,"Absentee / Military",1
"AD","ED","County","EDAD Status","Event","Party/Independent Body","Office/Position Title","District Key","VoteFor","Unit Name","Tally","78","014","Bronx","IN-PLAY","Primary Election - 06/28/2022","Democratic","Female District Leader","78",1,"Affidavit",1
"AD","ED","County","EDAD Status","Event","Party/Independent Body","Office/Position Title","District Key","VoteFor","Unit Name","Tally","78","014","Bronx","IN-PLAY","Primary Election - 06/28/2022","Democratic","Female District Leader","78",1,"Maria Gonzalez",46
"AD","ED","County","EDAD Status","Event","Party/Independent Body","Office/Position Title","District Key","VoteFor","Unit Name","Tally","78","014","Bronx","IN-PLAY","Primary Election - 06/28/2022","Democratic","Female District Leader","78",1,"Jasmin A. Clavasquin-Cruz",23
"AD","ED","County","EDAD Status","Event","Party/Independent Body","Office/Position Title","District Key","VoteFor","Unit Name","Tally","78","014","Bronx","IN-PLAY","Primary Election - 06/28/2022","Democratic","Female District Leader","78",1,"Altagracia Soldevilla",14
"AD","ED","County","EDAD Status","Event","Party/Independent Body","Office/Position Title","District Key","VoteFor","Unit Name","Tally","78","014","Bronx","IN-PLAY","Primary Election - 06/28/2022","Democratic","Female District Leader","78",1,"Scattered",1
"AD","ED","County","EDAD Status","Event","Party/Independent Body","Office/Position Title","District Key","VoteFor","Unit Name","Tally","78","015","Bronx","IN-PLAY","Primary Election - 06/28/2022","Democratic","Female District Leader","78",1,"Public Counter",50
"AD","ED","County","EDAD Status","Event","Party/Independent Body","Office/Position Title","District Key","VoteFor","Unit Name","Tally","78","015","Bronx","IN-PLAY","Primary Election - 06/28/2022","Democratic","Female District Leader","78",1,"Manually Counted Emergency",0
"AD","ED","County","EDAD Status","Event","Party/Independent Body","Office/Position Title","District Key","VoteFor","Unit Name","Tally","78","015","Bronx","IN-PLAY","Primary Election - 06/28/2022","Democratic","Female District Leader","78",1,"Absentee / Military",3
"AD","ED","County","EDAD Status","Event","Party/Independent Body","Office/Position Title","District Key","VoteFor","Unit Name","Tally","78","015","Bronx","IN-PLAY","Primary Election - 06/28/2022","Democratic","Female District Leader","78",1,"Affidavit",1
"AD","ED","County","EDAD Status","Event","Party/Independent Body","Office/Position Title","District Key","VoteFor","Unit Name","Tally","78","015","Bronx","IN-PLAY","Primary Election - 06/28/2022","Democratic","Female District Leader","78",1,"Maria Gonzalez",22
"AD","ED","County","EDAD Status","Event","Party/Independent Body","Office/Position Title","District Key","VoteFor","Unit Name","Tally","78","015","Bronx","IN-PLAY","Primary Election - 06/28/2022","Democratic","Female District Leader","78",1,"Jasmin A. Clavasquin-Cruz",10
"AD","ED","County","EDAD Status","Event","Party/Independent Body","Office/Position Title","District Key","VoteFor","Unit Name","Tally","78","015","Bronx","IN-PLAY","Primary Election - 06/28/2022","Democratic","Female District Leader","78",1,"Altagracia Soldevilla",11
"AD","ED","County","EDAD Status","Event","Party/Independent Body","Office/Position Title","District Key","VoteFor","Unit Name","Tally","78","016","Bronx","IN-PLAY","Primary Election - 06/28/2022","Democratic","Female District Leader","78",1,"Public Counter",31
"AD","ED","County","EDAD Status","Event","Party/Independent Body","Office/Position Title","District Key","VoteFor","Unit Name","Tally","78","016","Bronx","IN-PLAY","Primary Election - 06/28/2022","Democratic","Female District Leader","78",1,"Manually Counted Emergency",0
"AD","ED","County","EDAD Status","Event","Party/Independent Body","Office/Position Title","District Key","VoteFor","Unit Name","Tally","78","016","Bronx","IN-PLAY","Primary Election - 06/28/2022","Democratic","Female District Leader","78",1,"Absentee / Military",2
"AD","ED","County","EDAD Status","Event","Party/Independent Body","Office/Position Title","District Key","VoteFor","Unit Name","Tally","78","016","Bronx","IN-PLAY","Primary Election - 06/28/2022","Democratic","Female District Leader","78",1,"Affidavit",0
"AD","ED","County","EDAD Status","Event","Party/Independent Body","Office/Position Title","District Key","VoteFor","Unit Name","Tally","78","016","Bronx","IN-PLAY","Primary Election - 06/28/2022","Democratic","Female District Leader","78",1,"Maria Gonzalez",17
"AD","ED","County","EDAD Status","Event","Party/Independent Body","Office/Position Title","District Key","VoteFor","Unit Name","Tally","78","016","Bronx","IN-PLAY","Primary Election - 06/28/2022","Democratic","Female District Leader","78",1,"Jasmin A. Clavasquin-Cruz",12
"AD","ED","County","EDAD Status","Event","Party/Independent Body","Office/Position Title","District Key","VoteFor","Unit Name","Tally","78","016","Bronx","IN-PLAY","Primary Election - 06/28/2022","Democratic","Female District Leader","78",1,"Altagracia Soldevilla",2
"AD","ED","County","EDAD Status","Event","Party/Independent Body","Office/Position Title","District Key","VoteFor","Unit Name","Tally","78","016","Bronx","IN-PLAY","Primary Election - 06/28/2022","Democratic","Female District Leader","78",1,"Scattered",1
"AD","ED","County","EDAD Status","Event","Party/Independent Body","Office/Position Title","District Key","VoteFor","Unit Name","Tally","78","017","Bronx","IN-PLAY","Primary Election - 06/28/2022","Democratic","Female District Leader","78",1,"Public Counter",79
"AD","ED","County","EDAD Status","Event","Party/Independent Body","Office/Position Title","District Key","VoteFor","Unit Name","Tally","78","017","Bronx","IN-PLAY","Primary Election - 06/28/2022","Democratic","Female District Leader","78",1,"Manually Counted Emergency",0
"AD","ED","County","EDAD Status","Event","Party/Independent Body","Office/Position Title","District Key","VoteFor","Unit Name","Tally","78","017","Bronx","IN-PLAY","Primary Election - 06/28/2022","Democratic","Female District Leader","78",1,"Absentee / Military",3
"AD","ED","County","EDAD Status","Event","Party/Independent Body","Office/Position Title","District Key","VoteFor","Unit Name","Tally","78","017","Bronx","IN-PLAY","Primary Election - 06/28/2022","Democratic","Female District Leader","78",1,"Affidavit",2
"AD","ED","County","EDAD Status","Event","Party/Independent Body","Office/Position Title","District Key","VoteFor","Unit Name","Tally","78","017","Bronx","IN-PLAY","Primary Election - 06/28/2022","Democratic","Female District Leader","78",1,"Maria Gonzalez",42
"AD","ED","County","EDAD Status","Event","Party/Independent Body","Office/Position Title","District Key","VoteFor","Unit Name","Tally","78","017","Bronx","IN-PLAY","Primary Election - 06/28/2022","Democratic","Female District Leader","78",1,"Jasmin A. Clavasquin-Cruz",10
"AD","ED","County","EDAD Status","Event","Party/Independent Body","Office/Position Title","District Key","VoteFor","Unit Name","Tally","78","017","Bronx","IN-PLAY","Primary Election - 06/28/2022","Democratic","Female District Leader","78",1,"Altagracia Soldevilla",14
"AD","ED","County","EDAD Status","Event","Party/Independent Body","Office/Position Title","District Key","VoteFor","Unit Name","Tally","78","018","Bronx","IN-PLAY","Primary Election - 06/28/2022","Democratic","Female District Leader","78",1,"Public Counter",77
"AD","ED","County","EDAD Status","Event","Party/Independent Body","Office/Position Title","District Key","VoteFor","Unit Name","Tally","78","018","Bronx","IN-PLAY","Primary Election - 06/28/2022","Democratic","Female District Leader","78",1,"Manually Counted Emergency",0
"AD","ED","County","EDAD Status","Event","Party/Independent Body","Office/Position Title","District Key","VoteFor","Unit Name","Tally","78","018","Bronx","IN-PLAY","Primary Election - 06/28/2022","Democratic","Female District Leader","78",1,"Absentee / Military",10
"AD","ED","County","EDAD Status","Event","Party/Independent Body","Office/Position Title","District Key","VoteFor","Unit Name","Tally","78","018","Bronx","IN-PLAY","Primary Election - 06/28/2022","Democratic","Female District Leader","78",1,"Affidavit",0
"AD","ED","County","EDAD Status","Event","Party/Independent Body","Office/Position Title","District Key","VoteFor","Unit Name","Tally","78","018","Bronx","IN-PLAY","Primary Election - 06/28/2022","Democratic","Female District Leader","78",1,"Maria Gonzalez",35
"AD","ED","County","EDAD Status","Event","Party/Independent Body","Office/Position Title","District Key","VoteFor","Unit Name","Tally","78","018","Bronx","IN-PLAY","Primary Election - 06/28/2022","Democratic","Female District Leader","78",1,"Jasmin A. Clavasquin-Cruz",20
"AD","ED","County","EDAD Status","Event","Party/Independent Body","Office/Position Title","District Key","VoteFor","Unit Name","Tally","78","018","Bronx","IN-PLAY","Primary Election - 06/28/2022","Democratic","Female District Leader","78",1,"Altagracia Soldevilla",13
"AD","ED","County","EDAD Status","Event","Party/Independent Body","Office/Position Title","District Key","VoteFor","Unit Name","Tally","78","019","Bronx","IN-PLAY","Primary Election - 06/28/2022","Democratic","Female District Leader","78",1,"Public Counter",93
"AD","ED","County","EDAD Status","Event","Party/Independent Body","Office/Position Title","District Key","VoteFor","Unit Name","Tally","78","019","Bronx","IN-PLAY","Primary Election - 06/28/2022","Democratic","Female District Leader","78",1,"Manually Counted Emergency",0
"AD","ED","County","EDAD Status","Event","Party/Independent Body","Office/Position Title","District Key","VoteFor","Unit Name","Tally","78","019","Bronx","IN-PLAY","Primary Election - 06/28/2022","Democratic","Female District Leader","78",1,"Absentee / Military",3
"AD","ED","County","EDAD Status","Event","Party/Independent Body","Office/Position Title","District Key","VoteFor","Unit Name","Tally","78","019","Bronx","IN-PLAY","Primary Election - 06/28/2022","Democratic","Female District Leader","78",1,"Affidavit",3
"AD","ED","County","EDAD Status","Event","Party/Independent Body","Office/Position Title","District Key","VoteFor","Unit Name","Tally","78","019","Bronx","IN-PLAY","Primary Election - 06/28/2022","Democratic","Female District Leader","78",1,"Maria Gonzalez",53
"AD","ED","County","EDAD Status","Event","Party/Independent Body","Office/Position Title","District Key","VoteFor","Unit Name","Tally","78","019","Bronx","IN-PLAY","Primary Election - 06/28/2022","Democratic","Female District Leader","78",1,"Jasmin A. Clavasquin-Cruz",17
"AD","ED","County","EDAD Status","Event","Party/Independent Body","Office/Position Title","District Key","VoteFor","Unit Name","Tally","78","019","Bronx","IN-PLAY","Primary Election - 06/28/2022","Democratic","Female District Leader","78",1,"Altagracia Soldevilla",12
"AD","ED","County","EDAD Status","Event","Party/Independent Body","Office/Position Title","District Key","VoteFor","Unit Name","Tally","78","019","Bronx","IN-PLAY","Primary Election - 06/28/2022","Democratic","Female District Leader","78",1,"Scattered",1
"AD","ED","County","EDAD Status","Event","Party/Independent Body","Office/Position Title","District Key","VoteFor","Unit Name","Tally","78","020","Bronx","IN-PLAY","Primary Election - 06/28/2022","Democratic","Female District Leader","78",1,"Public Counter",98
"AD","ED","County","EDAD Status","Event","Party/Independent Body","Office/Position Title","District Key","VoteFor","Unit Name","Tally","78","020","Bronx","IN-PLAY","Primary Election - 06/28/2022","Democratic","Female District Leader","78",1,"Manually Counted Emergency",0
"AD","ED","County","EDAD Status","Event","Party/Independent Body","Office/Position Title","District Key","VoteFor","Unit Name","Tally","78","020","Bronx","IN-PLAY","Primary Election - 06/28/2022","Democratic","Female District Leader","78",1,"Absentee / Military",1
"AD","ED","County","EDAD Status","Event","Party/Independent Body","Office/Position Title","District Key","VoteFor","Unit Name","Tally","78","020","Bronx","IN-PLAY","Primary Election - 06/28/2022","Democratic","Female District Leader","78",1,"Affidavit",1
"AD","ED","County","EDAD Status","Event","Party/Independent Body","Office/Position Title","District Key","VoteFor","Unit Name","Tally","78","020","Bronx","IN-PLAY","Primary Election - 06/28/2022","Democratic","Female District Leader","78",1,"Maria Gonzalez",45
"AD","ED","County","EDAD Status","Event","Party/Independent Body","Office/Position Title","District Key","VoteFor","Unit Name","Tally","78","020","Bronx","IN-PLAY","Primary Election - 06/28/2022","Democratic","Female District Leader","78",1,"Jasmin A. Clavasquin-Cruz",14
"AD","ED","County","EDAD Status","Event","Party/Independent Body","Office/Position Title","District Key","VoteFor","Unit Name","Tally","78","020","Bronx","IN-PLAY","Primary Election - 06/28/2022","Democratic","Female District Leader","78",1,"Altagracia Soldevilla",19
"AD","ED","County","EDAD Status","Event","Party/Independent Body","Office/Position Title","District Key","VoteFor","Unit Name","Tally","78","021","Bronx","IN-PLAY","Primary Election - 06/28/2022","Democratic","Female District Leader","78",1,"Public Counter",73
"AD","ED","County","EDAD Status","Event","Party/Independent Body","Office/Position Title","District Key","VoteFor","Unit Name","Tally","78","021","Bronx","IN-PLAY","Primary Election - 06/28/2022","Democratic","Female District Leader","78",1,"Manually Counted Emergency",0
"AD","ED","County","EDAD Status","Event","Party/Independent Body","Office/Position Title","District Key","VoteFor","Unit Name","Tally","78","021","Bronx","IN-PLAY","Primary Election - 06/28/2022","Democratic","Female District Leader","78",1,"Absentee / Military",4
"AD","ED","County","EDAD Status","Event","Party/Independent Body","Office/Position Title","District Key","VoteFor","Unit Name","Tally","78","021","Bronx","IN-PLAY","Primary Election - 06/28/2022","Democratic","Female District Leader","78",1,"Affidavit",3
"AD","ED","County","EDAD Status","Event","Party/Independent Body","Office/Position Title","District Key","VoteFor","Unit Name","Tally","78","021","Bronx","IN-PLAY","Primary Election - 06/28/2022","Democratic","Female District Leader","78",1,"Maria Gonzalez",36
"AD","ED","County","EDAD Status","Event","Party/Independent Body","Office/Position Title","District Key","VoteFor","Unit Name","Tally","78","021","Bronx","IN-PLAY","Primary Election - 06/28/2022","Democratic","Female District Leader","78",1,"Jasmin A. Clavasquin-Cruz",19
"AD","ED","County","EDAD Status","Event","Party/Independent Body","Office/Position Title","District Key","VoteFor","Unit Name","Tally","78","021","Bronx","IN-PLAY","Primary Election - 06/28/2022","Democratic","Female District Leader","78",1,"Altagracia Soldevilla",12
"AD","ED","County","EDAD Status","Event","Party/Independent Body","Office/Position Title","District Key","VoteFor","Unit Name","Tally","78","022","Bronx","IN-PLAY","Primary Election - 06/28/2022","Democratic","Female District Leader","78",1,"Public Counter",88
"AD","ED","County","EDAD Status","Event","Party/Independent Body","Office/Position Title","District Key","VoteFor","Unit Name","Tally","78","022","Bronx","IN-PLAY","Primary Election - 06/28/2022","Democratic","Female District Leader","78",1,"Manually Counted Emergency",0
"AD","ED","County","EDAD Status","Event","Party/Independent Body","Office/Position Title","District Key","VoteFor","Unit Name","Tally","78","022","Bronx","IN-PLAY","Primary Election - 06/28/2022","Democratic","Female District Leader","78",1,"Absentee / Military",2
"AD","ED","County","EDAD Status","Event","Party/Independent Body","Office/Position Title","District Key","VoteFor","Unit Name","Tally","78","022","Bronx","IN-PLAY","Primary Election - 06/28/2022","Democratic","Female District Leader","78",1,"Affidavit",1
"AD","ED","County","EDAD Status","Event","Party/Independent Body","Office/Position Title","District Key","VoteFor","Unit Name","Tally","78","022","Bronx","IN-PLAY","Primary Election - 06/28/2022","Democratic","Female District Leader","78",1,"Maria Gonzalez",46
"AD","ED","County","EDAD Status","Event","Party/Independent Body","Office/Position Title","District Key","VoteFor","Unit Name","Tally","78","022","Bronx","IN-PLAY","Primary Election - 06/28/2022","Democratic","Female District Leader","78",1,"Jasmin A. Clavasquin-Cruz",11
"AD","ED","County","EDAD Status","Event","Party/Independent Body","Office/Position Title","District Key","VoteFor","Unit Name","Tally","78","022","Bronx","IN-PLAY","Primary Election - 06/28/2022","Democratic","Female District Leader","78",1,"Altagracia Soldevilla",16
"AD","ED","County","EDAD Status","Event","Party/Independent Body","Office/Position Title","District Key","VoteFor","Unit Name","Tally","78","023","Bronx","IN-PLAY","Primary Election - 06/28/2022","Democratic","Female District Leader","78",1,"Public Counter",75
"AD","ED","County","EDAD Status","Event","Party/Independent Body","Office/Position Title","District Key","VoteFor","Unit Name","Tally","78","023","Bronx","IN-PLAY","Primary Election - 06/28/2022","Democratic","Female District Leader","78",1,"Manually Counted Emergency",0
"AD","ED","County","EDAD Status","Event","Party/Independent Body","Office/Position Title","District Key","VoteFor","Unit Name","Tally","78","023","Bronx","IN-PLAY","Primary Election - 06/28/2022","Democratic","Female District Leader","78",1,"Absentee / Military",4
"AD","ED","County","EDAD Status","Event","Party/Independent Body","Office/Position Title","District Key","VoteFor","Unit Name","Tally","78","023","Bronx","IN-PLAY","Primary Election - 06/28/2022","Democratic","Female District Leader","78",1,"Affidavit",0
"AD","ED","County","EDAD Status","Event","Party/Independent Body","Office/Position Title","District Key","VoteFor","Unit Name","Tally","78","023","Bronx","IN-PLAY","Primary Election - 06/28/2022","Democratic","Female District Leader","78",1,"Maria Gonzalez",41
"AD","ED","County","EDAD Status","Event","Party/Independent Body","Office/Position Title","District Key","VoteFor","Unit Name","Tally","78","023","Bronx","IN-PLAY","Primary Election - 06/28/2022","Democratic","Female District Leader","78",1,"Jasmin A. Clavasquin-Cruz",18
"AD","ED","County","EDAD Status","Event","Party/Independent Body","Office/Position Title","District Key","VoteFor","Unit Name","Tally","78","023","Bronx","IN-PLAY","Primary Election - 06/28/2022","Democratic","Female District Leader","78",1,"Altagracia Soldevilla",7
"AD","ED","County","EDAD Status","Event","Party/Independent Body","Office/Position Title","District Key","VoteFor","Unit Name","Tally","78","023","Bronx","IN-PLAY","Primary Election - 06/28/2022","Democratic","Female District Leader","78",1,"Scattered",1
"AD","ED","County","EDAD Status","Event","Party/Independent Body","Office/Position Title","District Key","VoteFor","Unit Name","Tally","78","024","Bronx","IN-PLAY","Primary Election - 06/28/2022","Democratic","Female District Leader","78",1,"Public Counter",45
"AD","ED","County","EDAD Status","Event","Party/Independent Body","Office/Position Title","District Key","VoteFor","Unit Name","Tally","78","024","Bronx","IN-PLAY","Primary Election - 06/28/2022","Democratic","Female District Leader","78",1,"Manually Counted Emergency",0
"AD","ED","County","EDAD Status","Event","Party/Independent Body","Office/Position Title","District Key","VoteFor","Unit Name","Tally","78","024","Bronx","IN-PLAY","Primary Election - 06/28/2022","Democratic","Female District Leader","78",1,"Absentee / Military",3
"AD","ED","County","EDAD Status","Event","Party/Independent Body","Office/Position Title","District Key","VoteFor","Unit Name","Tally","78","024","Bronx","IN-PLAY","Primary Election - 06/28/2022","Democratic","Female District Leader","78",1,"Affidavit",0
"AD","ED","County","EDAD Status","Event","Party/Independent Body","Office/Position Title","District Key","VoteFor","Unit Name","Tally","78","024","Bronx","IN-PLAY","Primary Election - 06/28/2022","Democratic","Female District Leader","78",1,"Maria Gonzalez",26
"AD","ED","County","EDAD Status","Event","Party/Independent Body","Office/Position Title","District Key","VoteFor","Unit Name","Tally","78","024","Bronx","IN-PLAY","Primary Election - 06/28/2022","Democratic","Female District Leader","78",1,"Jasmin A. Clavasquin-Cruz",7
"AD","ED","County","EDAD Status","Event","Party/Independent Body","Office/Position Title","District Key","VoteFor","Unit Name","Tally","78","024","Bronx","IN-PLAY","Primary Election - 06/28/2022","Democratic","Female District Leader","78",1,"Altagracia Soldevilla",5
"AD","ED","County","EDAD Status","Event","Party/Independent Body","Office/Position Title","District Key","VoteFor","Unit Name","Tally","78","025","Bronx","COMBINED INTO 024/78","Primary Election - 06/28/2022","Democratic","Female District Leader","78",1,"Public Counter",0
"AD","ED","County","EDAD Status","Event","Party/Independent Body","Office/Position Title","District Key","VoteFor","Unit Name","Tally","78","025","Bronx","COMBINED INTO 024/78","Primary Election - 06/28/2022","Democratic","Female District Leader","78",1,"Manually Counted Emergency",0
"AD","ED","County","EDAD Status","Event","Party/Independent Body","Office/Position Title","District Key","VoteFor","Unit Name","Tally","78","025","Bronx","COMBINED INTO 024/78","Primary Election - 06/28/2022","Democratic","Female District Leader","78",1,"Absentee / Military",0
"AD","ED","County","EDAD Status","Event","Party/Independent Body","Office/Position Title","District Key","VoteFor","Unit Name","Tally","78","025","Bronx","COMBINED INTO 024/78","Primary Election - 06/28/2022","Democratic","Female District Leader","78",1,"Affidavit",0
"AD","ED","County","EDAD Status","Event","Party/Independent Body","Office/Position Title","District Key","VoteFor","Unit Name","Tally","78","026","Bronx","IN-PLAY","Primary Election - 06/28/2022","Democratic","Female District Leader","78",1,"Public Counter",67
"AD","ED","County","EDAD Status","Event","Party/Independent Body","Office/Position Title","District Key","VoteFor","Unit Name","Tally","78","026","Bronx","IN-PLAY","Primary Election - 06/28/2022","Democratic","Female District Leader","78",1,"Manually Counted Emergency",0
"AD","ED","County","EDAD Status","Event","Party/Independent Body","Office/Position Title","District Key","VoteFor","Unit Name","Tally","78","026","Bronx","IN-PLAY","Primary Election - 06/28/2022","Democratic","Female District Leader","78",1,"Absentee / Military",6
"AD","ED","County","EDAD Status","Event","Party/Independent Body","Office/Position Title","District Key","VoteFor","Unit Name","Tally","78","026","Bronx","IN-PLAY","Primary Election - 06/28/2022","Democratic","Female District Leader","78",1,"Affidavit",0
"AD","ED","County","EDAD Status","Event","Party/Independent Body","Office/Position Title","District Key","VoteFor","Unit Name","Tally","78","026","Bronx","IN-PLAY","Primary Election - 06/28/2022","Democratic","Female District Leader","78",1,"Maria Gonzalez",42
"AD","ED","County","EDAD Status","Event","Party/Independent Body","Office/Position Title","District Key","VoteFor","Unit Name","Tally","78","026","Bronx","IN-PLAY","Primary Election - 06/28/2022","Democratic","Female District Leader","78",1,"Jasmin A. Clavasquin-Cruz",13
"AD","ED","County","EDAD Status","Event","Party/Independent Body","Office/Position Title","District Key","VoteFor","Unit Name","Tally","78","026","Bronx","IN-PLAY","Primary Election - 06/28/2022","Democratic","Female District Leader","78",1,"Altagracia Soldevilla",5
"AD","ED","County","EDAD Status","Event","Party/Independent Body","Office/Position Title","District Key","VoteFor","Unit Name","Tally","78","027","Bronx","IN-PLAY","Primary Election - 06/28/2022","Democratic","Female District Leader","78",1,"Public Counter",106
"AD","ED","County","EDAD Status","Event","Party/Independent Body","Office/Position Title","District Key","VoteFor","Unit Name","Tally","78","027","Bronx","IN-PLAY","Primary Election - 06/28/2022","Democratic","Female District Leader","78",1,"Manually Counted Emergency",0
"AD","ED","County","EDAD Status","Event","Party/Independent Body","Office/Position Title","District Key","VoteFor","Unit Name","Tally","78","027","Bronx","IN-PLAY","Primary Election - 06/28/2022","Democratic","Female District Leader","78",1,"Absentee / Military",7
"AD","ED","County","EDAD Status","Event","Party/Independent Body","Office/Position Title","District Key","VoteFor","Unit Name","Tally","78","027","Bronx","IN-PLAY","Primary Election - 06/28/2022","Democratic","Female District Leader","78",1,"Affidavit",0
"AD","ED","County","EDAD Status","Event","Party/Independent Body","Office/Position Title","District Key","VoteFor","Unit Name","Tally","78","027","Bronx","IN-PLAY","Primary Election - 06/28/2022","Democratic","Female District Leader","78",1,"Maria Gonzalez",59
"AD","ED","County","EDAD Status","Event","Party/Independent Body","Office/Position Title","District Key","VoteFor","Unit Name","Tally","78","027","Bronx","IN-PLAY","Primary Election - 06/28/2022","Democratic","Female District Leader","78",1,"Jasmin A. Clavasquin-Cruz",18
"AD","ED","County","EDAD Status","Event","Party/Independent Body","Office/Position Title","District Key","VoteFor","Unit Name","Tally","78","027","Bronx","IN-PLAY","Primary Election - 06/28/2022","Democratic","Female District Leader","78",1,"Altagracia Soldevilla",11
"AD","ED","County","EDAD Status","Event","Party/Independent Body","Office/Position Title","District Key","VoteFor","Unit Name","Tally","78","027","Bronx","IN-PLAY","Primary Election - 06/28/2022","Democratic","Female District Leader","78",1,"Scattered",1
"AD","ED","County","EDAD Status","Event","Party/Independent Body","Office/Position Title","District Key","VoteFor","Unit Name","Tally","78","028","Bronx","IN-PLAY","Primary Election - 06/28/2022","Democratic","Female District Leader","78",1,"Public Counter",113
"AD","ED","County","EDAD Status","Event","Party/Independent Body","Office/Position Title","District Key","VoteFor","Unit Name","Tally","78","028","Bronx","IN-PLAY","Primary Election - 06/28/2022","Democratic","Female District Leader","78",1,"Manually Counted Emergency",0
"AD","ED","County","EDAD Status","Event","Party/Independent Body","Office/Position Title","District Key","VoteFor","Unit Name","Tally","78","028","Bronx","IN-PLAY","Primary Election - 06/28/2022","Democratic","Female District Leader","78",1,"Absentee / Military",5
"AD","ED","County","EDAD Status","Event","Party/Independent Body","Office/Position Title","District Key","VoteFor","Unit Name","Tally","78","028","Bronx","IN-PLAY","Primary Election - 06/28/2022","Democratic","Female District Leader","78",1,"Affidavit",2
"AD","ED","County","EDAD Status","Event","Party/Independent Body","Office/Position Title","District Key","VoteFor","Unit Name","Tally","78","028","Bronx","IN-PLAY","Primary Election - 06/28/2022","Democratic","Female District Leader","78",1,"Maria Gonzalez",57
"AD","ED","County","EDAD Status","Event","Party/Independent Body","Office/Position Title","District Key","VoteFor","Unit Name","Tally","78","028","Bronx","IN-PLAY","Primary Election - 06/28/2022","Democratic","Female District Leader","78",1,"Jasmin A. Clavasquin-Cruz",25
"AD","ED","County","EDAD Status","Event","Party/Independent Body","Office/Position Title","District Key","VoteFor","Unit Name","Tally","78","028","Bronx","IN-PLAY","Primary Election - 06/28/2022","Democratic","Female District Leader","78",1,"Altagracia Soldevilla",15
"AD","ED","County","EDAD Status","Event","Party/Independent Body","Office/Position Title","District Key","VoteFor","Unit Name","Tally","78","028","Bronx","IN-PLAY","Primary Election - 06/28/2022","Democratic","Female District Leader","78",1,"Scattered",1
"AD","ED","County","EDAD Status","Event","Party/Independent Body","Office/Position Title","District Key","VoteFor","Unit Name","Tally","78","029","Bronx","IN-PLAY","Primary Election - 06/28/2022","Democratic","Female District Leader","78",1,"Public Counter",94
"AD","ED","County","EDAD Status","Event","Party/Independent Body","Office/Position Title","District Key","VoteFor","Unit Name","Tally","78","029","Bronx","IN-PLAY","Primary Election - 06/28/2022","Democratic","Female District Leader","78",1,"Manually Counted Emergency",0
"AD","ED","County","EDAD Status","Event","Party/Independent Body","Office/Position Title","District Key","VoteFor","Unit Name","Tally","78","029","Bronx","IN-PLAY","Primary Election - 06/28/2022","Democratic","Female District Leader","78",1,"Absentee / Military",6
"AD","ED","County","EDAD Status","Event","Party/Independent Body","Office/Position Title","District Key","VoteFor","Unit Name","Tally","78","029","Bronx","IN-PLAY","Primary Election - 06/28/2022","Democratic","Female District Leader","78",1,"Affidavit",0
"AD","ED","County","EDAD Status","Event","Party/Independent Body","Office/Position Title","District Key","VoteFor","Unit Name","Tally","78","029","Bronx","IN-PLAY","Primary Election - 06/28/2022","Democratic","Female District Leader","78",1,"Maria Gonzalez",43
"AD","ED","County","EDAD Status","Event","Party/Independent Body","Office/Position Title","District Key","VoteFor","Unit Name","Tally","78","029","Bronx","IN-PLAY","Primary Election - 06/28/2022","Democratic","Female District Leader","78",1,"Jasmin A. Clavasquin-Cruz",15
"AD","ED","County","EDAD Status","Event","Party/Independent Body","Office/Position Title","District Key","VoteFor","Unit Name","Tally","78","029","Bronx","IN-PLAY","Primary Election - 06/28/2022","Democratic","Female District Leader","78",1,"Altagracia Soldevilla",19
"AD","ED","County","EDAD Status","Event","Party/Independent Body","Office/Position Title","District Key","VoteFor","Unit Name","Tally","78","030","Bronx","IN-PLAY","Primary Election - 06/28/2022","Democratic","Female District Leader","78",1,"Public Counter",84
"AD","ED","County","EDAD Status","Event","Party/Independent Body","Office/Position Title","District Key","VoteFor","Unit Name","Tally","78","030","Bronx","IN-PLAY","Primary Election - 06/28/2022","Democratic","Female District Leader","78",1,"Manually Counted Emergency",0
"AD","ED","County","EDAD Status","Event","Party/Independent Body","Office/Position Title","District Key","VoteFor","Unit Name","Tally","78","030","Bronx","IN-PLAY","Primary Election - 06/28/2022","Democratic","Female District Leader","78",1,"Absentee / Military",11
"AD","ED","County","EDAD Status","Event","Party/Independent Body","Office/Position Title","District Key","VoteFor","Unit Name","Tally","78","030","Bronx","IN-PLAY","Primary Election - 06/28/2022","Democratic","Female District Leader","78",1,"Affidavit",1
"AD","ED","County","EDAD Status","Event","Party/Independent Body","Office/Position Title","District Key","VoteFor","Unit Name","Tally","78","030","Bronx","IN-PLAY","Primary Election - 06/28/2022","Democratic","Female District Leader","78",1,"Maria Gonzalez",41
"AD","ED","County","EDAD Status","Event","Party/Independent Body","Office/Position Title","District Key","VoteFor","Unit Name","Tally","78","030","Bronx","IN-PLAY","Primary Election - 06/28/2022","Democratic","Female District Leader","78",1,"Jasmin A. Clavasquin-Cruz",21
"AD","ED","County","EDAD Status","Event","Party/Independent Body","Office/Position Title","District Key","VoteFor","Unit Name","Tally","78","030","Bronx","IN-PLAY","Primary Election - 06/28/2022","Democratic","Female District Leader","78",1,"Altagracia Soldevilla",14
"AD","ED","County","EDAD Status","Event","Party/Independent Body","Office/Position Title","District Key","VoteFor","Unit Name","Tally","78","030","Bronx","IN-PLAY","Primary Election - 06/28/2022","Democratic","Female District Leader","78",1,"Scattered",1
"AD","ED","County","EDAD Status","Event","Party/Independent Body","Office/Position Title","District Key","VoteFor","Unit Name","Tally","78","031","Bronx","IN-PLAY","Primary Election - 06/28/2022","Democratic","Female District Leader","78",1,"Public Counter",84
"AD","ED","County","EDAD Status","Event","Party/Independent Body","Office/Position Title","District Key","VoteFor","Unit Name","Tally","78","031","Bronx","IN-PLAY","Primary Election - 06/28/2022","Democratic","Female District Leader","78",1,"Manually Counted Emergency",0
"AD","ED","County","EDAD Status","Event","Party/Independent Body","Office/Position Title","District Key","VoteFor","Unit Name","Tally","78","031","Bronx","IN-PLAY","Primary Election - 06/28/2022","Democratic","Female District Leader","78",1,"Absentee / Military",8
"AD","ED","County","EDAD Status","Event","Party/Independent Body","Office/Position Title","District Key","VoteFor","Unit Name","Tally","78","031","Bronx","IN-PLAY","Primary Election - 06/28/2022","Democratic","Female District Leader","78",1,"Affidavit",0
"AD","ED","County","EDAD Status","Event","Party/Independent Body","Office/Position Title","District Key","VoteFor","Unit Name","Tally","78","031","Bronx","IN-PLAY","Primary Election - 06/28/2022","Democratic","Female District Leader","78",1,"Maria Gonzalez",52
"AD","ED","County","EDAD Status","Event","Party/Independent Body","Office/Position Title","District Key","VoteFor","Unit Name","Tally","78","031","Bronx","IN-PLAY","Primary Election - 06/28/2022","Democratic","Female District Leader","78",1,"Jasmin A. Clavasquin-Cruz",12
"AD","ED","County","EDAD Status","Event","Party/Independent Body","Office/Position Title","District Key","VoteFor","Unit Name","Tally","78","031","Bronx","IN-PLAY","Primary Election - 06/28/2022","Democratic","Female District Leader","78",1,"Altagracia Soldevilla",10
"AD","ED","County","EDAD Status","Event","Party/Independent Body","Office/Position Title","District Key","VoteFor","Unit Name","Tally","78","031","Bronx","IN-PLAY","Primary Election - 06/28/2022","Democratic","Female District Leader","78",1,"Scattered",2
"AD","ED","County","EDAD Status","Event","Party/Independent Body","Office/Position Title","District Key","VoteFor","Unit Name","Tally","78","032","Bronx","IN-PLAY","Primary Election - 06/28/2022","Democratic","Female District Leader","78",1,"Public Counter",214
"AD","ED","County","EDAD Status","Event","Party/Independent Body","Office/Position Title","District Key","VoteFor","Unit Name","Tally","78","032","Bronx","IN-PLAY","Primary Election - 06/28/2022","Democratic","Female District Leader","78",1,"Manually Counted Emergency",0
"AD","ED","County","EDAD Status","Event","Party/Independent Body","Office/Position Title","District Key","VoteFor","Unit Name","Tally","78","032","Bronx","IN-PLAY","Primary Election - 06/28/2022","Democratic","Female District Leader","78",1,"Absentee / Military",23
"AD","ED","County","EDAD Status","Event","Party/Independent Body","Office/Position Title","District Key","VoteFor","Unit Name","Tally","78","032","Bronx","IN-PLAY","Primary Election - 06/28/2022","Democratic","Female District Leader","78",1,"Affidavit",1
"AD","ED","County","EDAD Status","Event","Party/Independent Body","Office/Position Title","District Key","VoteFor","Unit Name","Tally","78","032","Bronx","IN-PLAY","Primary Election - 06/28/2022","Democratic","Female District Leader","78",1,"Maria Gonzalez",103
"AD","ED","County","EDAD Status","Event","Party/Independent Body","Office/Position Title","District Key","VoteFor","Unit Name","Tally","78","032","Bronx","IN-PLAY","Primary Election - 06/28/2022","Democratic","Female District Leader","78",1,"Jasmin A. Clavasquin-Cruz",58
"AD","ED","County","EDAD Status","Event","Party/Independent Body","Office/Position Title","District Key","VoteFor","Unit Name","Tally","78","032","Bronx","IN-PLAY","Primary Election - 06/28/2022","Democratic","Female District Leader","78",1,"Altagracia Soldevilla",28
"AD","ED","County","EDAD Status","Event","Party/Independent Body","Office/Position Title","District Key","VoteFor","Unit Name","Tally","78","032","Bronx","IN-PLAY","Primary Election - 06/28/2022","Democratic","Female District Leader","78",1,"Scattered",1
"AD","ED","County","EDAD Status","Event","Party/Independent Body","Office/Position Title","District Key","VoteFor","Unit Name","Tally","78","033","Bronx","IN-PLAY","Primary Election - 06/28/2022","Democratic","Female District Leader","78",1,"Public Counter",92
"AD","ED","County","EDAD Status","Event","Party/Independent Body","Office/Position Title","District Key","VoteFor","Unit Name","Tally","78","033","Bronx","IN-PLAY","Primary Election - 06/28/2022","Democratic","Female District Leader","78",1,"Manually Counted Emergency",0
"AD","ED","County","EDAD Status","Event","Party/Independent Body","Office/Position Title","District Key","VoteFor","Unit Name","Tally","78","033","Bronx","IN-PLAY","Primary Election - 06/28/2022","Democratic","Female District Leader","78",1,"Absentee / Military",5
"AD","ED","County","EDAD Status","Event","Party/Independent Body","Office/Position Title","District Key","VoteFor","Unit Name","Tally","78","033","Bronx","IN-PLAY","Primary Election - 06/28/2022","Democratic","Female District Leader","78",1,"Affidavit",1
"AD","ED","County","EDAD Status","Event","Party/Independent Body","Office/Position Title","District Key","VoteFor","Unit Name","Tally","78","033","Bronx","IN-PLAY","Primary Election - 06/28/2022","Democratic","Female District Leader","78",1,"Maria Gonzalez",44
"AD","ED","County","EDAD Status","Event","Party/Independent Body","Office/Position Title","District Key","VoteFor","Unit Name","Tally","78","033","Bronx","IN-PLAY","Primary Election - 06/28/2022","Democratic","Female District Leader","78",1,"Jasmin A. Clavasquin-Cruz",21
"AD","ED","County","EDAD Status","Event","Party/Independent Body","Office/Position Title","District Key","VoteFor","Unit Name","Tally","78","033","Bronx","IN-PLAY","Primary Election - 06/28/2022","Democratic","Female District Leader","78",1,"Altagracia Soldevilla",13
"AD","ED","County","EDAD Status","Event","Party/Independent Body","Office/Position Title","District Key","VoteFor","Unit Name","Tally","78","034","Bronx","IN-PLAY","Primary Election - 06/28/2022","Democratic","Female District Leader","78",1,"Public Counter",90
"AD","ED","County","EDAD Status","Event","Party/Independent Body","Office/Position Title","District Key","VoteFor","Unit Name","Tally","78","034","Bronx","IN-PLAY","Primary Election - 06/28/2022","Democratic","Female District Leader","78",1,"Manually Counted Emergency",0
"AD","ED","County","EDAD Status","Event","Party/Independent Body","Office/Position Title","District Key","VoteFor","Unit Name","Tally","78","034","Bronx","IN-PLAY","Primary Election - 06/28/2022","Democratic","Female District Leader","78",1,"Absentee / Military",5
"AD","ED","County","EDAD Status","Event","Party/Independent Body","Office/Position Title","District Key","VoteFor","Unit Name","Tally","78","034","Bronx","IN-PLAY","Primary Election - 06/28/2022","Democratic","Female District Leader","78",1,"Affidavit",4
"AD","ED","County","EDAD Status","Event","Party/Independent Body","Office/Position Title","District Key","VoteFor","Unit Name","Tally","78","034","Bronx","IN-PLAY","Primary Election - 06/28/2022","Democratic","Female District Leader","78",1,"Maria Gonzalez",53
"AD","ED","County","EDAD Status","Event","Party/Independent Body","Office/Position Title","District Key","VoteFor","Unit Name","Tally","78","034","Bronx","IN-PLAY","Primary Election - 06/28/2022","Democratic","Female District Leader","78",1,"Jasmin A. Clavasquin-Cruz",14
"AD","ED","County","EDAD Status","Event","Party/Independent Body","Office/Position Title","District Key","VoteFor","Unit Name","Tally","78","034","Bronx","IN-PLAY","Primary Election - 06/28/2022","Democratic","Female District Leader","78",1,"Altagracia Soldevilla",14
"AD","ED","County","EDAD Status","Event","Party/Independent Body","Office/Position Title","District Key","VoteFor","Unit Name","Tally","78","035","Bronx","IN-PLAY","Primary Election - 06/28/2022","Democratic","Female District Leader","78",1,"Public Counter",86
"AD","ED","County","EDAD Status","Event","Party/Independent Body","Office/Position Title","District Key","VoteFor","Unit Name","Tally","78","035","Bronx","IN-PLAY","Primary Election - 06/28/2022","Democratic","Female District Leader","78",1,"Manually Counted Emergency",0
"AD","ED","County","EDAD Status","Event","Party/Independent Body","Office/Position Title","District Key","VoteFor","Unit Name","Tally","78","035","Bronx","IN-PLAY","Primary Election - 06/28/2022","Democratic","Female District Leader","78",1,"Absentee / Military",3
"AD","ED","County","EDAD Status","Event","Party/Independent Body","Office/Position Title","District Key","VoteFor","Unit Name","Tally","78","035","Bronx","IN-PLAY","Primary Election - 06/28/2022","Democratic","Female District Leader","78",1,"Affidavit",0
"AD","ED","County","EDAD Status","Event","Party/Independent Body","Office/Position Title","District Key","VoteFor","Unit Name","Tally","78","035","Bronx","IN-PLAY","Primary Election - 06/28/2022","Democratic","Female District Leader","78",1,"Maria Gonzalez",50
"AD","ED","County","EDAD Status","Event","Party/Independent Body","Office/Position Title","District Key","VoteFor","Unit Name","Tally","78","035","Bronx","IN-PLAY","Primary Election - 06/28/2022","Democratic","Female District Leader","78",1,"Jasmin A. Clavasquin-Cruz",9
"AD","ED","County","EDAD Status","Event","Party/Independent Body","Office/Position Title","District Key","VoteFor","Unit Name","Tally","78","035","Bronx","IN-PLAY","Primary Election - 06/28/2022","Democratic","Female District Leader","78",1,"Altagracia Soldevilla",13
"AD","ED","County","EDAD Status","Event","Party/Independent Body","Office/Position Title","District Key","VoteFor","Unit Name","Tally","78","036","Bronx","IN-PLAY","Primary Election - 06/28/2022","Democratic","Female District Leader","78",1,"Public Counter",170
"AD","ED","County","EDAD Status","Event","Party/Independent Body","Office/Position Title","District Key","VoteFor","Unit Name","Tally","78","036","Bronx","IN-PLAY","Primary Election - 06/28/2022","Democratic","Female District Leader","78",1,"Manually Counted Emergency",0
"AD","ED","County","EDAD Status","Event","Party/Independent Body","Office/Position Title","District Key","VoteFor","Unit Name","Tally","78","036","Bronx","IN-PLAY","Primary Election - 06/28/2022","Democratic","Female District Leader","78",1,"Absentee / Military",13
"AD","ED","County","EDAD Status","Event","Party/Independent Body","Office/Position Title","District Key","VoteFor","Unit Name","Tally","78","036","Bronx","IN-PLAY","Primary Election - 06/28/2022","Democratic","Female District Leader","78",1,"Affidavit",1
"AD","ED","County","EDAD Status","Event","Party/Independent Body","Office/Position Title","District Key","VoteFor","Unit Name","Tally","78","036","Bronx","IN-PLAY","Primary Election - 06/28/2022","Democratic","Female District Leader","78",1,"Maria Gonzalez",67
"AD","ED","County","EDAD Status","Event","Party/Independent Body","Office/Position Title","District Key","VoteFor","Unit Name","Tally","78","036","Bronx","IN-PLAY","Primary Election - 06/28/2022","Democratic","Female District Leader","78",1,"Jasmin A. Clavasquin-Cruz",69
"AD","ED","County","EDAD Status","Event","Party/Independent Body","Office/Position Title","District Key","VoteFor","Unit Name","Tally","78","036","Bronx","IN-PLAY","Primary Election - 06/28/2022","Democratic","Female District Leader","78",1,"Altagracia Soldevilla",12
"AD","ED","County","EDAD Status","Event","Party/Independent Body","Office/Position Title","District Key","VoteFor","Unit Name","Tally","78","036","Bronx","IN-PLAY","Primary Election - 06/28/2022","Democratic","Female District Leader","78",1,"Scattered",2
"AD","ED","County","EDAD Status","Event","Party/Independent Body","Office/Position Title","District Key","VoteFor","Unit Name","Tally","78","037","Bronx","IN-PLAY","Primary Election - 06/28/2022","Democratic","Female District Leader","78",1,"Public Counter",107
"AD","ED","County","EDAD Status","Event","Party/Independent Body","Office/Position Title","District Key","VoteFor","Unit Name","Tally","78","037","Bronx","IN-PLAY","Primary Election - 06/28/2022","Democratic","Female District Leader","78",1,"Manually Counted Emergency",0
"AD","ED","County","EDAD Status","Event","Party/Independent Body","Office/Position Title","District Key","VoteFor","Unit Name","Tally","78","037","Bronx","IN-PLAY","Primary Election - 06/28/2022","Democratic","Female District Leader","78",1,"Absentee / Military",55
"AD","ED","County","EDAD Status","Event","Party/Independent Body","Office/Position Title","District Key","VoteFor","Unit Name","Tally","78","037","Bronx","IN-PLAY","Primary Election - 06/28/2022","Democratic","Female District Leader","78",1,"Affidavit",2
"AD","ED","County","EDAD Status","Event","Party/Independent Body","Office/Position Title","District Key","VoteFor","Unit Name","Tally","78","037","Bronx","IN-PLAY","Primary Election - 06/28/2022","Democratic","Female District Leader","78",1,"Maria Gonzalez",66
"AD","ED","County","EDAD Status","Event","Party/Independent Body","Office/Position Title","District Key","VoteFor","Unit Name","Tally","78","037","Bronx","IN-PLAY","Primary Election - 06/28/2022","Democratic","Female District Leader","78",1,"Jasmin A. Clavasquin-Cruz",32
"AD","ED","County","EDAD Status","Event","Party/Independent Body","Office/Position Title","District Key","VoteFor","Unit Name","Tally","78","037","Bronx","IN-PLAY","Primary Election - 06/28/2022","Democratic","Female District Leader","78",1,"Altagracia Soldevilla",19
"AD","ED","County","EDAD Status","Event","Party/Independent Body","Office/Position Title","District Key","VoteFor","Unit Name","Tally","78","037","Bronx","IN-PLAY","Primary Election - 06/28/2022","Democratic","Female District Leader","78",1,"Scattered",1
"AD","ED","County","EDAD Status","Event","Party/Independent Body","Office/Position Title","District Key","VoteFor","Unit Name","Tally","78","038","Bronx","IN-PLAY","Primary Election - 06/28/2022","Democratic","Female District Leader","78",1,"Public Counter",54
"AD","ED","County","EDAD Status","Event","Party/Independent Body","Office/Position Title","District Key","VoteFor","Unit Name","Tally","78","038","Bronx","IN-PLAY","Primary Election - 06/28/2022","Democratic","Female District Leader","78",1,"Manually Counted Emergency",0
"AD","ED","County","EDAD Status","Event","Party/Independent Body","Office/Position Title","District Key","VoteFor","Unit Name","Tally","78","038","Bronx","IN-PLAY","Primary Election - 06/28/2022","Democratic","Female District Leader","78",1,"Absentee / Military",1
"AD","ED","County","EDAD Status","Event","Party/Independent Body","Office/Position Title","District Key","VoteFor","Unit Name","Tally","78","038","Bronx","IN-PLAY","Primary Election - 06/28/2022","Democratic","Female District Leader","78",1,"Affidavit",0
"AD","ED","County","EDAD Status","Event","Party/Independent Body","Office/Position Title","District Key","VoteFor","Unit Name","Tally","78","038","Bronx","IN-PLAY","Primary Election - 06/28/2022","Democratic","Female District Leader","78",1,"Maria Gonzalez",28
"AD","ED","County","EDAD Status","Event","Party/Independent Body","Office/Position Title","District Key","VoteFor","Unit Name","Tally","78","038","Bronx","IN-PLAY","Primary Election - 06/28/2022","Democratic","Female District Leader","78",1,"Jasmin A. Clavasquin-Cruz",10
"AD","ED","County","EDAD Status","Event","Party/Independent Body","Office/Position Title","District Key","VoteFor","Unit Name","Tally","78","038","Bronx","IN-PLAY","Primary Election - 06/28/2022","Democratic","Female District Leader","78",1,"Altagracia Soldevilla",8
"AD","ED","County","EDAD Status","Event","Party/Independent Body","Office/Position Title","District Key","VoteFor","Unit Name","Tally","78","039","Bronx","IN-PLAY","Primary Election - 06/28/2022","Democratic","Female District Leader","78",1,"Public Counter",64
"AD","ED","County","EDAD Status","Event","Party/Independent Body","Office/Position Title","District Key","VoteFor","Unit Name","Tally","78","039","Bronx","IN-PLAY","Primary Election - 06/28/2022","Democratic","Female District Leader","78",1,"Manually Counted Emergency",0
"AD","ED","County","EDAD Status","Event","Party/Independent Body","Office/Position Title","District Key","VoteFor","Unit Name","Tally","78","039","Bronx","IN-PLAY","Primary Election - 06/28/2022","Democratic","Female District Leader","78",1,"Absentee / Military",1
"AD","ED","County","EDAD Status","Event","Party/Independent Body","Office/Position Title","District Key","VoteFor","Unit Name","Tally","78","039","Bronx","IN-PLAY","Primary Election - 06/28/2022","Democratic","Female District Leader","78",1,"Affidavit",1
"AD","ED","County","EDAD Status","Event","Party/Independent Body","Office/Position Title","District Key","VoteFor","Unit Name","Tally","78","039","Bronx","IN-PLAY","Primary Election - 06/28/2022","Democratic","Female District Leader","78",1,"Maria Gonzalez",30
"AD","ED","County","EDAD Status","Event","Party/Independent Body","Office/Position Title","District Key","VoteFor","Unit Name","Tally","78","039","Bronx","IN-PLAY","Primary Election - 06/28/2022","Democratic","Female District Leader","78",1,"Jasmin A. Clavasquin-Cruz",8
"AD","ED","County","EDAD Status","Event","Party/Independent Body","Office/Position Title","District Key","VoteFor","Unit Name","Tally","78","039","Bronx","IN-PLAY","Primary Election - 06/28/2022","Democratic","Female District Leader","78",1,"Altagracia Soldevilla",14
"AD","ED","County","EDAD Status","Event","Party/Independent Body","Office/Position Title","District Key","VoteFor","Unit Name","Tally","78","040","Bronx","IN-PLAY","Primary Election - 06/28/2022","Democratic","Female District Leader","78",1,"Public Counter",62
"AD","ED","County","EDAD Status","Event","Party/Independent Body","Office/Position Title","District Key","VoteFor","Unit Name","Tally","78","040","Bronx","IN-PLAY","Primary Election - 06/28/2022","Democratic","Female District Leader","78",1,"Manually Counted Emergency",0
"AD","ED","County","EDAD Status","Event","Party/Independent Body","Office/Position Title","District Key","VoteFor","Unit Name","Tally","78","040","Bronx","IN-PLAY","Primary Election - 06/28/2022","Democratic","Female District Leader","78",1,"Absentee / Military",5
"AD","ED","County","EDAD Status","Event","Party/Independent Body","Office/Position Title","District Key","VoteFor","Unit Name","Tally","78","040","Bronx","IN-PLAY","Primary Election - 06/28/2022","Democratic","Female District Leader","78",1,"Affidavit",1
"AD","ED","County","EDAD Status","Event","Party/Independent Body","Office/Position Title","District Key","VoteFor","Unit Name","Tally","78","040","Bronx","IN-PLAY","Primary Election - 06/28/2022","Democratic","Female District Leader","78",1,"Maria Gonzalez",28
"AD","ED","County","EDAD Status","Event","Party/Independent Body","Office/Position Title","District Key","VoteFor","Unit Name","Tally","78","040","Bronx","IN-PLAY","Primary Election - 06/28/2022","Democratic","Female District Leader","78",1,"Jasmin A. Clavasquin-Cruz",10
"AD","ED","County","EDAD Status","Event","Party/Independent Body","Office/Position Title","District Key","VoteFor","Unit Name","Tally","78","040","Bronx","IN-PLAY","Primary Election - 06/28/2022","Democratic","Female District Leader","78",1,"Altagracia Soldevilla",13
"AD","ED","County","EDAD Status","Event","Party/Independent Body","Office/Position Title","District Key","VoteFor","Unit Name","Tally","78","040","Bronx","IN-PLAY","Primary Election - 06/28/2022","Democratic","Female District Leader","78",1,"Scattered",2
"AD","ED","County","EDAD Status","Event","Party/Independent Body","Office/Position Title","District Key","VoteFor","Unit Name","Tally","78","041","Bronx","IN-PLAY","Primary Election - 06/28/2022","Democratic","Female District Leader","78",1,"Public Counter",76
"AD","ED","County","EDAD Status","Event","Party/Independent Body","Office/Position Title","District Key","VoteFor","Unit Name","Tally","78","041","Bronx","IN-PLAY","Primary Election - 06/28/2022","Democratic","Female District Leader","78",1,"Manually Counted Emergency",0
"AD","ED","County","EDAD Status","Event","Party/Independent Body","Office/Position Title","District Key","VoteFor","Unit Name","Tally","78","041","Bronx","IN-PLAY","Primary Election - 06/28/2022","Democratic","Female District Leader","78",1,"Absentee / Military",9
"AD","ED","County","EDAD Status","Event","Party/Independent Body","Office/Position Title","District Key","VoteFor","Unit Name","Tally","78","041","Bronx","IN-PLAY","Primary Election - 06/28/2022","Democratic","Female District Leader","78",1,"Affidavit",1
"AD","ED","County","EDAD Status","Event","Party/Independent Body","Office/Position Title","District Key","VoteFor","Unit Name","Tally","78","041","Bronx","IN-PLAY","Primary Election - 06/28/2022","Democratic","Female District Leader","78",1,"Maria Gonzalez",41
"AD","ED","County","EDAD Status","Event","Party/Independent Body","Office/Position Title","District Key","VoteFor","Unit Name","Tally","78","041","Bronx","IN-PLAY","Primary Election - 06/28/2022","Democratic","Female District Leader","78",1,"Jasmin A. Clavasquin-Cruz",11
"AD","ED","County","EDAD Status","Event","Party/Independent Body","Office/Position Title","District Key","VoteFor","Unit Name","Tally","78","041","Bronx","IN-PLAY","Primary Election - 06/28/2022","Democratic","Female District Leader","78",1,"Altagracia Soldevilla",17
"AD","ED","County","EDAD Status","Event","Party/Independent Body","Office/Position Title","District Key","VoteFor","Unit Name","Tally","78","042","Bronx","IN-PLAY","Primary Election - 06/28/2022","Democratic","Female District Leader","78",1,"Public Counter",94
"AD","ED","County","EDAD Status","Event","Party/Independent Body","Office/Position Title","District Key","VoteFor","Unit Name","Tally","78","042","Bronx","IN-PLAY","Primary Election - 06/28/2022","Democratic","Female District Leader","78",1,"Manually Counted Emergency",0
"AD","ED","County","EDAD Status","Event","Party/Independent Body","Office/Position Title","District Key","VoteFor","Unit Name","Tally","78","042","Bronx","IN-PLAY","Primary Election - 06/28/2022","Democratic","Female District Leader","78",1,"Absentee / Military",5
"AD","ED","County","EDAD Status","Event","Party/Independent Body","Office/Position Title","District Key","VoteFor","Unit Name","Tally","78","042","Bronx","IN-PLAY","Primary Election - 06/28/2022","Democratic","Female District Leader","78",1,"Affidavit",1
"AD","ED","County","EDAD Status","Event","Party/Independent Body","Office/Position Title","District Key","VoteFor","Unit Name","Tally","78","042","Bronx","IN-PLAY","Primary Election - 06/28/2022","Democratic","Female District Leader","78",1,"Maria Gonzalez",46
"AD","ED","County","EDAD Status","Event","Party/Independent Body","Office/Position Title","District Key","VoteFor","Unit Name","Tally","78","042","Bronx","IN-PLAY","Primary Election - 06/28/2022","Democratic","Female District Leader","78",1,"Jasmin A. Clavasquin-Cruz",23
"AD","ED","County","EDAD Status","Event","Party/Independent Body","Office/Position Title","District Key","VoteFor","Unit Name","Tally","78","042","Bronx","IN-PLAY","Primary Election - 06/28/2022","Democratic","Female District Leader","78",1,"Altagracia Soldevilla",14
"AD","ED","County","EDAD Status","Event","Party/Independent Body","Office/Position Title","District Key","VoteFor","Unit Name","Tally","78","043","Bronx","IN-PLAY","Primary Election - 06/28/2022","Democratic","Female District Leader","78",1,"Public Counter",98
"AD","ED","County","EDAD Status","Event","Party/Independent Body","Office/Position Title","District Key","VoteFor","Unit Name","Tally","78","043","Bronx","IN-PLAY","Primary Election - 06/28/2022","Democratic","Female District Leader","78",1,"Manually Counted Emergency",0
"AD","ED","County","EDAD Status","Event","Party/Independent Body","Office/Position Title","District Key","VoteFor","Unit Name","Tally","78","043","Bronx","IN-PLAY","Primary Election - 06/28/2022","Democratic","Female District Leader","78",1,"Absentee / Military",6
"AD","ED","County","EDAD Status","Event","Party/Independent Body","Office/Position Title","District Key","VoteFor","Unit Name","Tally","78","043","Bronx","IN-PLAY","Primary Election - 06/28/2022","Democratic","Female District Leader","78",1,"Affidavit",1
"AD","ED","County","EDAD Status","Event","Party/Independent Body","Office/Position Title","District Key","VoteFor","Unit Name","Tally","78","043","Bronx","IN-PLAY","Primary Election - 06/28/2022","Democratic","Female District Leader","78",1,"Maria Gonzalez",52
"AD","ED","County","EDAD Status","Event","Party/Independent Body","Office/Position Title","District Key","VoteFor","Unit Name","Tally","78","043","Bronx","IN-PLAY","Primary Election - 06/28/2022","Democratic","Female District Leader","78",1,"Jasmin A. Clavasquin-Cruz",15
"AD","ED","County","EDAD Status","Event","Party/Independent Body","Office/Position Title","District Key","VoteFor","Unit Name","Tally","78","043","Bronx","IN-PLAY","Primary Election - 06/28/2022","Democratic","Female District Leader","78",1,"Altagracia Soldevilla",21
"AD","ED","County","EDAD Status","Event","Party/Independent Body","Office/Position Title","District Key","VoteFor","Unit Name","Tally","78","044","Bronx","IN-PLAY","Primary Election - 06/28/2022","Democratic","Female District Leader","78",1,"Public Counter",66
"AD","ED","County","EDAD Status","Event","Party/Independent Body","Office/Position Title","District Key","VoteFor","Unit Name","Tally","78","044","Bronx","IN-PLAY","Primary Election - 06/28/2022","Democratic","Female District Leader","78",1,"Manually Counted Emergency",0
"AD","ED","County","EDAD Status","Event","Party/Independent Body","Office/Position Title","District Key","VoteFor","Unit Name","Tally","78","044","Bronx","IN-PLAY","Primary Election - 06/28/2022","Democratic","Female District Leader","78",1,"Absentee / Military",4
"AD","ED","County","EDAD Status","Event","Party/Independent Body","Office/Position Title","District Key","VoteFor","Unit Name","Tally","78","044","Bronx","IN-PLAY","Primary Election - 06/28/2022","Democratic","Female District Leader","78",1,"Affidavit",1
"AD","ED","County","EDAD Status","Event","Party/Independent Body","Office/Position Title","District Key","VoteFor","Unit Name","Tally","78","044","Bronx","IN-PLAY","Primary Election - 06/28/2022","Democratic","Female District Leader","78",1,"Maria Gonzalez",32
"AD","ED","County","EDAD Status","Event","Party/Independent Body","Office/Position Title","District Key","VoteFor","Unit Name","Tally","78","044","Bronx","IN-PLAY","Primary Election - 06/28/2022","Democratic","Female District Leader","78",1,"Jasmin A. Clavasquin-Cruz",13
"AD","ED","County","EDAD Status","Event","Party/Independent Body","Office/Position Title","District Key","VoteFor","Unit Name","Tally","78","044","Bronx","IN-PLAY","Primary Election - 06/28/2022","Democratic","Female District Leader","78",1,"Altagracia Soldevilla",16
"AD","ED","County","EDAD Status","Event","Party/Independent Body","Office/Position Title","District Key","VoteFor","Unit Name","Tally","78","045","Bronx","IN-PLAY","Primary Election - 06/28/2022","Democratic","Female District Leader","78",1,"Public Counter",46
"AD","ED","County","EDAD Status","Event","Party/Independent Body","Office/Position Title","District Key","VoteFor","Unit Name","Tally","78","045","Bronx","IN-PLAY","Primary Election - 06/28/2022","Democratic","Female District Leader","78",1,"Manually Counted Emergency",0
"AD","ED","County","EDAD Status","Event","Party/Independent Body","Office/Position Title","District Key","VoteFor","Unit Name","Tally","78","045","Bronx","IN-PLAY","Primary Election - 06/28/2022","Democratic","Female District Leader","78",1,"Absentee / Military",2
"AD","ED","County","EDAD Status","Event","Party/Independent Body","Office/Position Title","District Key","VoteFor","Unit Name","Tally","78","045","Bronx","IN-PLAY","Primary Election - 06/28/2022","Democratic","Female District Leader","78",1,"Affidavit",0
"AD","ED","County","EDAD Status","Event","Party/Independent Body","Office/Position Title","District Key","VoteFor","Unit Name","Tally","78","045","Bronx","IN-PLAY","Primary Election - 06/28/2022","Democratic","Female District Leader","78",1,"Maria Gonzalez",26
"AD","ED","County","EDAD Status","Event","Party/Independent Body","Office/Position Title","District Key","VoteFor","Unit Name","Tally","78","045","Bronx","IN-PLAY","Primary Election - 06/28/2022","Democratic","Female District Leader","78",1,"Jasmin A. Clavasquin-Cruz",4
"AD","ED","County","EDAD Status","Event","Party/Independent Body","Office/Position Title","District Key","VoteFor","Unit Name","Tally","78","045","Bronx","IN-PLAY","Primary Election - 06/28/2022","Democratic","Female District Leader","78",1,"Altagracia Soldevilla",10
"AD","ED","County","EDAD Status","Event","Party/Independent Body","Office/Position Title","District Key","VoteFor","Unit Name","Tally","78","046","Bronx","IN-PLAY","Primary Election - 06/28/2022","Democratic","Female District Leader","78",1,"Public Counter",41
"AD","ED","County","EDAD Status","Event","Party/Independent Body","Office/Position Title","District Key","VoteFor","Unit Name","Tally","78","046","Bronx","IN-PLAY","Primary Election - 06/28/2022","Democratic","Female District Leader","78",1,"Manually Counted Emergency",0
"AD","ED","County","EDAD Status","Event","Party/Independent Body","Office/Position Title","District Key","VoteFor","Unit Name","Tally","78","046","Bronx","IN-PLAY","Primary Election - 06/28/2022","Democratic","Female District Leader","78",1,"Absentee / Military",4
"AD","ED","County","EDAD Status","Event","Party/Independent Body","Office/Position Title","District Key","VoteFor","Unit Name","Tally","78","046","Bronx","IN-PLAY","Primary Election - 06/28/2022","Democratic","Female District Leader","78",1,"Affidavit",0
"AD","ED","County","EDAD Status","Event","Party/Independent Body","Office/Position Title","District Key","VoteFor","Unit Name","Tally","78","046","Bronx","IN-PLAY","Primary Election - 06/28/2022","Democratic","Female District Leader","78",1,"Maria Gonzalez",15
"AD","ED","County","EDAD Status","Event","Party/Independent Body","Office/Position Title","District Key","VoteFor","Unit Name","Tally","78","046","Bronx","IN-PLAY","Primary Election - 06/28/2022","Democratic","Female District Leader","78",1,"Jasmin A. Clavasquin-Cruz",5
"AD","ED","County","EDAD Status","Event","Party/Independent Body","Office/Position Title","District Key","VoteFor","Unit Name","Tally","78","046","Bronx","IN-PLAY","Primary Election - 06/28/2022","Democratic","Female District Leader","78",1,"Altagracia Soldevilla",13
"AD","ED","County","EDAD Status","Event","Party/Independent Body","Office/Position Title","District Key","VoteFor","Unit Name","Tally","78","047","Bronx","IN-PLAY","Primary Election - 06/28/2022","Democratic","Female District Leader","78",1,"Public Counter",58
"AD","ED","County","EDAD Status","Event","Party/Independent Body","Office/Position Title","District Key","VoteFor","Unit Name","Tally","78","047","Bronx","IN-PLAY","Primary Election - 06/28/2022","Democratic","Female District Leader","78",1,"Manually Counted Emergency",0
"AD","ED","County","EDAD Status","Event","Party/Independent Body","Office/Position Title","District Key","VoteFor","Unit Name","Tally","78","047","Bronx","IN-PLAY","Primary Election - 06/28/2022","Democratic","Female District Leader","78",1,"Absentee / Military",0
"AD","ED","County","EDAD Status","Event","Party/Independent Body","Office/Position Title","District Key","VoteFor","Unit Name","Tally","78","047","Bronx","IN-PLAY","Primary Election - 06/28/2022","Democratic","Female District Leader","78",1,"Affidavit",0
"AD","ED","County","EDAD Status","Event","Party/Independent Body","Office/Position Title","District Key","VoteFor","Unit Name","Tally","78","047","Bronx","IN-PLAY","Primary Election - 06/28/2022","Democratic","Female District Leader","78",1,"Maria Gonzalez",16
"AD","ED","County","EDAD Status","Event","Party/Independent Body","Office/Position Title","District Key","VoteFor","Unit Name","Tally","78","047","Bronx","IN-PLAY","Primary Election - 06/28/2022","Democratic","Female District Leader","78",1,"Jasmin A. Clavasquin-Cruz",16
"AD","ED","County","EDAD Status","Event","Party/Independent Body","Office/Position Title","District Key","VoteFor","Unit Name","Tally","78","047","Bronx","IN-PLAY","Primary Election - 06/28/2022","Democratic","Female District Leader","78",1,"Altagracia Soldevilla",16
"AD","ED","County","EDAD Status","Event","Party/Independent Body","Office/Position Title","District Key","VoteFor","Unit Name","Tally","78","048","Bronx","COMBINED INTO 011/78","Primary Election - 06/28/2022","Democratic","Female District Leader","78",1,"Public Counter",0
"AD","ED","County","EDAD Status","Event","Party/Independent Body","Office/Position Title","District Key","VoteFor","Unit Name","Tally","78","048","Bronx","COMBINED INTO 011/78","Primary Election - 06/28/2022","Democratic","Female District Leader","78",1,"Manually Counted Emergency",0
"AD","ED","County","EDAD Status","Event","Party/Independent Body","Office/Position Title","District Key","VoteFor","Unit Name","Tally","78","048","Bronx","COMBINED INTO 011/78","Primary Election - 06/28/2022","Democratic","Female District Leader","78",1,"Absentee / Military",0
"AD","ED","County","EDAD Status","Event","Party/Independent Body","Office/Position Title","District Key","VoteFor","Unit Name","Tally","78","048","Bronx","COMBINED INTO 011/78","Primary Election - 06/28/2022","Democratic","Female District Leader","78",1,"Affidavit",0
"AD","ED","County","EDAD Status","Event","Party/Independent Body","Office/Position Title","District Key","VoteFor","Unit Name","Tally","78","049","Bronx","COMBINED INTO 011/78","Primary Election - 06/28/2022","Democratic","Female District Leader","78",1,"Public Counter",0
"AD","ED","County","EDAD Status","Event","Party/Independent Body","Office/Position Title","District Key","VoteFor","Unit Name","Tally","78","049","Bronx","COMBINED INTO 011/78","Primary Election - 06/28/2022","Democratic","Female District Leader","78",1,"Manually Counted Emergency",0
"AD","ED","County","EDAD Status","Event","Party/Independent Body","Office/Position Title","District Key","VoteFor","Unit Name","Tally","78","049","Bronx","COMBINED INTO 011/78","Primary Election - 06/28/2022","Democratic","Female District Leader","78",1,"Absentee / Military",0
"AD","ED","County","EDAD Status","Event","Party/Independent Body","Office/Position Title","District Key","VoteFor","Unit Name","Tally","78","049","Bronx","COMBINED INTO 011/78","Primary Election - 06/28/2022","Democratic","Female District Leader","78",1,"Affidavit",0
"AD","ED","County","EDAD Status","Event","Party/Independent Body","Office/Position Title","District Key","VoteFor","Unit Name","Tally","78","050","Bronx","IN-PLAY","Primary Election - 06/28/2022","Democratic","Female District Leader","78",1,"Public Counter",0
"AD","ED","County","EDAD Status","Event","Party/Independent Body","Office/Position Title","District Key","VoteFor","Unit Name","Tally","78","050","Bronx","IN-PLAY","Primary Election - 06/28/2022","Democratic","Female District Leader","78",1,"Manually Counted Emergency",0
"AD","ED","County","EDAD Status","Event","Party/Independent Body","Office/Position Title","District Key","VoteFor","Unit Name","Tally","78","050","Bronx","IN-PLAY","Primary Election - 06/28/2022","Democratic","Female District Leader","78",1,"Absentee / Military",0
"AD","ED","County","EDAD Status","Event","Party/Independent Body","Office/Position Title","District Key","VoteFor","Unit Name","Tally","78","050","Bronx","IN-PLAY","Primary Election - 06/28/2022","Democratic","Female District Leader","78",1,"Affidavit",0
"AD","ED","County","EDAD Status","Event","Party/Independent Body","Office/Position Title","District Key","VoteFor","Unit Name","Tally","78","050","Bronx","IN-PLAY","Primary Election - 06/28/2022","Democratic","Female District Leader","78",1,"Maria Gonzalez",0
"AD","ED","County","EDAD Status","Event","Party/Independent Body","Office/Position Title","District Key","VoteFor","Unit Name","Tally","78","050","Bronx","IN-PLAY","Primary Election - 06/28/2022","Democratic","Female District Leader","78",1,"Jasmin A. Clavasquin-Cruz",0
"AD","ED","County","EDAD Status","Event","Party/Independent Body","Office/Position Title","District Key","VoteFor","Unit Name","Tally","78","050","Bronx","IN-PLAY","Primary Election - 06/28/2022","Democratic","Female District Leader","78",1,"Altagracia Soldevilla",0
"AD","ED","County","EDAD Status","Event","Party/Independent Body","Office/Position Title","District Key","VoteFor","Unit Name","Tally","78","051","Bronx","IN-PLAY","Primary Election - 06/28/2022","Democratic","Female District Leader","78",1,"Public Counter",118
"AD","ED","County","EDAD Status","Event","Party/Independent Body","Office/Position Title","District Key","VoteFor","Unit Name","Tally","78","051","Bronx","IN-PLAY","Primary Election - 06/28/2022","Democratic","Female District Leader","78",1,"Manually Counted Emergency",0
"AD","ED","County","EDAD Status","Event","Party/Independent Body","Office/Position Title","District Key","VoteFor","Unit Name","Tally","78","051","Bronx","IN-PLAY","Primary Election - 06/28/2022","Democratic","Female District Leader","78",1,"Absentee / Military",11
"AD","ED","County","EDAD Status","Event","Party/Independent Body","Office/Position Title","District Key","VoteFor","Unit Name","Tally","78","051","Bronx","IN-PLAY","Primary Election - 06/28/2022","Democratic","Female District Leader","78",1,"Affidavit",2
"AD","ED","County","EDAD Status","Event","Party/Independent Body","Office/Position Title","District Key","VoteFor","Unit Name","Tally","78","051","Bronx","IN-PLAY","Primary Election - 06/28/2022","Democratic","Female District Leader","78",1,"Maria Gonzalez",47
"AD","ED","County","EDAD Status","Event","Party/Independent Body","Office/Position Title","District Key","VoteFor","Unit Name","Tally","78","051","Bronx","IN-PLAY","Primary Election - 06/28/2022","Democratic","Female District Leader","78",1,"Jasmin A. Clavasquin-Cruz",30
"AD","ED","County","EDAD Status","Event","Party/Independent Body","Office/Position Title","District Key","VoteFor","Unit Name","Tally","78","051","Bronx","IN-PLAY","Primary Election - 06/28/2022","Democratic","Female District Leader","78",1,"Altagracia Soldevilla",13
"AD","ED","County","EDAD Status","Event","Party/Independent Body","Office/Position Title","District Key","VoteFor","Unit Name","Tally","78","052","Bronx","IN-PLAY","Primary Election - 06/28/2022","Democratic","Female District Leader","78",1,"Public Counter",146
"AD","ED","County","EDAD Status","Event","Party/Independent Body","Office/Position Title","District Key","VoteFor","Unit Name","Tally","78","052","Bronx","IN-PLAY","Primary Election - 06/28/2022","Democratic","Female District Leader","78",1,"Manually Counted Emergency",0
"AD","ED","County","EDAD Status","Event","Party/Independent Body","Office/Position Title","District Key","VoteFor","Unit Name","Tally","78","052","Bronx","IN-PLAY","Primary Election - 06/28/2022","Democratic","Female District Leader","78",1,"Absentee / Military",9
"AD","ED","County","EDAD Status","Event","Party/Independent Body","Office/Position Title","District Key","VoteFor","Unit Name","Tally","78","052","Bronx","IN-PLAY","Primary Election - 06/28/2022","Democratic","Female District Leader","78",1,"Affidavit",1
"AD","ED","County","EDAD Status","Event","Party/Independent Body","Office/Position Title","District Key","VoteFor","Unit Name","Tally","78","052","Bronx","IN-PLAY","Primary Election - 06/28/2022","Democratic","Female District Leader","78",1,"Maria Gonzalez",65
"AD","ED","County","EDAD Status","Event","Party/Independent Body","Office/Position Title","District Key","VoteFor","Unit Name","Tally","78","052","Bronx","IN-PLAY","Primary Election - 06/28/2022","Democratic","Female District Leader","78",1,"Jasmin A. Clavasquin-Cruz",40
"AD","ED","County","EDAD Status","Event","Party/Independent Body","Office/Position Title","District Key","VoteFor","Unit Name","Tally","78","052","Bronx","IN-PLAY","Primary Election - 06/28/2022","Democratic","Female District Leader","78",1,"Altagracia Soldevilla",15
