"AD","ED","County","EDAD Status","Event","Party/Independent Body","Office/Position Title","District Key","VoteFor","Unit Name","Tally","86","001","Bronx","IN-PLAY","Primary Election - 06/28/2022","Democratic","Member of the Assembly","86",1,"Public Counter",50
"AD","ED","County","EDAD Status","Event","Party/Independent Body","Office/Position Title","District Key","VoteFor","Unit Name","Tally","86","001","Bronx","IN-PLAY","Primary Election - 06/28/2022","Democratic","Member of the Assembly","86",1,"Manually Counted Emergency",0
"AD","ED","County","EDAD Status","Event","Party/Independent Body","Office/Position Title","District Key","VoteFor","Unit Name","Tally","86","001","Bronx","IN-PLAY","Primary Election - 06/28/2022","Democratic","Member of the Assembly","86",1,"Absentee / Military",5
"AD","ED","County","EDAD Status","Event","Party/Independent Body","Office/Position Title","District Key","VoteFor","Unit Name","Tally","86","001","Bronx","IN-PLAY","Primary Election - 06/28/2022","Democratic","Member of the Assembly","86",1,"Affidavit",0
"AD","ED","County","EDAD Status","Event","Party/Independent Body","Office/Position Title","District Key","VoteFor","Unit Name","Tally","86","001","Bronx","IN-PLAY","Primary Election - 06/28/2022","Democratic","Member of the Assembly","86",1,"Yudelka Tapia",43
"AD","ED","County","EDAD Status","Event","Party/Independent Body","Office/Position Title","District Key","VoteFor","Unit Name","Tally","86","001","Bronx","IN-PLAY","Primary Election - 06/28/2022","Democratic","Member of the Assembly","86",1,"Pooi Stewart",7
"AD","ED","County","EDAD Status","Event","Party/Independent Body","Office/Position Title","District Key","VoteFor","Unit Name","Tally","86","002","Bronx","IN-PLAY","Primary Election - 06/28/2022","Democratic","Member of the Assembly","86",1,"Public Counter",41
"AD","ED","County","EDAD Status","Event","Party/Independent Body","Office/Position Title","District Key","VoteFor","Unit Name","Tally","86","002","Bronx","IN-PLAY","Primary Election - 06/28/2022","Democratic","Member of the Assembly","86",1,"Manually Counted Emergency",0
"AD","ED","County","EDAD Status","Event","Party/Independent Body","Office/Position Title","District Key","VoteFor","Unit Name","Tally","86","002","Bronx","IN-PLAY","Primary Election - 06/28/2022","Democratic","Member of the Assembly","86",1,"Absentee / Military",4
"AD","ED","County","EDAD Status","Event","Party/Independent Body","Office/Position Title","District Key","VoteFor","Unit Name","Tally","86","002","Bronx","IN-PLAY","Primary Election - 06/28/2022","Democratic","Member of the Assembly","86",1,"Affidavit",0
"AD","ED","County","EDAD Status","Event","Party/Independent Body","Office/Position Title","District Key","VoteFor","Unit Name","Tally","86","002","Bronx","IN-PLAY","Primary Election - 06/28/2022","Democratic","Member of the Assembly","86",1,"Yudelka Tapia",33
"AD","ED","County","EDAD Status","Event","Party/Independent Body","Office/Position Title","District Key","VoteFor","Unit Name","Tally","86","002","Bronx","IN-PLAY","Primary Election - 06/28/2022","Democratic","Member of the Assembly","86",1,"Pooi Stewart",11
"AD","ED","County","EDAD Status","Event","Party/Independent Body","Office/Position Title","District Key","VoteFor","Unit Name","Tally","86","003","Bronx","IN-PLAY","Primary Election - 06/28/2022","Democratic","Member of the Assembly","86",1,"Public Counter",8
"AD","ED","County","EDAD Status","Event","Party/Independent Body","Office/Position Title","District Key","VoteFor","Unit Name","Tally","86","003","Bronx","IN-PLAY","Primary Election - 06/28/2022","Democratic","Member of the Assembly","86",1,"Manually Counted Emergency",0
"AD","ED","County","EDAD Status","Event","Party/Independent Body","Office/Position Title","District Key","VoteFor","Unit Name","Tally","86","003","Bronx","IN-PLAY","Primary Election - 06/28/2022","Democratic","Member of the Assembly","86",1,"Absentee / Military",3
"AD","ED","County","EDAD Status","Event","Party/Independent Body","Office/Position Title","District Key","VoteFor","Unit Name","Tally","86","003","Bronx","IN-PLAY","Primary Election - 06/28/2022","Democratic","Member of the Assembly","86",1,"Affidavit",0
"AD","ED","County","EDAD Status","Event","Party/Independent Body","Office/Position Title","District Key","VoteFor","Unit Name","Tally","86","003","Bronx","IN-PLAY","Primary Election - 06/28/2022","Democratic","Member of the Assembly","86",1,"Yudelka Tapia",2
"AD","ED","County","EDAD Status","Event","Party/Independent Body","Office/Position Title","District Key","VoteFor","Unit Name","Tally","86","003","Bronx","IN-PLAY","Primary Election - 06/28/2022","Democratic","Member of the Assembly","86",1,"Pooi Stewart",9
"AD","ED","County","EDAD Status","Event","Party/Independent Body","Office/Position Title","District Key","VoteFor","Unit Name","Tally","86","004","Bronx","IN-PLAY","Primary Election - 06/28/2022","Democratic","Member of the Assembly","86",1,"Public Counter",51
"AD","ED","County","EDAD Status","Event","Party/Independent Body","Office/Position Title","District Key","VoteFor","Unit Name","Tally","86","004","Bronx","IN-PLAY","Primary Election - 06/28/2022","Democratic","Member of the Assembly","86",1,"Manually Counted Emergency",0
"AD","ED","County","EDAD Status","Event","Party/Independent Body","Office/Position Title","District Key","VoteFor","Unit Name","Tally","86","004","Bronx","IN-PLAY","Primary Election - 06/28/2022","Democratic","Member of the Assembly","86",1,"Absentee / Military",2
"AD","ED","County","EDAD Status","Event","Party/Independent Body","Office/Position Title","District Key","VoteFor","Unit Name","Tally","86","004","Bronx","IN-PLAY","Primary Election - 06/28/2022","Democratic","Member of the Assembly","86",1,"Affidavit",0
"AD","ED","County","EDAD Status","Event","Party/Independent Body","Office/Position Title","District Key","VoteFor","Unit Name","Tally","86","004","Bronx","IN-PLAY","Primary Election - 06/28/2022","Democratic","Member of the Assembly","86",1,"Yudelka Tapia",42
"AD","ED","County","EDAD Status","Event","Party/Independent Body","Office/Position Title","District Key","VoteFor","Unit Name","Tally","86","004","Bronx","IN-PLAY","Primary Election - 06/28/2022","Democratic","Member of the Assembly","86",1,"Pooi Stewart",10
"AD","ED","County","EDAD Status","Event","Party/Independent Body","Office/Position Title","District Key","VoteFor","Unit Name","Tally","86","005","Bronx","IN-PLAY","Primary Election - 06/28/2022","Democratic","Member of the Assembly","86",1,"Public Counter",73
"AD","ED","County","EDAD Status","Event","Party/Independent Body","Office/Position Title","District Key","VoteFor","Unit Name","Tally","86","005","Bronx","IN-PLAY","Primary Election - 06/28/2022","Democratic","Member of the Assembly","86",1,"Manually Counted Emergency",0
"AD","ED","County","EDAD Status","Event","Party/Independent Body","Office/Position Title","District Key","VoteFor","Unit Name","Tally","86","005","Bronx","IN-PLAY","Primary Election - 06/28/2022","Democratic","Member of the Assembly","86",1,"Absentee / Military",4
"AD","ED","County","EDAD Status","Event","Party/Independent Body","Office/Position Title","District Key","VoteFor","Unit Name","Tally","86","005","Bronx","IN-PLAY","Primary Election - 06/28/2022","Democratic","Member of the Assembly","86",1,"Affidavit",0
"AD","ED","County","EDAD Status","Event","Party/Independent Body","Office/Position Title","District Key","VoteFor","Unit Name","Tally","86","005","Bronx","IN-PLAY","Primary Election - 06/28/2022","Democratic","Member of the Assembly","86",1,"Yudelka Tapia",55
"AD","ED","County","EDAD Status","Event","Party/Independent Body","Office/Position Title","District Key","VoteFor","Unit Name","Tally","86","005","Bronx","IN-PLAY","Primary Election - 06/28/2022","Democratic","Member of the Assembly","86",1,"Pooi Stewart",18
"AD","ED","County","EDAD Status","Event","Party/Independent Body","Office/Position Title","District Key","VoteFor","Unit Name","Tally","86","006","Bronx","IN-PLAY","Primary Election - 06/28/2022","Democratic","Member of the Assembly","86",1,"Public Counter",67
"AD","ED","County","EDAD Status","Event","Party/Independent Body","Office/Position Title","District Key","VoteFor","Unit Name","Tally","86","006","Bronx","IN-PLAY","Primary Election - 06/28/2022","Democratic","Member of the Assembly","86",1,"Manually Counted Emergency",0
"AD","ED","County","EDAD Status","Event","Party/Independent Body","Office/Position Title","District Key","VoteFor","Unit Name","Tally","86","006","Bronx","IN-PLAY","Primary Election - 06/28/2022","Democratic","Member of the Assembly","86",1,"Absentee / Military",3
"AD","ED","County","EDAD Status","Event","Party/Independent Body","Office/Position Title","District Key","VoteFor","Unit Name","Tally","86","006","Bronx","IN-PLAY","Primary Election - 06/28/2022","Democratic","Member of the Assembly","86",1,"Affidavit",0
"AD","ED","County","EDAD Status","Event","Party/Independent Body","Office/Position Title","District Key","VoteFor","Unit Name","Tally","86","006","Bronx","IN-PLAY","Primary Election - 06/28/2022","Democratic","Member of the Assembly","86",1,"Yudelka Tapia",50
"AD","ED","County","EDAD Status","Event","Party/Independent Body","Office/Position Title","District Key","VoteFor","Unit Name","Tally","86","006","Bronx","IN-PLAY","Primary Election - 06/28/2022","Democratic","Member of the Assembly","86",1,"Pooi Stewart",16
"AD","ED","County","EDAD Status","Event","Party/Independent Body","Office/Position Title","District Key","VoteFor","Unit Name","Tally","86","007","Bronx","IN-PLAY","Primary Election - 06/28/2022","Democratic","Member of the Assembly","86",1,"Public Counter",72
"AD","ED","County","EDAD Status","Event","Party/Independent Body","Office/Position Title","District Key","VoteFor","Unit Name","Tally","86","007","Bronx","IN-PLAY","Primary Election - 06/28/2022","Democratic","Member of the Assembly","86",1,"Manually Counted Emergency",0
"AD","ED","County","EDAD Status","Event","Party/Independent Body","Office/Position Title","District Key","VoteFor","Unit Name","Tally","86","007","Bronx","IN-PLAY","Primary Election - 06/28/2022","Democratic","Member of the Assembly","86",1,"Absentee / Military",7
"AD","ED","County","EDAD Status","Event","Party/Independent Body","Office/Position Title","District Key","VoteFor","Unit Name","Tally","86","007","Bronx","IN-PLAY","Primary Election - 06/28/2022","Democratic","Member of the Assembly","86",1,"Affidavit",1
"AD","ED","County","EDAD Status","Event","Party/Independent Body","Office/Position Title","District Key","VoteFor","Unit Name","Tally","86","007","Bronx","IN-PLAY","Primary Election - 06/28/2022","Democratic","Member of the Assembly","86",1,"Yudelka Tapia",69
"AD","ED","County","EDAD Status","Event","Party/Independent Body","Office/Position Title","District Key","VoteFor","Unit Name","Tally","86","007","Bronx","IN-PLAY","Primary Election - 06/28/2022","Democratic","Member of the Assembly","86",1,"Pooi Stewart",6
"AD","ED","County","EDAD Status","Event","Party/Independent Body","Office/Position Title","District Key","VoteFor","Unit Name","Tally","86","008","Bronx","IN-PLAY","Primary Election - 06/28/2022","Democratic","Member of the Assembly","86",1,"Public Counter",57
"AD","ED","County","EDAD Status","Event","Party/Independent Body","Office/Position Title","District Key","VoteFor","Unit Name","Tally","86","008","Bronx","IN-PLAY","Primary Election - 06/28/2022","Democratic","Member of the Assembly","86",1,"Manually Counted Emergency",0
"AD","ED","County","EDAD Status","Event","Party/Independent Body","Office/Position Title","District Key","VoteFor","Unit Name","Tally","86","008","Bronx","IN-PLAY","Primary Election - 06/28/2022","Democratic","Member of the Assembly","86",1,"Absentee / Military",5
"AD","ED","County","EDAD Status","Event","Party/Independent Body","Office/Position Title","District Key","VoteFor","Unit Name","Tally","86","008","Bronx","IN-PLAY","Primary Election - 06/28/2022","Democratic","Member of the Assembly","86",1,"Affidavit",0
"AD","ED","County","EDAD Status","Event","Party/Independent Body","Office/Position Title","District Key","VoteFor","Unit Name","Tally","86","008","Bronx","IN-PLAY","Primary Election - 06/28/2022","Democratic","Member of the Assembly","86",1,"Yudelka Tapia",58
"AD","ED","County","EDAD Status","Event","Party/Independent Body","Office/Position Title","District Key","VoteFor","Unit Name","Tally","86","008","Bronx","IN-PLAY","Primary Election - 06/28/2022","Democratic","Member of the Assembly","86",1,"Pooi Stewart",3
"AD","ED","County","EDAD Status","Event","Party/Independent Body","Office/Position Title","District Key","VoteFor","Unit Name","Tally","86","009","Bronx","IN-PLAY","Primary Election - 06/28/2022","Democratic","Member of the Assembly","86",1,"Public Counter",70
"AD","ED","County","EDAD Status","Event","Party/Independent Body","Office/Position Title","District Key","VoteFor","Unit Name","Tally","86","009","Bronx","IN-PLAY","Primary Election - 06/28/2022","Democratic","Member of the Assembly","86",1,"Manually Counted Emergency",0
"AD","ED","County","EDAD Status","Event","Party/Independent Body","Office/Position Title","District Key","VoteFor","Unit Name","Tally","86","009","Bronx","IN-PLAY","Primary Election - 06/28/2022","Democratic","Member of the Assembly","86",1,"Absentee / Military",4
"AD","ED","County","EDAD Status","Event","Party/Independent Body","Office/Position Title","District Key","VoteFor","Unit Name","Tally","86","009","Bronx","IN-PLAY","Primary Election - 06/28/2022","Democratic","Member of the Assembly","86",1,"Affidavit",0
"AD","ED","County","EDAD Status","Event","Party/Independent Body","Office/Position Title","District Key","VoteFor","Unit Name","Tally","86","009","Bronx","IN-PLAY","Primary Election - 06/28/2022","Democratic","Member of the Assembly","86",1,"Yudelka Tapia",59
"AD","ED","County","EDAD Status","Event","Party/Independent Body","Office/Position Title","District Key","VoteFor","Unit Name","Tally","86","009","Bronx","IN-PLAY","Primary Election - 06/28/2022","Democratic","Member of the Assembly","86",1,"Pooi Stewart",12
"AD","ED","County","EDAD Status","Event","Party/Independent Body","Office/Position Title","District Key","VoteFor","Unit Name","Tally","86","010","Bronx","IN-PLAY","Primary Election - 06/28/2022","Democratic","Member of the Assembly","86",1,"Public Counter",44
"AD","ED","County","EDAD Status","Event","Party/Independent Body","Office/Position Title","District Key","VoteFor","Unit Name","Tally","86","010","Bronx","IN-PLAY","Primary Election - 06/28/2022","Democratic","Member of the Assembly","86",1,"Manually Counted Emergency",0
"AD","ED","County","EDAD Status","Event","Party/Independent Body","Office/Position Title","District Key","VoteFor","Unit Name","Tally","86","010","Bronx","IN-PLAY","Primary Election - 06/28/2022","Democratic","Member of the Assembly","86",1,"Absentee / Military",9
"AD","ED","County","EDAD Status","Event","Party/Independent Body","Office/Position Title","District Key","VoteFor","Unit Name","Tally","86","010","Bronx","IN-PLAY","Primary Election - 06/28/2022","Democratic","Member of the Assembly","86",1,"Affidavit",0
"AD","ED","County","EDAD Status","Event","Party/Independent Body","Office/Position Title","District Key","VoteFor","Unit Name","Tally","86","010","Bronx","IN-PLAY","Primary Election - 06/28/2022","Democratic","Member of the Assembly","86",1,"Yudelka Tapia",43
"AD","ED","County","EDAD Status","Event","Party/Independent Body","Office/Position Title","District Key","VoteFor","Unit Name","Tally","86","010","Bronx","IN-PLAY","Primary Election - 06/28/2022","Democratic","Member of the Assembly","86",1,"Pooi Stewart",7
"AD","ED","County","EDAD Status","Event","Party/Independent Body","Office/Position Title","District Key","VoteFor","Unit Name","Tally","86","011","Bronx","IN-PLAY","Primary Election - 06/28/2022","Democratic","Member of the Assembly","86",1,"Public Counter",52
"AD","ED","County","EDAD Status","Event","Party/Independent Body","Office/Position Title","District Key","VoteFor","Unit Name","Tally","86","011","Bronx","IN-PLAY","Primary Election - 06/28/2022","Democratic","Member of the Assembly","86",1,"Manually Counted Emergency",0
"AD","ED","County","EDAD Status","Event","Party/Independent Body","Office/Position Title","District Key","VoteFor","Unit Name","Tally","86","011","Bronx","IN-PLAY","Primary Election - 06/28/2022","Democratic","Member of the Assembly","86",1,"Absentee / Military",1
"AD","ED","County","EDAD Status","Event","Party/Independent Body","Office/Position Title","District Key","VoteFor","Unit Name","Tally","86","011","Bronx","IN-PLAY","Primary Election - 06/28/2022","Democratic","Member of the Assembly","86",1,"Affidavit",0
"AD","ED","County","EDAD Status","Event","Party/Independent Body","Office/Position Title","District Key","VoteFor","Unit Name","Tally","86","011","Bronx","IN-PLAY","Primary Election - 06/28/2022","Democratic","Member of the Assembly","86",1,"Yudelka Tapia",37
"AD","ED","County","EDAD Status","Event","Party/Independent Body","Office/Position Title","District Key","VoteFor","Unit Name","Tally","86","011","Bronx","IN-PLAY","Primary Election - 06/28/2022","Democratic","Member of the Assembly","86",1,"Pooi Stewart",12
"AD","ED","County","EDAD Status","Event","Party/Independent Body","Office/Position Title","District Key","VoteFor","Unit Name","Tally","86","012","Bronx","IN-PLAY","Primary Election - 06/28/2022","Democratic","Member of the Assembly","86",1,"Public Counter",67
"AD","ED","County","EDAD Status","Event","Party/Independent Body","Office/Position Title","District Key","VoteFor","Unit Name","Tally","86","012","Bronx","IN-PLAY","Primary Election - 06/28/2022","Democratic","Member of the Assembly","86",1,"Manually Counted Emergency",0
"AD","ED","County","EDAD Status","Event","Party/Independent Body","Office/Position Title","District Key","VoteFor","Unit Name","Tally","86","012","Bronx","IN-PLAY","Primary Election - 06/28/2022","Democratic","Member of the Assembly","86",1,"Absentee / Military",4
"AD","ED","County","EDAD Status","Event","Party/Independent Body","Office/Position Title","District Key","VoteFor","Unit Name","Tally","86","012","Bronx","IN-PLAY","Primary Election - 06/28/2022","Democratic","Member of the Assembly","86",1,"Affidavit",1
"AD","ED","County","EDAD Status","Event","Party/Independent Body","Office/Position Title","District Key","VoteFor","Unit Name","Tally","86","012","Bronx","IN-PLAY","Primary Election - 06/28/2022","Democratic","Member of the Assembly","86",1,"Yudelka Tapia",60
"AD","ED","County","EDAD Status","Event","Party/Independent Body","Office/Position Title","District Key","VoteFor","Unit Name","Tally","86","012","Bronx","IN-PLAY","Primary Election - 06/28/2022","Democratic","Member of the Assembly","86",1,"Pooi Stewart",10
"AD","ED","County","EDAD Status","Event","Party/Independent Body","Office/Position Title","District Key","VoteFor","Unit Name","Tally","86","013","Bronx","IN-PLAY","Primary Election - 06/28/2022","Democratic","Member of the Assembly","86",1,"Public Counter",62
"AD","ED","County","EDAD Status","Event","Party/Independent Body","Office/Position Title","District Key","VoteFor","Unit Name","Tally","86","013","Bronx","IN-PLAY","Primary Election - 06/28/2022","Democratic","Member of the Assembly","86",1,"Manually Counted Emergency",0
"AD","ED","County","EDAD Status","Event","Party/Independent Body","Office/Position Title","District Key","VoteFor","Unit Name","Tally","86","013","Bronx","IN-PLAY","Primary Election - 06/28/2022","Democratic","Member of the Assembly","86",1,"Absentee / Military",2
"AD","ED","County","EDAD Status","Event","Party/Independent Body","Office/Position Title","District Key","VoteFor","Unit Name","Tally","86","013","Bronx","IN-PLAY","Primary Election - 06/28/2022","Democratic","Member of the Assembly","86",1,"Affidavit",0
"AD","ED","County","EDAD Status","Event","Party/Independent Body","Office/Position Title","District Key","VoteFor","Unit Name","Tally","86","013","Bronx","IN-PLAY","Primary Election - 06/28/2022","Democratic","Member of the Assembly","86",1,"Yudelka Tapia",53
"AD","ED","County","EDAD Status","Event","Party/Independent Body","Office/Position Title","District Key","VoteFor","Unit Name","Tally","86","013","Bronx","IN-PLAY","Primary Election - 06/28/2022","Democratic","Member of the Assembly","86",1,"Pooi Stewart",9
"AD","ED","County","EDAD Status","Event","Party/Independent Body","Office/Position Title","District Key","VoteFor","Unit Name","Tally","86","014","Bronx","IN-PLAY","Primary Election - 06/28/2022","Democratic","Member of the Assembly","86",1,"Public Counter",56
"AD","ED","County","EDAD Status","Event","Party/Independent Body","Office/Position Title","District Key","VoteFor","Unit Name","Tally","86","014","Bronx","IN-PLAY","Primary Election - 06/28/2022","Democratic","Member of the Assembly","86",1,"Manually Counted Emergency",0
"AD","ED","County","EDAD Status","Event","Party/Independent Body","Office/Position Title","District Key","VoteFor","Unit Name","Tally","86","014","Bronx","IN-PLAY","Primary Election - 06/28/2022","Democratic","Member of the Assembly","86",1,"Absentee / Military",3
"AD","ED","County","EDAD Status","Event","Party/Independent Body","Office/Position Title","District Key","VoteFor","Unit Name","Tally","86","014","Bronx","IN-PLAY","Primary Election - 06/28/2022","Democratic","Member of the Assembly","86",1,"Affidavit",1
"AD","ED","County","EDAD Status","Event","Party/Independent Body","Office/Position Title","District Key","VoteFor","Unit Name","Tally","86","014","Bronx","IN-PLAY","Primary Election - 06/28/2022","Democratic","Member of the Assembly","86",1,"Yudelka Tapia",48
"AD","ED","County","EDAD Status","Event","Party/Independent Body","Office/Position Title","District Key","VoteFor","Unit Name","Tally","86","014","Bronx","IN-PLAY","Primary Election - 06/28/2022","Democratic","Member of the Assembly","86",1,"Pooi Stewart",9
"AD","ED","County","EDAD Status","Event","Party/Independent Body","Office/Position Title","District Key","VoteFor","Unit Name","Tally","86","014","Bronx","IN-PLAY","Primary Election - 06/28/2022","Democratic","Member of the Assembly","86",1,"Scattered",1
"AD","ED","County","EDAD Status","Event","Party/Independent Body","Office/Position Title","District Key","VoteFor","Unit Name","Tally","86","015","Bronx","IN-PLAY","Primary Election - 06/28/2022","Democratic","Member of the Assembly","86",1,"Public Counter",82
"AD","ED","County","EDAD Status","Event","Party/Independent Body","Office/Position Title","District Key","VoteFor","Unit Name","Tally","86","015","Bronx","IN-PLAY","Primary Election - 06/28/2022","Democratic","Member of the Assembly","86",1,"Manually Counted Emergency",0
"AD","ED","County","EDAD Status","Event","Party/Independent Body","Office/Position Title","District Key","VoteFor","Unit Name","Tally","86","015","Bronx","IN-PLAY","Primary Election - 06/28/2022","Democratic","Member of the Assembly","86",1,"Absentee / Military",5
"AD","ED","County","EDAD Status","Event","Party/Independent Body","Office/Position Title","District Key","VoteFor","Unit Name","Tally","86","015","Bronx","IN-PLAY","Primary Election - 06/28/2022","Democratic","Member of the Assembly","86",1,"Affidavit",0
"AD","ED","County","EDAD Status","Event","Party/Independent Body","Office/Position Title","District Key","VoteFor","Unit Name","Tally","86","015","Bronx","IN-PLAY","Primary Election - 06/28/2022","Democratic","Member of the Assembly","86",1,"Yudelka Tapia",79
"AD","ED","County","EDAD Status","Event","Party/Independent Body","Office/Position Title","District Key","VoteFor","Unit Name","Tally","86","015","Bronx","IN-PLAY","Primary Election - 06/28/2022","Democratic","Member of the Assembly","86",1,"Pooi Stewart",7
"AD","ED","County","EDAD Status","Event","Party/Independent Body","Office/Position Title","District Key","VoteFor","Unit Name","Tally","86","016","Bronx","IN-PLAY","Primary Election - 06/28/2022","Democratic","Member of the Assembly","86",1,"Public Counter",61
"AD","ED","County","EDAD Status","Event","Party/Independent Body","Office/Position Title","District Key","VoteFor","Unit Name","Tally","86","016","Bronx","IN-PLAY","Primary Election - 06/28/2022","Democratic","Member of the Assembly","86",1,"Manually Counted Emergency",0
"AD","ED","County","EDAD Status","Event","Party/Independent Body","Office/Position Title","District Key","VoteFor","Unit Name","Tally","86","016","Bronx","IN-PLAY","Primary Election - 06/28/2022","Democratic","Member of the Assembly","86",1,"Absentee / Military",4
"AD","ED","County","EDAD Status","Event","Party/Independent Body","Office/Position Title","District Key","VoteFor","Unit Name","Tally","86","016","Bronx","IN-PLAY","Primary Election - 06/28/2022","Democratic","Member of the Assembly","86",1,"Affidavit",0
"AD","ED","County","EDAD Status","Event","Party/Independent Body","Office/Position Title","District Key","VoteFor","Unit Name","Tally","86","016","Bronx","IN-PLAY","Primary Election - 06/28/2022","Democratic","Member of the Assembly","86",1,"Yudelka Tapia",53
"AD","ED","County","EDAD Status","Event","Party/Independent Body","Office/Position Title","District Key","VoteFor","Unit Name","Tally","86","016","Bronx","IN-PLAY","Primary Election - 06/28/2022","Democratic","Member of the Assembly","86",1,"Pooi Stewart",7
"AD","ED","County","EDAD Status","Event","Party/Independent Body","Office/Position Title","District Key","VoteFor","Unit Name","Tally","86","017","Bronx","IN-PLAY","Primary Election - 06/28/2022","Democratic","Member of the Assembly","86",1,"Public Counter",57
"AD","ED","County","EDAD Status","Event","Party/Independent Body","Office/Position Title","District Key","VoteFor","Unit Name","Tally","86","017","Bronx","IN-PLAY","Primary Election - 06/28/2022","Democratic","Member of the Assembly","86",1,"Manually Counted Emergency",0
"AD","ED","County","EDAD Status","Event","Party/Independent Body","Office/Position Title","District Key","VoteFor","Unit Name","Tally","86","017","Bronx","IN-PLAY","Primary Election - 06/28/2022","Democratic","Member of the Assembly","86",1,"Absentee / Military",5
"AD","ED","County","EDAD Status","Event","Party/Independent Body","Office/Position Title","District Key","VoteFor","Unit Name","Tally","86","017","Bronx","IN-PLAY","Primary Election - 06/28/2022","Democratic","Member of the Assembly","86",1,"Affidavit",0
"AD","ED","County","EDAD Status","Event","Party/Independent Body","Office/Position Title","District Key","VoteFor","Unit Name","Tally","86","017","Bronx","IN-PLAY","Primary Election - 06/28/2022","Democratic","Member of the Assembly","86",1,"Yudelka Tapia",49
"AD","ED","County","EDAD Status","Event","Party/Independent Body","Office/Position Title","District Key","VoteFor","Unit Name","Tally","86","017","Bronx","IN-PLAY","Primary Election - 06/28/2022","Democratic","Member of the Assembly","86",1,"Pooi Stewart",10
"AD","ED","County","EDAD Status","Event","Party/Independent Body","Office/Position Title","District Key","VoteFor","Unit Name","Tally","86","018","Bronx","IN-PLAY","Primary Election - 06/28/2022","Democratic","Member of the Assembly","86",1,"Public Counter",52
"AD","ED","County","EDAD Status","Event","Party/Independent Body","Office/Position Title","District Key","VoteFor","Unit Name","Tally","86","018","Bronx","IN-PLAY","Primary Election - 06/28/2022","Democratic","Member of the Assembly","86",1,"Manually Counted Emergency",0
"AD","ED","County","EDAD Status","Event","Party/Independent Body","Office/Position Title","District Key","VoteFor","Unit Name","Tally","86","018","Bronx","IN-PLAY","Primary Election - 06/28/2022","Democratic","Member of the Assembly","86",1,"Absentee / Military",5
"AD","ED","County","EDAD Status","Event","Party/Independent Body","Office/Position Title","District Key","VoteFor","Unit Name","Tally","86","018","Bronx","IN-PLAY","Primary Election - 06/28/2022","Democratic","Member of the Assembly","86",1,"Affidavit",2
"AD","ED","County","EDAD Status","Event","Party/Independent Body","Office/Position Title","District Key","VoteFor","Unit Name","Tally","86","018","Bronx","IN-PLAY","Primary Election - 06/28/2022","Democratic","Member of the Assembly","86",1,"Yudelka Tapia",45
"AD","ED","County","EDAD Status","Event","Party/Independent Body","Office/Position Title","District Key","VoteFor","Unit Name","Tally","86","018","Bronx","IN-PLAY","Primary Election - 06/28/2022","Democratic","Member of the Assembly","86",1,"Pooi Stewart",8
"AD","ED","County","EDAD Status","Event","Party/Independent Body","Office/Position Title","District Key","VoteFor","Unit Name","Tally","86","019","Bronx","IN-PLAY","Primary Election - 06/28/2022","Democratic","Member of the Assembly","86",1,"Public Counter",48
"AD","ED","County","EDAD Status","Event","Party/Independent Body","Office/Position Title","District Key","VoteFor","Unit Name","Tally","86","019","Bronx","IN-PLAY","Primary Election - 06/28/2022","Democratic","Member of the Assembly","86",1,"Manually Counted Emergency",0
"AD","ED","County","EDAD Status","Event","Party/Independent Body","Office/Position Title","District Key","VoteFor","Unit Name","Tally","86","019","Bronx","IN-PLAY","Primary Election - 06/28/2022","Democratic","Member of the Assembly","86",1,"Absentee / Military",7
"AD","ED","County","EDAD Status","Event","Party/Independent Body","Office/Position Title","District Key","VoteFor","Unit Name","Tally","86","019","Bronx","IN-PLAY","Primary Election - 06/28/2022","Democratic","Member of the Assembly","86",1,"Affidavit",0
"AD","ED","County","EDAD Status","Event","Party/Independent Body","Office/Position Title","District Key","VoteFor","Unit Name","Tally","86","019","Bronx","IN-PLAY","Primary Election - 06/28/2022","Democratic","Member of the Assembly","86",1,"Yudelka Tapia",46
"AD","ED","County","EDAD Status","Event","Party/Independent Body","Office/Position Title","District Key","VoteFor","Unit Name","Tally","86","019","Bronx","IN-PLAY","Primary Election - 06/28/2022","Democratic","Member of the Assembly","86",1,"Pooi Stewart",7
"AD","ED","County","EDAD Status","Event","Party/Independent Body","Office/Position Title","District Key","VoteFor","Unit Name","Tally","86","020","Bronx","IN-PLAY","Primary Election - 06/28/2022","Democratic","Member of the Assembly","86",1,"Public Counter",57
"AD","ED","County","EDAD Status","Event","Party/Independent Body","Office/Position Title","District Key","VoteFor","Unit Name","Tally","86","020","Bronx","IN-PLAY","Primary Election - 06/28/2022","Democratic","Member of the Assembly","86",1,"Manually Counted Emergency",0
"AD","ED","County","EDAD Status","Event","Party/Independent Body","Office/Position Title","District Key","VoteFor","Unit Name","Tally","86","020","Bronx","IN-PLAY","Primary Election - 06/28/2022","Democratic","Member of the Assembly","86",1,"Absentee / Military",4
"AD","ED","County","EDAD Status","Event","Party/Independent Body","Office/Position Title","District Key","VoteFor","Unit Name","Tally","86","020","Bronx","IN-PLAY","Primary Election - 06/28/2022","Democratic","Member of the Assembly","86",1,"Affidavit",1
"AD","ED","County","EDAD Status","Event","Party/Independent Body","Office/Position Title","District Key","VoteFor","Unit Name","Tally","86","020","Bronx","IN-PLAY","Primary Election - 06/28/2022","Democratic","Member of the Assembly","86",1,"Yudelka Tapia",50
"AD","ED","County","EDAD Status","Event","Party/Independent Body","Office/Position Title","District Key","VoteFor","Unit Name","Tally","86","020","Bronx","IN-PLAY","Primary Election - 06/28/2022","Democratic","Member of the Assembly","86",1,"Pooi Stewart",7
"AD","ED","County","EDAD Status","Event","Party/Independent Body","Office/Position Title","District Key","VoteFor","Unit Name","Tally","86","021","Bronx","IN-PLAY","Primary Election - 06/28/2022","Democratic","Member of the Assembly","86",1,"Public Counter",57
"AD","ED","County","EDAD Status","Event","Party/Independent Body","Office/Position Title","District Key","VoteFor","Unit Name","Tally","86","021","Bronx","IN-PLAY","Primary Election - 06/28/2022","Democratic","Member of the Assembly","86",1,"Manually Counted Emergency",0
"AD","ED","County","EDAD Status","Event","Party/Independent Body","Office/Position Title","District Key","VoteFor","Unit Name","Tally","86","021","Bronx","IN-PLAY","Primary Election - 06/28/2022","Democratic","Member of the Assembly","86",1,"Absentee / Military",4
"AD","ED","County","EDAD Status","Event","Party/Independent Body","Office/Position Title","District Key","VoteFor","Unit Name","Tally","86","021","Bronx","IN-PLAY","Primary Election - 06/28/2022","Democratic","Member of the Assembly","86",1,"Affidavit",0
"AD","ED","County","EDAD Status","Event","Party/Independent Body","Office/Position Title","District Key","VoteFor","Unit Name","Tally","86","021","Bronx","IN-PLAY","Primary Election - 06/28/2022","Democratic","Member of the Assembly","86",1,"Yudelka Tapia",49
"AD","ED","County","EDAD Status","Event","Party/Independent Body","Office/Position Title","District Key","VoteFor","Unit Name","Tally","86","021","Bronx","IN-PLAY","Primary Election - 06/28/2022","Democratic","Member of the Assembly","86",1,"Pooi Stewart",9
"AD","ED","County","EDAD Status","Event","Party/Independent Body","Office/Position Title","District Key","VoteFor","Unit Name","Tally","86","022","Bronx","IN-PLAY","Primary Election - 06/28/2022","Democratic","Member of the Assembly","86",1,"Public Counter",36
"AD","ED","County","EDAD Status","Event","Party/Independent Body","Office/Position Title","District Key","VoteFor","Unit Name","Tally","86","022","Bronx","IN-PLAY","Primary Election - 06/28/2022","Democratic","Member of the Assembly","86",1,"Manually Counted Emergency",0
"AD","ED","County","EDAD Status","Event","Party/Independent Body","Office/Position Title","District Key","VoteFor","Unit Name","Tally","86","022","Bronx","IN-PLAY","Primary Election - 06/28/2022","Democratic","Member of the Assembly","86",1,"Absentee / Military",5
"AD","ED","County","EDAD Status","Event","Party/Independent Body","Office/Position Title","District Key","VoteFor","Unit Name","Tally","86","022","Bronx","IN-PLAY","Primary Election - 06/28/2022","Democratic","Member of the Assembly","86",1,"Affidavit",0
"AD","ED","County","EDAD Status","Event","Party/Independent Body","Office/Position Title","District Key","VoteFor","Unit Name","Tally","86","022","Bronx","IN-PLAY","Primary Election - 06/28/2022","Democratic","Member of the Assembly","86",1,"Yudelka Tapia",33
"AD","ED","County","EDAD Status","Event","Party/Independent Body","Office/Position Title","District Key","VoteFor","Unit Name","Tally","86","022","Bronx","IN-PLAY","Primary Election - 06/28/2022","Democratic","Member of the Assembly","86",1,"Pooi Stewart",5
"AD","ED","County","EDAD Status","Event","Party/Independent Body","Office/Position Title","District Key","VoteFor","Unit Name","Tally","86","023","Bronx","IN-PLAY","Primary Election - 06/28/2022","Democratic","Member of the Assembly","86",1,"Public Counter",49
"AD","ED","County","EDAD Status","Event","Party/Independent Body","Office/Position Title","District Key","VoteFor","Unit Name","Tally","86","023","Bronx","IN-PLAY","Primary Election - 06/28/2022","Democratic","Member of the Assembly","86",1,"Manually Counted Emergency",0
"AD","ED","County","EDAD Status","Event","Party/Independent Body","Office/Position Title","District Key","VoteFor","Unit Name","Tally","86","023","Bronx","IN-PLAY","Primary Election - 06/28/2022","Democratic","Member of the Assembly","86",1,"Absentee / Military",9
"AD","ED","County","EDAD Status","Event","Party/Independent Body","Office/Position Title","District Key","VoteFor","Unit Name","Tally","86","023","Bronx","IN-PLAY","Primary Election - 06/28/2022","Democratic","Member of the Assembly","86",1,"Affidavit",0
"AD","ED","County","EDAD Status","Event","Party/Independent Body","Office/Position Title","District Key","VoteFor","Unit Name","Tally","86","023","Bronx","IN-PLAY","Primary Election - 06/28/2022","Democratic","Member of the Assembly","86",1,"Yudelka Tapia",37
"AD","ED","County","EDAD Status","Event","Party/Independent Body","Office/Position Title","District Key","VoteFor","Unit Name","Tally","86","023","Bronx","IN-PLAY","Primary Election - 06/28/2022","Democratic","Member of the Assembly","86",1,"Pooi Stewart",19
"AD","ED","County","EDAD Status","Event","Party/Independent Body","Office/Position Title","District Key","VoteFor","Unit Name","Tally","86","024","Bronx","IN-PLAY","Primary Election - 06/28/2022","Democratic","Member of the Assembly","86",1,"Public Counter",30
"AD","ED","County","EDAD Status","Event","Party/Independent Body","Office/Position Title","District Key","VoteFor","Unit Name","Tally","86","024","Bronx","IN-PLAY","Primary Election - 06/28/2022","Democratic","Member of the Assembly","86",1,"Manually Counted Emergency",0
"AD","ED","County","EDAD Status","Event","Party/Independent Body","Office/Position Title","District Key","VoteFor","Unit Name","Tally","86","024","Bronx","IN-PLAY","Primary Election - 06/28/2022","Democratic","Member of the Assembly","86",1,"Absentee / Military",0
"AD","ED","County","EDAD Status","Event","Party/Independent Body","Office/Position Title","District Key","VoteFor","Unit Name","Tally","86","024","Bronx","IN-PLAY","Primary Election - 06/28/2022","Democratic","Member of the Assembly","86",1,"Affidavit",0
"AD","ED","County","EDAD Status","Event","Party/Independent Body","Office/Position Title","District Key","VoteFor","Unit Name","Tally","86","024","Bronx","IN-PLAY","Primary Election - 06/28/2022","Democratic","Member of the Assembly","86",1,"Yudelka Tapia",25
"AD","ED","County","EDAD Status","Event","Party/Independent Body","Office/Position Title","District Key","VoteFor","Unit Name","Tally","86","024","Bronx","IN-PLAY","Primary Election - 06/28/2022","Democratic","Member of the Assembly","86",1,"Pooi Stewart",1
"AD","ED","County","EDAD Status","Event","Party/Independent Body","Office/Position Title","District Key","VoteFor","Unit Name","Tally","86","025","Bronx","IN-PLAY","Primary Election - 06/28/2022","Democratic","Member of the Assembly","86",1,"Public Counter",43
"AD","ED","County","EDAD Status","Event","Party/Independent Body","Office/Position Title","District Key","VoteFor","Unit Name","Tally","86","025","Bronx","IN-PLAY","Primary Election - 06/28/2022","Democratic","Member of the Assembly","86",1,"Manually Counted Emergency",0
"AD","ED","County","EDAD Status","Event","Party/Independent Body","Office/Position Title","District Key","VoteFor","Unit Name","Tally","86","025","Bronx","IN-PLAY","Primary Election - 06/28/2022","Democratic","Member of the Assembly","86",1,"Absentee / Military",0
"AD","ED","County","EDAD Status","Event","Party/Independent Body","Office/Position Title","District Key","VoteFor","Unit Name","Tally","86","025","Bronx","IN-PLAY","Primary Election - 06/28/2022","Democratic","Member of the Assembly","86",1,"Affidavit",0
"AD","ED","County","EDAD Status","Event","Party/Independent Body","Office/Position Title","District Key","VoteFor","Unit Name","Tally","86","025","Bronx","IN-PLAY","Primary Election - 06/28/2022","Democratic","Member of the Assembly","86",1,"Yudelka Tapia",34
"AD","ED","County","EDAD Status","Event","Party/Independent Body","Office/Position Title","District Key","VoteFor","Unit Name","Tally","86","025","Bronx","IN-PLAY","Primary Election - 06/28/2022","Democratic","Member of the Assembly","86",1,"Pooi Stewart",6
"AD","ED","County","EDAD Status","Event","Party/Independent Body","Office/Position Title","District Key","VoteFor","Unit Name","Tally","86","025","Bronx","IN-PLAY","Primary Election - 06/28/2022","Democratic","Member of the Assembly","86",1,"Scattered",1
"AD","ED","County","EDAD Status","Event","Party/Independent Body","Office/Position Title","District Key","VoteFor","Unit Name","Tally","86","026","Bronx","IN-PLAY","Primary Election - 06/28/2022","Democratic","Member of the Assembly","86",1,"Public Counter",45
"AD","ED","County","EDAD Status","Event","Party/Independent Body","Office/Position Title","District Key","VoteFor","Unit Name","Tally","86","026","Bronx","IN-PLAY","Primary Election - 06/28/2022","Democratic","Member of the Assembly","86",1,"Manually Counted Emergency",0
"AD","ED","County","EDAD Status","Event","Party/Independent Body","Office/Position Title","District Key","VoteFor","Unit Name","Tally","86","026","Bronx","IN-PLAY","Primary Election - 06/28/2022","Democratic","Member of the Assembly","86",1,"Absentee / Military",6
"AD","ED","County","EDAD Status","Event","Party/Independent Body","Office/Position Title","District Key","VoteFor","Unit Name","Tally","86","026","Bronx","IN-PLAY","Primary Election - 06/28/2022","Democratic","Member of the Assembly","86",1,"Affidavit",0
"AD","ED","County","EDAD Status","Event","Party/Independent Body","Office/Position Title","District Key","VoteFor","Unit Name","Tally","86","026","Bronx","IN-PLAY","Primary Election - 06/28/2022","Democratic","Member of the Assembly","86",1,"Yudelka Tapia",44
"AD","ED","County","EDAD Status","Event","Party/Independent Body","Office/Position Title","District Key","VoteFor","Unit Name","Tally","86","026","Bronx","IN-PLAY","Primary Election - 06/28/2022","Democratic","Member of the Assembly","86",1,"Pooi Stewart",4
"AD","ED","County","EDAD Status","Event","Party/Independent Body","Office/Position Title","District Key","VoteFor","Unit Name","Tally","86","027","Bronx","IN-PLAY","Primary Election - 06/28/2022","Democratic","Member of the Assembly","86",1,"Public Counter",46
"AD","ED","County","EDAD Status","Event","Party/Independent Body","Office/Position Title","District Key","VoteFor","Unit Name","Tally","86","027","Bronx","IN-PLAY","Primary Election - 06/28/2022","Democratic","Member of the Assembly","86",1,"Manually Counted Emergency",0
"AD","ED","County","EDAD Status","Event","Party/Independent Body","Office/Position Title","District Key","VoteFor","Unit Name","Tally","86","027","Bronx","IN-PLAY","Primary Election - 06/28/2022","Democratic","Member of the Assembly","86",1,"Absentee / Military",2
"AD","ED","County","EDAD Status","Event","Party/Independent Body","Office/Position Title","District Key","VoteFor","Unit Name","Tally","86","027","Bronx","IN-PLAY","Primary Election - 06/28/2022","Democratic","Member of the Assembly","86",1,"Affidavit",0
"AD","ED","County","EDAD Status","Event","Party/Independent Body","Office/Position Title","District Key","VoteFor","Unit Name","Tally","86","027","Bronx","IN-PLAY","Primary Election - 06/28/2022","Democratic","Member of the Assembly","86",1,"Yudelka Tapia",42
"AD","ED","County","EDAD Status","Event","Party/Independent Body","Office/Position Title","District Key","VoteFor","Unit Name","Tally","86","027","Bronx","IN-PLAY","Primary Election - 06/28/2022","Democratic","Member of the Assembly","86",1,"Pooi Stewart",0
"AD","ED","County","EDAD Status","Event","Party/Independent Body","Office/Position Title","District Key","VoteFor","Unit Name","Tally","86","028","Bronx","IN-PLAY","Primary Election - 06/28/2022","Democratic","Member of the Assembly","86",1,"Public Counter",69
"AD","ED","County","EDAD Status","Event","Party/Independent Body","Office/Position Title","District Key","VoteFor","Unit Name","Tally","86","028","Bronx","IN-PLAY","Primary Election - 06/28/2022","Democratic","Member of the Assembly","86",1,"Manually Counted Emergency",0
"AD","ED","County","EDAD Status","Event","Party/Independent Body","Office/Position Title","District Key","VoteFor","Unit Name","Tally","86","028","Bronx","IN-PLAY","Primary Election - 06/28/2022","Democratic","Member of the Assembly","86",1,"Absentee / Military",5
"AD","ED","County","EDAD Status","Event","Party/Independent Body","Office/Position Title","District Key","VoteFor","Unit Name","Tally","86","028","Bronx","IN-PLAY","Primary Election - 06/28/2022","Democratic","Member of the Assembly","86",1,"Affidavit",0
"AD","ED","County","EDAD Status","Event","Party/Independent Body","Office/Position Title","District Key","VoteFor","Unit Name","Tally","86","028","Bronx","IN-PLAY","Primary Election - 06/28/2022","Democratic","Member of the Assembly","86",1,"Yudelka Tapia",51
"AD","ED","County","EDAD Status","Event","Party/Independent Body","Office/Position Title","District Key","VoteFor","Unit Name","Tally","86","028","Bronx","IN-PLAY","Primary Election - 06/28/2022","Democratic","Member of the Assembly","86",1,"Pooi Stewart",19
"AD","ED","County","EDAD Status","Event","Party/Independent Body","Office/Position Title","District Key","VoteFor","Unit Name","Tally","86","029","Bronx","IN-PLAY","Primary Election - 06/28/2022","Democratic","Member of the Assembly","86",1,"Public Counter",57
"AD","ED","County","EDAD Status","Event","Party/Independent Body","Office/Position Title","District Key","VoteFor","Unit Name","Tally","86","029","Bronx","IN-PLAY","Primary Election - 06/28/2022","Democratic","Member of the Assembly","86",1,"Manually Counted Emergency",0
"AD","ED","County","EDAD Status","Event","Party/Independent Body","Office/Position Title","District Key","VoteFor","Unit Name","Tally","86","029","Bronx","IN-PLAY","Primary Election - 06/28/2022","Democratic","Member of the Assembly","86",1,"Absentee / Military",3
"AD","ED","County","EDAD Status","Event","Party/Independent Body","Office/Position Title","District Key","VoteFor","Unit Name","Tally","86","029","Bronx","IN-PLAY","Primary Election - 06/28/2022","Democratic","Member of the Assembly","86",1,"Affidavit",0
"AD","ED","County","EDAD Status","Event","Party/Independent Body","Office/Position Title","District Key","VoteFor","Unit Name","Tally","86","029","Bronx","IN-PLAY","Primary Election - 06/28/2022","Democratic","Member of the Assembly","86",1,"Yudelka Tapia",45
"AD","ED","County","EDAD Status","Event","Party/Independent Body","Office/Position Title","District Key","VoteFor","Unit Name","Tally","86","029","Bronx","IN-PLAY","Primary Election - 06/28/2022","Democratic","Member of the Assembly","86",1,"Pooi Stewart",8
"AD","ED","County","EDAD Status","Event","Party/Independent Body","Office/Position Title","District Key","VoteFor","Unit Name","Tally","86","029","Bronx","IN-PLAY","Primary Election - 06/28/2022","Democratic","Member of the Assembly","86",1,"Scattered",3
"AD","ED","County","EDAD Status","Event","Party/Independent Body","Office/Position Title","District Key","VoteFor","Unit Name","Tally","86","030","Bronx","IN-PLAY","Primary Election - 06/28/2022","Democratic","Member of the Assembly","86",1,"Public Counter",67
"AD","ED","County","EDAD Status","Event","Party/Independent Body","Office/Position Title","District Key","VoteFor","Unit Name","Tally","86","030","Bronx","IN-PLAY","Primary Election - 06/28/2022","Democratic","Member of the Assembly","86",1,"Manually Counted Emergency",0
"AD","ED","County","EDAD Status","Event","Party/Independent Body","Office/Position Title","District Key","VoteFor","Unit Name","Tally","86","030","Bronx","IN-PLAY","Primary Election - 06/28/2022","Democratic","Member of the Assembly","86",1,"Absentee / Military",4
"AD","ED","County","EDAD Status","Event","Party/Independent Body","Office/Position Title","District Key","VoteFor","Unit Name","Tally","86","030","Bronx","IN-PLAY","Primary Election - 06/28/2022","Democratic","Member of the Assembly","86",1,"Affidavit",0
"AD","ED","County","EDAD Status","Event","Party/Independent Body","Office/Position Title","District Key","VoteFor","Unit Name","Tally","86","030","Bronx","IN-PLAY","Primary Election - 06/28/2022","Democratic","Member of the Assembly","86",1,"Yudelka Tapia",56
"AD","ED","County","EDAD Status","Event","Party/Independent Body","Office/Position Title","District Key","VoteFor","Unit Name","Tally","86","030","Bronx","IN-PLAY","Primary Election - 06/28/2022","Democratic","Member of the Assembly","86",1,"Pooi Stewart",12
"AD","ED","County","EDAD Status","Event","Party/Independent Body","Office/Position Title","District Key","VoteFor","Unit Name","Tally","86","030","Bronx","IN-PLAY","Primary Election - 06/28/2022","Democratic","Member of the Assembly","86",1,"Scattered",2
"AD","ED","County","EDAD Status","Event","Party/Independent Body","Office/Position Title","District Key","VoteFor","Unit Name","Tally","86","031","Bronx","IN-PLAY","Primary Election - 06/28/2022","Democratic","Member of the Assembly","86",1,"Public Counter",46
"AD","ED","County","EDAD Status","Event","Party/Independent Body","Office/Position Title","District Key","VoteFor","Unit Name","Tally","86","031","Bronx","IN-PLAY","Primary Election - 06/28/2022","Democratic","Member of the Assembly","86",1,"Manually Counted Emergency",0
"AD","ED","County","EDAD Status","Event","Party/Independent Body","Office/Position Title","District Key","VoteFor","Unit Name","Tally","86","031","Bronx","IN-PLAY","Primary Election - 06/28/2022","Democratic","Member of the Assembly","86",1,"Absentee / Military",1
"AD","ED","County","EDAD Status","Event","Party/Independent Body","Office/Position Title","District Key","VoteFor","Unit Name","Tally","86","031","Bronx","IN-PLAY","Primary Election - 06/28/2022","Democratic","Member of the Assembly","86",1,"Affidavit",0
"AD","ED","County","EDAD Status","Event","Party/Independent Body","Office/Position Title","District Key","VoteFor","Unit Name","Tally","86","031","Bronx","IN-PLAY","Primary Election - 06/28/2022","Democratic","Member of the Assembly","86",1,"Yudelka Tapia",34
"AD","ED","County","EDAD Status","Event","Party/Independent Body","Office/Position Title","District Key","VoteFor","Unit Name","Tally","86","031","Bronx","IN-PLAY","Primary Election - 06/28/2022","Democratic","Member of the Assembly","86",1,"Pooi Stewart",5
"AD","ED","County","EDAD Status","Event","Party/Independent Body","Office/Position Title","District Key","VoteFor","Unit Name","Tally","86","031","Bronx","IN-PLAY","Primary Election - 06/28/2022","Democratic","Member of the Assembly","86",1,"Scattered",4
"AD","ED","County","EDAD Status","Event","Party/Independent Body","Office/Position Title","District Key","VoteFor","Unit Name","Tally","86","032","Bronx","IN-PLAY","Primary Election - 06/28/2022","Democratic","Member of the Assembly","86",1,"Public Counter",93
"AD","ED","County","EDAD Status","Event","Party/Independent Body","Office/Position Title","District Key","VoteFor","Unit Name","Tally","86","032","Bronx","IN-PLAY","Primary Election - 06/28/2022","Democratic","Member of the Assembly","86",1,"Manually Counted Emergency",0
"AD","ED","County","EDAD Status","Event","Party/Independent Body","Office/Position Title","District Key","VoteFor","Unit Name","Tally","86","032","Bronx","IN-PLAY","Primary Election - 06/28/2022","Democratic","Member of the Assembly","86",1,"Absentee / Military",6
"AD","ED","County","EDAD Status","Event","Party/Independent Body","Office/Position Title","District Key","VoteFor","Unit Name","Tally","86","032","Bronx","IN-PLAY","Primary Election - 06/28/2022","Democratic","Member of the Assembly","86",1,"Affidavit",1
"AD","ED","County","EDAD Status","Event","Party/Independent Body","Office/Position Title","District Key","VoteFor","Unit Name","Tally","86","032","Bronx","IN-PLAY","Primary Election - 06/28/2022","Democratic","Member of the Assembly","86",1,"Yudelka Tapia",71
"AD","ED","County","EDAD Status","Event","Party/Independent Body","Office/Position Title","District Key","VoteFor","Unit Name","Tally","86","032","Bronx","IN-PLAY","Primary Election - 06/28/2022","Democratic","Member of the Assembly","86",1,"Pooi Stewart",24
"AD","ED","County","EDAD Status","Event","Party/Independent Body","Office/Position Title","District Key","VoteFor","Unit Name","Tally","86","033","Bronx","IN-PLAY","Primary Election - 06/28/2022","Democratic","Member of the Assembly","86",1,"Public Counter",39
"AD","ED","County","EDAD Status","Event","Party/Independent Body","Office/Position Title","District Key","VoteFor","Unit Name","Tally","86","033","Bronx","IN-PLAY","Primary Election - 06/28/2022","Democratic","Member of the Assembly","86",1,"Manually Counted Emergency",0
"AD","ED","County","EDAD Status","Event","Party/Independent Body","Office/Position Title","District Key","VoteFor","Unit Name","Tally","86","033","Bronx","IN-PLAY","Primary Election - 06/28/2022","Democratic","Member of the Assembly","86",1,"Absentee / Military",5
"AD","ED","County","EDAD Status","Event","Party/Independent Body","Office/Position Title","District Key","VoteFor","Unit Name","Tally","86","033","Bronx","IN-PLAY","Primary Election - 06/28/2022","Democratic","Member of the Assembly","86",1,"Affidavit",0
"AD","ED","County","EDAD Status","Event","Party/Independent Body","Office/Position Title","District Key","VoteFor","Unit Name","Tally","86","033","Bronx","IN-PLAY","Primary Election - 06/28/2022","Democratic","Member of the Assembly","86",1,"Yudelka Tapia",33
"AD","ED","County","EDAD Status","Event","Party/Independent Body","Office/Position Title","District Key","VoteFor","Unit Name","Tally","86","033","Bronx","IN-PLAY","Primary Election - 06/28/2022","Democratic","Member of the Assembly","86",1,"Pooi Stewart",8
"AD","ED","County","EDAD Status","Event","Party/Independent Body","Office/Position Title","District Key","VoteFor","Unit Name","Tally","86","033","Bronx","IN-PLAY","Primary Election - 06/28/2022","Democratic","Member of the Assembly","86",1,"Scattered",1
"AD","ED","County","EDAD Status","Event","Party/Independent Body","Office/Position Title","District Key","VoteFor","Unit Name","Tally","86","034","Bronx","IN-PLAY","Primary Election - 06/28/2022","Democratic","Member of the Assembly","86",1,"Public Counter",53
"AD","ED","County","EDAD Status","Event","Party/Independent Body","Office/Position Title","District Key","VoteFor","Unit Name","Tally","86","034","Bronx","IN-PLAY","Primary Election - 06/28/2022","Democratic","Member of the Assembly","86",1,"Manually Counted Emergency",0
"AD","ED","County","EDAD Status","Event","Party/Independent Body","Office/Position Title","District Key","VoteFor","Unit Name","Tally","86","034","Bronx","IN-PLAY","Primary Election - 06/28/2022","Democratic","Member of the Assembly","86",1,"Absentee / Military",5
"AD","ED","County","EDAD Status","Event","Party/Independent Body","Office/Position Title","District Key","VoteFor","Unit Name","Tally","86","034","Bronx","IN-PLAY","Primary Election - 06/28/2022","Democratic","Member of the Assembly","86",1,"Affidavit",1
"AD","ED","County","EDAD Status","Event","Party/Independent Body","Office/Position Title","District Key","VoteFor","Unit Name","Tally","86","034","Bronx","IN-PLAY","Primary Election - 06/28/2022","Democratic","Member of the Assembly","86",1,"Yudelka Tapia",54
"AD","ED","County","EDAD Status","Event","Party/Independent Body","Office/Position Title","District Key","VoteFor","Unit Name","Tally","86","034","Bronx","IN-PLAY","Primary Election - 06/28/2022","Democratic","Member of the Assembly","86",1,"Pooi Stewart",4
"AD","ED","County","EDAD Status","Event","Party/Independent Body","Office/Position Title","District Key","VoteFor","Unit Name","Tally","86","035","Bronx","IN-PLAY","Primary Election - 06/28/2022","Democratic","Member of the Assembly","86",1,"Public Counter",54
"AD","ED","County","EDAD Status","Event","Party/Independent Body","Office/Position Title","District Key","VoteFor","Unit Name","Tally","86","035","Bronx","IN-PLAY","Primary Election - 06/28/2022","Democratic","Member of the Assembly","86",1,"Manually Counted Emergency",0
"AD","ED","County","EDAD Status","Event","Party/Independent Body","Office/Position Title","District Key","VoteFor","Unit Name","Tally","86","035","Bronx","IN-PLAY","Primary Election - 06/28/2022","Democratic","Member of the Assembly","86",1,"Absentee / Military",5
"AD","ED","County","EDAD Status","Event","Party/Independent Body","Office/Position Title","District Key","VoteFor","Unit Name","Tally","86","035","Bronx","IN-PLAY","Primary Election - 06/28/2022","Democratic","Member of the Assembly","86",1,"Affidavit",0
"AD","ED","County","EDAD Status","Event","Party/Independent Body","Office/Position Title","District Key","VoteFor","Unit Name","Tally","86","035","Bronx","IN-PLAY","Primary Election - 06/28/2022","Democratic","Member of the Assembly","86",1,"Yudelka Tapia",39
"AD","ED","County","EDAD Status","Event","Party/Independent Body","Office/Position Title","District Key","VoteFor","Unit Name","Tally","86","035","Bronx","IN-PLAY","Primary Election - 06/28/2022","Democratic","Member of the Assembly","86",1,"Pooi Stewart",17
"AD","ED","County","EDAD Status","Event","Party/Independent Body","Office/Position Title","District Key","VoteFor","Unit Name","Tally","86","036","Bronx","IN-PLAY","Primary Election - 06/28/2022","Democratic","Member of the Assembly","86",1,"Public Counter",48
"AD","ED","County","EDAD Status","Event","Party/Independent Body","Office/Position Title","District Key","VoteFor","Unit Name","Tally","86","036","Bronx","IN-PLAY","Primary Election - 06/28/2022","Democratic","Member of the Assembly","86",1,"Manually Counted Emergency",0
"AD","ED","County","EDAD Status","Event","Party/Independent Body","Office/Position Title","District Key","VoteFor","Unit Name","Tally","86","036","Bronx","IN-PLAY","Primary Election - 06/28/2022","Democratic","Member of the Assembly","86",1,"Absentee / Military",1
"AD","ED","County","EDAD Status","Event","Party/Independent Body","Office/Position Title","District Key","VoteFor","Unit Name","Tally","86","036","Bronx","IN-PLAY","Primary Election - 06/28/2022","Democratic","Member of the Assembly","86",1,"Affidavit",1
"AD","ED","County","EDAD Status","Event","Party/Independent Body","Office/Position Title","District Key","VoteFor","Unit Name","Tally","86","036","Bronx","IN-PLAY","Primary Election - 06/28/2022","Democratic","Member of the Assembly","86",1,"Yudelka Tapia",32
"AD","ED","County","EDAD Status","Event","Party/Independent Body","Office/Position Title","District Key","VoteFor","Unit Name","Tally","86","036","Bronx","IN-PLAY","Primary Election - 06/28/2022","Democratic","Member of the Assembly","86",1,"Pooi Stewart",12
"AD","ED","County","EDAD Status","Event","Party/Independent Body","Office/Position Title","District Key","VoteFor","Unit Name","Tally","86","037","Bronx","IN-PLAY","Primary Election - 06/28/2022","Democratic","Member of the Assembly","86",1,"Public Counter",46
"AD","ED","County","EDAD Status","Event","Party/Independent Body","Office/Position Title","District Key","VoteFor","Unit Name","Tally","86","037","Bronx","IN-PLAY","Primary Election - 06/28/2022","Democratic","Member of the Assembly","86",1,"Manually Counted Emergency",0
"AD","ED","County","EDAD Status","Event","Party/Independent Body","Office/Position Title","District Key","VoteFor","Unit Name","Tally","86","037","Bronx","IN-PLAY","Primary Election - 06/28/2022","Democratic","Member of the Assembly","86",1,"Absentee / Military",11
"AD","ED","County","EDAD Status","Event","Party/Independent Body","Office/Position Title","District Key","VoteFor","Unit Name","Tally","86","037","Bronx","IN-PLAY","Primary Election - 06/28/2022","Democratic","Member of the Assembly","86",1,"Affidavit",0
"AD","ED","County","EDAD Status","Event","Party/Independent Body","Office/Position Title","District Key","VoteFor","Unit Name","Tally","86","037","Bronx","IN-PLAY","Primary Election - 06/28/2022","Democratic","Member of the Assembly","86",1,"Yudelka Tapia",43
"AD","ED","County","EDAD Status","Event","Party/Independent Body","Office/Position Title","District Key","VoteFor","Unit Name","Tally","86","037","Bronx","IN-PLAY","Primary Election - 06/28/2022","Democratic","Member of the Assembly","86",1,"Pooi Stewart",7
"AD","ED","County","EDAD Status","Event","Party/Independent Body","Office/Position Title","District Key","VoteFor","Unit Name","Tally","86","037","Bronx","IN-PLAY","Primary Election - 06/28/2022","Democratic","Member of the Assembly","86",1,"Scattered",1
"AD","ED","County","EDAD Status","Event","Party/Independent Body","Office/Position Title","District Key","VoteFor","Unit Name","Tally","86","038","Bronx","IN-PLAY","Primary Election - 06/28/2022","Democratic","Member of the Assembly","86",1,"Public Counter",58
"AD","ED","County","EDAD Status","Event","Party/Independent Body","Office/Position Title","District Key","VoteFor","Unit Name","Tally","86","038","Bronx","IN-PLAY","Primary Election - 06/28/2022","Democratic","Member of the Assembly","86",1,"Manually Counted Emergency",0
"AD","ED","County","EDAD Status","Event","Party/Independent Body","Office/Position Title","District Key","VoteFor","Unit Name","Tally","86","038","Bronx","IN-PLAY","Primary Election - 06/28/2022","Democratic","Member of the Assembly","86",1,"Absentee / Military",10
"AD","ED","County","EDAD Status","Event","Party/Independent Body","Office/Position Title","District Key","VoteFor","Unit Name","Tally","86","038","Bronx","IN-PLAY","Primary Election - 06/28/2022","Democratic","Member of the Assembly","86",1,"Affidavit",3
"AD","ED","County","EDAD Status","Event","Party/Independent Body","Office/Position Title","District Key","VoteFor","Unit Name","Tally","86","038","Bronx","IN-PLAY","Primary Election - 06/28/2022","Democratic","Member of the Assembly","86",1,"Yudelka Tapia",54
"AD","ED","County","EDAD Status","Event","Party/Independent Body","Office/Position Title","District Key","VoteFor","Unit Name","Tally","86","038","Bronx","IN-PLAY","Primary Election - 06/28/2022","Democratic","Member of the Assembly","86",1,"Pooi Stewart",10
"AD","ED","County","EDAD Status","Event","Party/Independent Body","Office/Position Title","District Key","VoteFor","Unit Name","Tally","86","038","Bronx","IN-PLAY","Primary Election - 06/28/2022","Democratic","Member of the Assembly","86",1,"Scattered",1
"AD","ED","County","EDAD Status","Event","Party/Independent Body","Office/Position Title","District Key","VoteFor","Unit Name","Tally","86","039","Bronx","IN-PLAY","Primary Election - 06/28/2022","Democratic","Member of the Assembly","86",1,"Public Counter",24
"AD","ED","County","EDAD Status","Event","Party/Independent Body","Office/Position Title","District Key","VoteFor","Unit Name","Tally","86","039","Bronx","IN-PLAY","Primary Election - 06/28/2022","Democratic","Member of the Assembly","86",1,"Manually Counted Emergency",0
"AD","ED","County","EDAD Status","Event","Party/Independent Body","Office/Position Title","District Key","VoteFor","Unit Name","Tally","86","039","Bronx","IN-PLAY","Primary Election - 06/28/2022","Democratic","Member of the Assembly","86",1,"Absentee / Military",3
"AD","ED","County","EDAD Status","Event","Party/Independent Body","Office/Position Title","District Key","VoteFor","Unit Name","Tally","86","039","Bronx","IN-PLAY","Primary Election - 06/28/2022","Democratic","Member of the Assembly","86",1,"Affidavit",0
"AD","ED","County","EDAD Status","Event","Party/Independent Body","Office/Position Title","District Key","VoteFor","Unit Name","Tally","86","039","Bronx","IN-PLAY","Primary Election - 06/28/2022","Democratic","Member of the Assembly","86",1,"Yudelka Tapia",19
"AD","ED","County","EDAD Status","Event","Party/Independent Body","Office/Position Title","District Key","VoteFor","Unit Name","Tally","86","039","Bronx","IN-PLAY","Primary Election - 06/28/2022","Democratic","Member of the Assembly","86",1,"Pooi Stewart",6
"AD","ED","County","EDAD Status","Event","Party/Independent Body","Office/Position Title","District Key","VoteFor","Unit Name","Tally","86","040","Bronx","IN-PLAY","Primary Election - 06/28/2022","Democratic","Member of the Assembly","86",1,"Public Counter",5
"AD","ED","County","EDAD Status","Event","Party/Independent Body","Office/Position Title","District Key","VoteFor","Unit Name","Tally","86","040","Bronx","IN-PLAY","Primary Election - 06/28/2022","Democratic","Member of the Assembly","86",1,"Manually Counted Emergency",0
"AD","ED","County","EDAD Status","Event","Party/Independent Body","Office/Position Title","District Key","VoteFor","Unit Name","Tally","86","040","Bronx","IN-PLAY","Primary Election - 06/28/2022","Democratic","Member of the Assembly","86",1,"Absentee / Military",7
"AD","ED","County","EDAD Status","Event","Party/Independent Body","Office/Position Title","District Key","VoteFor","Unit Name","Tally","86","040","Bronx","IN-PLAY","Primary Election - 06/28/2022","Democratic","Member of the Assembly","86",1,"Affidavit",0
"AD","ED","County","EDAD Status","Event","Party/Independent Body","Office/Position Title","District Key","VoteFor","Unit Name","Tally","86","040","Bronx","IN-PLAY","Primary Election - 06/28/2022","Democratic","Member of the Assembly","86",1,"Yudelka Tapia",8
"AD","ED","County","EDAD Status","Event","Party/Independent Body","Office/Position Title","District Key","VoteFor","Unit Name","Tally","86","040","Bronx","IN-PLAY","Primary Election - 06/28/2022","Democratic","Member of the Assembly","86",1,"Pooi Stewart",3
"AD","ED","County","EDAD Status","Event","Party/Independent Body","Office/Position Title","District Key","VoteFor","Unit Name","Tally","86","041","Bronx","COMBINED INTO 040/86","Primary Election - 06/28/2022","Democratic","Member of the Assembly","86",1,"Public Counter",0
"AD","ED","County","EDAD Status","Event","Party/Independent Body","Office/Position Title","District Key","VoteFor","Unit Name","Tally","86","041","Bronx","COMBINED INTO 040/86","Primary Election - 06/28/2022","Democratic","Member of the Assembly","86",1,"Manually Counted Emergency",0
"AD","ED","County","EDAD Status","Event","Party/Independent Body","Office/Position Title","District Key","VoteFor","Unit Name","Tally","86","041","Bronx","COMBINED INTO 040/86","Primary Election - 06/28/2022","Democratic","Member of the Assembly","86",1,"Absentee / Military",0
"AD","ED","County","EDAD Status","Event","Party/Independent Body","Office/Position Title","District Key","VoteFor","Unit Name","Tally","86","041","Bronx","COMBINED INTO 040/86","Primary Election - 06/28/2022","Democratic","Member of the Assembly","86",1,"Affidavit",0
"AD","ED","County","EDAD Status","Event","Party/Independent Body","Office/Position Title","District Key","VoteFor","Unit Name","Tally","86","042","Bronx","IN-PLAY","Primary Election - 06/28/2022","Democratic","Member of the Assembly","86",1,"Public Counter",2
"AD","ED","County","EDAD Status","Event","Party/Independent Body","Office/Position Title","District Key","VoteFor","Unit Name","Tally","86","042","Bronx","IN-PLAY","Primary Election - 06/28/2022","Democratic","Member of the Assembly","86",1,"Manually Counted Emergency",0
"AD","ED","County","EDAD Status","Event","Party/Independent Body","Office/Position Title","District Key","VoteFor","Unit Name","Tally","86","042","Bronx","IN-PLAY","Primary Election - 06/28/2022","Democratic","Member of the Assembly","86",1,"Absentee / Military",0
"AD","ED","County","EDAD Status","Event","Party/Independent Body","Office/Position Title","District Key","VoteFor","Unit Name","Tally","86","042","Bronx","IN-PLAY","Primary Election - 06/28/2022","Democratic","Member of the Assembly","86",1,"Affidavit",0
"AD","ED","County","EDAD Status","Event","Party/Independent Body","Office/Position Title","District Key","VoteFor","Unit Name","Tally","86","042","Bronx","IN-PLAY","Primary Election - 06/28/2022","Democratic","Member of the Assembly","86",1,"Yudelka Tapia",2
"AD","ED","County","EDAD Status","Event","Party/Independent Body","Office/Position Title","District Key","VoteFor","Unit Name","Tally","86","042","Bronx","IN-PLAY","Primary Election - 06/28/2022","Democratic","Member of the Assembly","86",1,"Pooi Stewart",0
"AD","ED","County","EDAD Status","Event","Party/Independent Body","Office/Position Title","District Key","VoteFor","Unit Name","Tally","86","043","Bronx","IN-PLAY","Primary Election - 06/28/2022","Democratic","Member of the Assembly","86",1,"Public Counter",74
"AD","ED","County","EDAD Status","Event","Party/Independent Body","Office/Position Title","District Key","VoteFor","Unit Name","Tally","86","043","Bronx","IN-PLAY","Primary Election - 06/28/2022","Democratic","Member of the Assembly","86",1,"Manually Counted Emergency",0
"AD","ED","County","EDAD Status","Event","Party/Independent Body","Office/Position Title","District Key","VoteFor","Unit Name","Tally","86","043","Bronx","IN-PLAY","Primary Election - 06/28/2022","Democratic","Member of the Assembly","86",1,"Absentee / Military",7
"AD","ED","County","EDAD Status","Event","Party/Independent Body","Office/Position Title","District Key","VoteFor","Unit Name","Tally","86","043","Bronx","IN-PLAY","Primary Election - 06/28/2022","Democratic","Member of the Assembly","86",1,"Affidavit",0
"AD","ED","County","EDAD Status","Event","Party/Independent Body","Office/Position Title","District Key","VoteFor","Unit Name","Tally","86","043","Bronx","IN-PLAY","Primary Election - 06/28/2022","Democratic","Member of the Assembly","86",1,"Yudelka Tapia",63
"AD","ED","County","EDAD Status","Event","Party/Independent Body","Office/Position Title","District Key","VoteFor","Unit Name","Tally","86","043","Bronx","IN-PLAY","Primary Election - 06/28/2022","Democratic","Member of the Assembly","86",1,"Pooi Stewart",15
"AD","ED","County","EDAD Status","Event","Party/Independent Body","Office/Position Title","District Key","VoteFor","Unit Name","Tally","86","044","Bronx","COMBINED INTO 042/86","Primary Election - 06/28/2022","Democratic","Member of the Assembly","86",1,"Public Counter",0
"AD","ED","County","EDAD Status","Event","Party/Independent Body","Office/Position Title","District Key","VoteFor","Unit Name","Tally","86","044","Bronx","COMBINED INTO 042/86","Primary Election - 06/28/2022","Democratic","Member of the Assembly","86",1,"Manually Counted Emergency",0
"AD","ED","County","EDAD Status","Event","Party/Independent Body","Office/Position Title","District Key","VoteFor","Unit Name","Tally","86","044","Bronx","COMBINED INTO 042/86","Primary Election - 06/28/2022","Democratic","Member of the Assembly","86",1,"Absentee / Military",0
"AD","ED","County","EDAD Status","Event","Party/Independent Body","Office/Position Title","District Key","VoteFor","Unit Name","Tally","86","044","Bronx","COMBINED INTO 042/86","Primary Election - 06/28/2022","Democratic","Member of the Assembly","86",1,"Affidavit",0
"AD","ED","County","EDAD Status","Event","Party/Independent Body","Office/Position Title","District Key","VoteFor","Unit Name","Tally","86","045","Bronx","COMBINED INTO 042/86","Primary Election - 06/28/2022","Democratic","Member of the Assembly","86",1,"Public Counter",0
"AD","ED","County","EDAD Status","Event","Party/Independent Body","Office/Position Title","District Key","VoteFor","Unit Name","Tally","86","045","Bronx","COMBINED INTO 042/86","Primary Election - 06/28/2022","Democratic","Member of the Assembly","86",1,"Manually Counted Emergency",0
"AD","ED","County","EDAD Status","Event","Party/Independent Body","Office/Position Title","District Key","VoteFor","Unit Name","Tally","86","045","Bronx","COMBINED INTO 042/86","Primary Election - 06/28/2022","Democratic","Member of the Assembly","86",1,"Absentee / Military",0
"AD","ED","County","EDAD Status","Event","Party/Independent Body","Office/Position Title","District Key","VoteFor","Unit Name","Tally","86","045","Bronx","COMBINED INTO 042/86","Primary Election - 06/28/2022","Democratic","Member of the Assembly","86",1,"Affidavit",0
"AD","ED","County","EDAD Status","Event","Party/Independent Body","Office/Position Title","District Key","VoteFor","Unit Name","Tally","86","046","Bronx","IN-PLAY","Primary Election - 06/28/2022","Democratic","Member of the Assembly","86",1,"Public Counter",21
"AD","ED","County","EDAD Status","Event","Party/Independent Body","Office/Position Title","District Key","VoteFor","Unit Name","Tally","86","046","Bronx","IN-PLAY","Primary Election - 06/28/2022","Democratic","Member of the Assembly","86",1,"Manually Counted Emergency",0
"AD","ED","County","EDAD Status","Event","Party/Independent Body","Office/Position Title","District Key","VoteFor","Unit Name","Tally","86","046","Bronx","IN-PLAY","Primary Election - 06/28/2022","Democratic","Member of the Assembly","86",1,"Absentee / Military",2
"AD","ED","County","EDAD Status","Event","Party/Independent Body","Office/Position Title","District Key","VoteFor","Unit Name","Tally","86","046","Bronx","IN-PLAY","Primary Election - 06/28/2022","Democratic","Member of the Assembly","86",1,"Affidavit",1
"AD","ED","County","EDAD Status","Event","Party/Independent Body","Office/Position Title","District Key","VoteFor","Unit Name","Tally","86","046","Bronx","IN-PLAY","Primary Election - 06/28/2022","Democratic","Member of the Assembly","86",1,"Yudelka Tapia",17
"AD","ED","County","EDAD Status","Event","Party/Independent Body","Office/Position Title","District Key","VoteFor","Unit Name","Tally","86","046","Bronx","IN-PLAY","Primary Election - 06/28/2022","Democratic","Member of the Assembly","86",1,"Pooi Stewart",5
"AD","ED","County","EDAD Status","Event","Party/Independent Body","Office/Position Title","District Key","VoteFor","Unit Name","Tally","86","047","Bronx","IN-PLAY","Primary Election - 06/28/2022","Democratic","Member of the Assembly","86",1,"Public Counter",72
"AD","ED","County","EDAD Status","Event","Party/Independent Body","Office/Position Title","District Key","VoteFor","Unit Name","Tally","86","047","Bronx","IN-PLAY","Primary Election - 06/28/2022","Democratic","Member of the Assembly","86",1,"Manually Counted Emergency",0
"AD","ED","County","EDAD Status","Event","Party/Independent Body","Office/Position Title","District Key","VoteFor","Unit Name","Tally","86","047","Bronx","IN-PLAY","Primary Election - 06/28/2022","Democratic","Member of the Assembly","86",1,"Absentee / Military",11
"AD","ED","County","EDAD Status","Event","Party/Independent Body","Office/Position Title","District Key","VoteFor","Unit Name","Tally","86","047","Bronx","IN-PLAY","Primary Election - 06/28/2022","Democratic","Member of the Assembly","86",1,"Affidavit",0
"AD","ED","County","EDAD Status","Event","Party/Independent Body","Office/Position Title","District Key","VoteFor","Unit Name","Tally","86","047","Bronx","IN-PLAY","Primary Election - 06/28/2022","Democratic","Member of the Assembly","86",1,"Yudelka Tapia",65
"AD","ED","County","EDAD Status","Event","Party/Independent Body","Office/Position Title","District Key","VoteFor","Unit Name","Tally","86","047","Bronx","IN-PLAY","Primary Election - 06/28/2022","Democratic","Member of the Assembly","86",1,"Pooi Stewart",15
"AD","ED","County","EDAD Status","Event","Party/Independent Body","Office/Position Title","District Key","VoteFor","Unit Name","Tally","86","047","Bronx","IN-PLAY","Primary Election - 06/28/2022","Democratic","Member of the Assembly","86",1,"Scattered",2
"AD","ED","County","EDAD Status","Event","Party/Independent Body","Office/Position Title","District Key","VoteFor","Unit Name","Tally","86","048","Bronx","IN-PLAY","Primary Election - 06/28/2022","Democratic","Member of the Assembly","86",1,"Public Counter",52
"AD","ED","County","EDAD Status","Event","Party/Independent Body","Office/Position Title","District Key","VoteFor","Unit Name","Tally","86","048","Bronx","IN-PLAY","Primary Election - 06/28/2022","Democratic","Member of the Assembly","86",1,"Manually Counted Emergency",0
"AD","ED","County","EDAD Status","Event","Party/Independent Body","Office/Position Title","District Key","VoteFor","Unit Name","Tally","86","048","Bronx","IN-PLAY","Primary Election - 06/28/2022","Democratic","Member of the Assembly","86",1,"Absentee / Military",8
"AD","ED","County","EDAD Status","Event","Party/Independent Body","Office/Position Title","District Key","VoteFor","Unit Name","Tally","86","048","Bronx","IN-PLAY","Primary Election - 06/28/2022","Democratic","Member of the Assembly","86",1,"Affidavit",0
"AD","ED","County","EDAD Status","Event","Party/Independent Body","Office/Position Title","District Key","VoteFor","Unit Name","Tally","86","048","Bronx","IN-PLAY","Primary Election - 06/28/2022","Democratic","Member of the Assembly","86",1,"Yudelka Tapia",42
"AD","ED","County","EDAD Status","Event","Party/Independent Body","Office/Position Title","District Key","VoteFor","Unit Name","Tally","86","048","Bronx","IN-PLAY","Primary Election - 06/28/2022","Democratic","Member of the Assembly","86",1,"Pooi Stewart",16
"AD","ED","County","EDAD Status","Event","Party/Independent Body","Office/Position Title","District Key","VoteFor","Unit Name","Tally","86","049","Bronx","IN-PLAY","Primary Election - 06/28/2022","Democratic","Member of the Assembly","86",1,"Public Counter",89
"AD","ED","County","EDAD Status","Event","Party/Independent Body","Office/Position Title","District Key","VoteFor","Unit Name","Tally","86","049","Bronx","IN-PLAY","Primary Election - 06/28/2022","Democratic","Member of the Assembly","86",1,"Manually Counted Emergency",0
"AD","ED","County","EDAD Status","Event","Party/Independent Body","Office/Position Title","District Key","VoteFor","Unit Name","Tally","86","049","Bronx","IN-PLAY","Primary Election - 06/28/2022","Democratic","Member of the Assembly","86",1,"Absentee / Military",7
"AD","ED","County","EDAD Status","Event","Party/Independent Body","Office/Position Title","District Key","VoteFor","Unit Name","Tally","86","049","Bronx","IN-PLAY","Primary Election - 06/28/2022","Democratic","Member of the Assembly","86",1,"Affidavit",2
"AD","ED","County","EDAD Status","Event","Party/Independent Body","Office/Position Title","District Key","VoteFor","Unit Name","Tally","86","049","Bronx","IN-PLAY","Primary Election - 06/28/2022","Democratic","Member of the Assembly","86",1,"Yudelka Tapia",57
"AD","ED","County","EDAD Status","Event","Party/Independent Body","Office/Position Title","District Key","VoteFor","Unit Name","Tally","86","049","Bronx","IN-PLAY","Primary Election - 06/28/2022","Democratic","Member of the Assembly","86",1,"Pooi Stewart",25
"AD","ED","County","EDAD Status","Event","Party/Independent Body","Office/Position Title","District Key","VoteFor","Unit Name","Tally","86","049","Bronx","IN-PLAY","Primary Election - 06/28/2022","Democratic","Member of the Assembly","86",1,"Scattered",2
"AD","ED","County","EDAD Status","Event","Party/Independent Body","Office/Position Title","District Key","VoteFor","Unit Name","Tally","86","050","Bronx","IN-PLAY","Primary Election - 06/28/2022","Democratic","Member of the Assembly","86",1,"Public Counter",100
"AD","ED","County","EDAD Status","Event","Party/Independent Body","Office/Position Title","District Key","VoteFor","Unit Name","Tally","86","050","Bronx","IN-PLAY","Primary Election - 06/28/2022","Democratic","Member of the Assembly","86",1,"Manually Counted Emergency",0
"AD","ED","County","EDAD Status","Event","Party/Independent Body","Office/Position Title","District Key","VoteFor","Unit Name","Tally","86","050","Bronx","IN-PLAY","Primary Election - 06/28/2022","Democratic","Member of the Assembly","86",1,"Absentee / Military",5
"AD","ED","County","EDAD Status","Event","Party/Independent Body","Office/Position Title","District Key","VoteFor","Unit Name","Tally","86","050","Bronx","IN-PLAY","Primary Election - 06/28/2022","Democratic","Member of the Assembly","86",1,"Affidavit",0
"AD","ED","County","EDAD Status","Event","Party/Independent Body","Office/Position Title","District Key","VoteFor","Unit Name","Tally","86","050","Bronx","IN-PLAY","Primary Election - 06/28/2022","Democratic","Member of the Assembly","86",1,"Yudelka Tapia",80
"AD","ED","County","EDAD Status","Event","Party/Independent Body","Office/Position Title","District Key","VoteFor","Unit Name","Tally","86","050","Bronx","IN-PLAY","Primary Election - 06/28/2022","Democratic","Member of the Assembly","86",1,"Pooi Stewart",19
"AD","ED","County","EDAD Status","Event","Party/Independent Body","Office/Position Title","District Key","VoteFor","Unit Name","Tally","86","051","Bronx","IN-PLAY","Primary Election - 06/28/2022","Democratic","Member of the Assembly","86",1,"Public Counter",62
"AD","ED","County","EDAD Status","Event","Party/Independent Body","Office/Position Title","District Key","VoteFor","Unit Name","Tally","86","051","Bronx","IN-PLAY","Primary Election - 06/28/2022","Democratic","Member of the Assembly","86",1,"Manually Counted Emergency",0
"AD","ED","County","EDAD Status","Event","Party/Independent Body","Office/Position Title","District Key","VoteFor","Unit Name","Tally","86","051","Bronx","IN-PLAY","Primary Election - 06/28/2022","Democratic","Member of the Assembly","86",1,"Absentee / Military",4
"AD","ED","County","EDAD Status","Event","Party/Independent Body","Office/Position Title","District Key","VoteFor","Unit Name","Tally","86","051","Bronx","IN-PLAY","Primary Election - 06/28/2022","Democratic","Member of the Assembly","86",1,"Affidavit",1
"AD","ED","County","EDAD Status","Event","Party/Independent Body","Office/Position Title","District Key","VoteFor","Unit Name","Tally","86","051","Bronx","IN-PLAY","Primary Election - 06/28/2022","Democratic","Member of the Assembly","86",1,"Yudelka Tapia",60
"AD","ED","County","EDAD Status","Event","Party/Independent Body","Office/Position Title","District Key","VoteFor","Unit Name","Tally","86","051","Bronx","IN-PLAY","Primary Election - 06/28/2022","Democratic","Member of the Assembly","86",1,"Pooi Stewart",5
"AD","ED","County","EDAD Status","Event","Party/Independent Body","Office/Position Title","District Key","VoteFor","Unit Name","Tally","86","052","Bronx","IN-PLAY","Primary Election - 06/28/2022","Democratic","Member of the Assembly","86",1,"Public Counter",58
"AD","ED","County","EDAD Status","Event","Party/Independent Body","Office/Position Title","District Key","VoteFor","Unit Name","Tally","86","052","Bronx","IN-PLAY","Primary Election - 06/28/2022","Democratic","Member of the Assembly","86",1,"Manually Counted Emergency",0
"AD","ED","County","EDAD Status","Event","Party/Independent Body","Office/Position Title","District Key","VoteFor","Unit Name","Tally","86","052","Bronx","IN-PLAY","Primary Election - 06/28/2022","Democratic","Member of the Assembly","86",1,"Absentee / Military",0
"AD","ED","County","EDAD Status","Event","Party/Independent Body","Office/Position Title","District Key","VoteFor","Unit Name","Tally","86","052","Bronx","IN-PLAY","Primary Election - 06/28/2022","Democratic","Member of the Assembly","86",1,"Affidavit",0
"AD","ED","County","EDAD Status","Event","Party/Independent Body","Office/Position Title","District Key","VoteFor","Unit Name","Tally","86","052","Bronx","IN-PLAY","Primary Election - 06/28/2022","Democratic","Member of the Assembly","86",1,"Yudelka Tapia",40
"AD","ED","County","EDAD Status","Event","Party/Independent Body","Office/Position Title","District Key","VoteFor","Unit Name","Tally","86","052","Bronx","IN-PLAY","Primary Election - 06/28/2022","Democratic","Member of the Assembly","86",1,"Pooi Stewart",11
"AD","ED","County","EDAD Status","Event","Party/Independent Body","Office/Position Title","District Key","VoteFor","Unit Name","Tally","86","053","Bronx","IN-PLAY","Primary Election - 06/28/2022","Democratic","Member of the Assembly","86",1,"Public Counter",59
"AD","ED","County","EDAD Status","Event","Party/Independent Body","Office/Position Title","District Key","VoteFor","Unit Name","Tally","86","053","Bronx","IN-PLAY","Primary Election - 06/28/2022","Democratic","Member of the Assembly","86",1,"Manually Counted Emergency",0
"AD","ED","County","EDAD Status","Event","Party/Independent Body","Office/Position Title","District Key","VoteFor","Unit Name","Tally","86","053","Bronx","IN-PLAY","Primary Election - 06/28/2022","Democratic","Member of the Assembly","86",1,"Absentee / Military",5
"AD","ED","County","EDAD Status","Event","Party/Independent Body","Office/Position Title","District Key","VoteFor","Unit Name","Tally","86","053","Bronx","IN-PLAY","Primary Election - 06/28/2022","Democratic","Member of the Assembly","86",1,"Affidavit",0
"AD","ED","County","EDAD Status","Event","Party/Independent Body","Office/Position Title","District Key","VoteFor","Unit Name","Tally","86","053","Bronx","IN-PLAY","Primary Election - 06/28/2022","Democratic","Member of the Assembly","86",1,"Yudelka Tapia",53
"AD","ED","County","EDAD Status","Event","Party/Independent Body","Office/Position Title","District Key","VoteFor","Unit Name","Tally","86","053","Bronx","IN-PLAY","Primary Election - 06/28/2022","Democratic","Member of the Assembly","86",1,"Pooi Stewart",7
"AD","ED","County","EDAD Status","Event","Party/Independent Body","Office/Position Title","District Key","VoteFor","Unit Name","Tally","86","054","Bronx","IN-PLAY","Primary Election - 06/28/2022","Democratic","Member of the Assembly","86",1,"Public Counter",30
"AD","ED","County","EDAD Status","Event","Party/Independent Body","Office/Position Title","District Key","VoteFor","Unit Name","Tally","86","054","Bronx","IN-PLAY","Primary Election - 06/28/2022","Democratic","Member of the Assembly","86",1,"Manually Counted Emergency",0
"AD","ED","County","EDAD Status","Event","Party/Independent Body","Office/Position Title","District Key","VoteFor","Unit Name","Tally","86","054","Bronx","IN-PLAY","Primary Election - 06/28/2022","Democratic","Member of the Assembly","86",1,"Absentee / Military",4
"AD","ED","County","EDAD Status","Event","Party/Independent Body","Office/Position Title","District Key","VoteFor","Unit Name","Tally","86","054","Bronx","IN-PLAY","Primary Election - 06/28/2022","Democratic","Member of the Assembly","86",1,"Affidavit",0
"AD","ED","County","EDAD Status","Event","Party/Independent Body","Office/Position Title","District Key","VoteFor","Unit Name","Tally","86","054","Bronx","IN-PLAY","Primary Election - 06/28/2022","Democratic","Member of the Assembly","86",1,"Yudelka Tapia",26
"AD","ED","County","EDAD Status","Event","Party/Independent Body","Office/Position Title","District Key","VoteFor","Unit Name","Tally","86","054","Bronx","IN-PLAY","Primary Election - 06/28/2022","Democratic","Member of the Assembly","86",1,"Pooi Stewart",8
"AD","ED","County","EDAD Status","Event","Party/Independent Body","Office/Position Title","District Key","VoteFor","Unit Name","Tally","86","055","Bronx","IN-PLAY","Primary Election - 06/28/2022","Democratic","Member of the Assembly","86",1,"Public Counter",24
"AD","ED","County","EDAD Status","Event","Party/Independent Body","Office/Position Title","District Key","VoteFor","Unit Name","Tally","86","055","Bronx","IN-PLAY","Primary Election - 06/28/2022","Democratic","Member of the Assembly","86",1,"Manually Counted Emergency",0
"AD","ED","County","EDAD Status","Event","Party/Independent Body","Office/Position Title","District Key","VoteFor","Unit Name","Tally","86","055","Bronx","IN-PLAY","Primary Election - 06/28/2022","Democratic","Member of the Assembly","86",1,"Absentee / Military",3
"AD","ED","County","EDAD Status","Event","Party/Independent Body","Office/Position Title","District Key","VoteFor","Unit Name","Tally","86","055","Bronx","IN-PLAY","Primary Election - 06/28/2022","Democratic","Member of the Assembly","86",1,"Affidavit",0
"AD","ED","County","EDAD Status","Event","Party/Independent Body","Office/Position Title","District Key","VoteFor","Unit Name","Tally","86","055","Bronx","IN-PLAY","Primary Election - 06/28/2022","Democratic","Member of the Assembly","86",1,"Yudelka Tapia",17
"AD","ED","County","EDAD Status","Event","Party/Independent Body","Office/Position Title","District Key","VoteFor","Unit Name","Tally","86","055","Bronx","IN-PLAY","Primary Election - 06/28/2022","Democratic","Member of the Assembly","86",1,"Pooi Stewart",5
"AD","ED","County","EDAD Status","Event","Party/Independent Body","Office/Position Title","District Key","VoteFor","Unit Name","Tally","86","055","Bronx","IN-PLAY","Primary Election - 06/28/2022","Democratic","Member of the Assembly","86",1,"Scattered",1
