"AD","ED","County","EDAD Status","Event","Party/Independent Body","Office/Position Title","District Key","VoteFor","Unit Name","Tally","60","001","Kings","IN-PLAY","Primary Election - 06/28/2022","Democratic","Male State Committee","60",1,"Public Counter",77
"AD","ED","County","EDAD Status","Event","Party/Independent Body","Office/Position Title","District Key","VoteFor","Unit Name","Tally","60","001","Kings","IN-PLAY","Primary Election - 06/28/2022","Democratic","Male State Committee","60",1,"Manually Counted Emergency",0
"AD","ED","County","EDAD Status","Event","Party/Independent Body","Office/Position Title","District Key","VoteFor","Unit Name","Tally","60","001","Kings","IN-PLAY","Primary Election - 06/28/2022","Democratic","Male State Committee","60",1,"Absentee / Military",4
"AD","ED","County","EDAD Status","Event","Party/Independent Body","Office/Position Title","District Key","VoteFor","Unit Name","Tally","60","001","Kings","IN-PLAY","Primary Election - 06/28/2022","Democratic","Male State Committee","60",1,"Affidavit",0
"AD","ED","County","EDAD Status","Event","Party/Independent Body","Office/Position Title","District Key","VoteFor","Unit Name","Tally","60","001","Kings","IN-PLAY","Primary Election - 06/28/2022","Democratic","Male State Committee","60",1,"Christopher W. Banks",26
"AD","ED","County","EDAD Status","Event","Party/Independent Body","Office/Position Title","District Key","VoteFor","Unit Name","Tally","60","001","Kings","IN-PLAY","Primary Election - 06/28/2022","Democratic","Male State Committee","60",1,"Charles Barron",53
"AD","ED","County","EDAD Status","Event","Party/Independent Body","Office/Position Title","District Key","VoteFor","Unit Name","Tally","60","001","Kings","IN-PLAY","Primary Election - 06/28/2022","Democratic","Male State Committee","60",1,"Scattered",1
"AD","ED","County","EDAD Status","Event","Party/Independent Body","Office/Position Title","District Key","VoteFor","Unit Name","Tally","60","002","Kings","IN-PLAY","Primary Election - 06/28/2022","Democratic","Male State Committee","60",1,"Public Counter",99
"AD","ED","County","EDAD Status","Event","Party/Independent Body","Office/Position Title","District Key","VoteFor","Unit Name","Tally","60","002","Kings","IN-PLAY","Primary Election - 06/28/2022","Democratic","Male State Committee","60",1,"Manually Counted Emergency",0
"AD","ED","County","EDAD Status","Event","Party/Independent Body","Office/Position Title","District Key","VoteFor","Unit Name","Tally","60","002","Kings","IN-PLAY","Primary Election - 06/28/2022","Democratic","Male State Committee","60",1,"Absentee / Military",8
"AD","ED","County","EDAD Status","Event","Party/Independent Body","Office/Position Title","District Key","VoteFor","Unit Name","Tally","60","002","Kings","IN-PLAY","Primary Election - 06/28/2022","Democratic","Male State Committee","60",1,"Affidavit",2
"AD","ED","County","EDAD Status","Event","Party/Independent Body","Office/Position Title","District Key","VoteFor","Unit Name","Tally","60","002","Kings","IN-PLAY","Primary Election - 06/28/2022","Democratic","Male State Committee","60",1,"Christopher W. Banks",29
"AD","ED","County","EDAD Status","Event","Party/Independent Body","Office/Position Title","District Key","VoteFor","Unit Name","Tally","60","002","Kings","IN-PLAY","Primary Election - 06/28/2022","Democratic","Male State Committee","60",1,"Charles Barron",68
"AD","ED","County","EDAD Status","Event","Party/Independent Body","Office/Position Title","District Key","VoteFor","Unit Name","Tally","60","003","Kings","IN-PLAY","Primary Election - 06/28/2022","Democratic","Male State Committee","60",1,"Public Counter",79
"AD","ED","County","EDAD Status","Event","Party/Independent Body","Office/Position Title","District Key","VoteFor","Unit Name","Tally","60","003","Kings","IN-PLAY","Primary Election - 06/28/2022","Democratic","Male State Committee","60",1,"Manually Counted Emergency",0
"AD","ED","County","EDAD Status","Event","Party/Independent Body","Office/Position Title","District Key","VoteFor","Unit Name","Tally","60","003","Kings","IN-PLAY","Primary Election - 06/28/2022","Democratic","Male State Committee","60",1,"Absentee / Military",6
"AD","ED","County","EDAD Status","Event","Party/Independent Body","Office/Position Title","District Key","VoteFor","Unit Name","Tally","60","003","Kings","IN-PLAY","Primary Election - 06/28/2022","Democratic","Male State Committee","60",1,"Affidavit",1
"AD","ED","County","EDAD Status","Event","Party/Independent Body","Office/Position Title","District Key","VoteFor","Unit Name","Tally","60","003","Kings","IN-PLAY","Primary Election - 06/28/2022","Democratic","Male State Committee","60",1,"Christopher W. Banks",22
"AD","ED","County","EDAD Status","Event","Party/Independent Body","Office/Position Title","District Key","VoteFor","Unit Name","Tally","60","003","Kings","IN-PLAY","Primary Election - 06/28/2022","Democratic","Male State Committee","60",1,"Charles Barron",58
"AD","ED","County","EDAD Status","Event","Party/Independent Body","Office/Position Title","District Key","VoteFor","Unit Name","Tally","60","004","Kings","IN-PLAY","Primary Election - 06/28/2022","Democratic","Male State Committee","60",1,"Public Counter",115
"AD","ED","County","EDAD Status","Event","Party/Independent Body","Office/Position Title","District Key","VoteFor","Unit Name","Tally","60","004","Kings","IN-PLAY","Primary Election - 06/28/2022","Democratic","Male State Committee","60",1,"Manually Counted Emergency",0
"AD","ED","County","EDAD Status","Event","Party/Independent Body","Office/Position Title","District Key","VoteFor","Unit Name","Tally","60","004","Kings","IN-PLAY","Primary Election - 06/28/2022","Democratic","Male State Committee","60",1,"Absentee / Military",5
"AD","ED","County","EDAD Status","Event","Party/Independent Body","Office/Position Title","District Key","VoteFor","Unit Name","Tally","60","004","Kings","IN-PLAY","Primary Election - 06/28/2022","Democratic","Male State Committee","60",1,"Affidavit",1
"AD","ED","County","EDAD Status","Event","Party/Independent Body","Office/Position Title","District Key","VoteFor","Unit Name","Tally","60","004","Kings","IN-PLAY","Primary Election - 06/28/2022","Democratic","Male State Committee","60",1,"Christopher W. Banks",49
"AD","ED","County","EDAD Status","Event","Party/Independent Body","Office/Position Title","District Key","VoteFor","Unit Name","Tally","60","004","Kings","IN-PLAY","Primary Election - 06/28/2022","Democratic","Male State Committee","60",1,"Charles Barron",64
"AD","ED","County","EDAD Status","Event","Party/Independent Body","Office/Position Title","District Key","VoteFor","Unit Name","Tally","60","005","Kings","IN-PLAY","Primary Election - 06/28/2022","Democratic","Male State Committee","60",1,"Public Counter",64
"AD","ED","County","EDAD Status","Event","Party/Independent Body","Office/Position Title","District Key","VoteFor","Unit Name","Tally","60","005","Kings","IN-PLAY","Primary Election - 06/28/2022","Democratic","Male State Committee","60",1,"Manually Counted Emergency",0
"AD","ED","County","EDAD Status","Event","Party/Independent Body","Office/Position Title","District Key","VoteFor","Unit Name","Tally","60","005","Kings","IN-PLAY","Primary Election - 06/28/2022","Democratic","Male State Committee","60",1,"Absentee / Military",2
"AD","ED","County","EDAD Status","Event","Party/Independent Body","Office/Position Title","District Key","VoteFor","Unit Name","Tally","60","005","Kings","IN-PLAY","Primary Election - 06/28/2022","Democratic","Male State Committee","60",1,"Affidavit",0
"AD","ED","County","EDAD Status","Event","Party/Independent Body","Office/Position Title","District Key","VoteFor","Unit Name","Tally","60","005","Kings","IN-PLAY","Primary Election - 06/28/2022","Democratic","Male State Committee","60",1,"Christopher W. Banks",28
"AD","ED","County","EDAD Status","Event","Party/Independent Body","Office/Position Title","District Key","VoteFor","Unit Name","Tally","60","005","Kings","IN-PLAY","Primary Election - 06/28/2022","Democratic","Male State Committee","60",1,"Charles Barron",29
"AD","ED","County","EDAD Status","Event","Party/Independent Body","Office/Position Title","District Key","VoteFor","Unit Name","Tally","60","006","Kings","IN-PLAY","Primary Election - 06/28/2022","Democratic","Male State Committee","60",1,"Public Counter",209
"AD","ED","County","EDAD Status","Event","Party/Independent Body","Office/Position Title","District Key","VoteFor","Unit Name","Tally","60","006","Kings","IN-PLAY","Primary Election - 06/28/2022","Democratic","Male State Committee","60",1,"Manually Counted Emergency",0
"AD","ED","County","EDAD Status","Event","Party/Independent Body","Office/Position Title","District Key","VoteFor","Unit Name","Tally","60","006","Kings","IN-PLAY","Primary Election - 06/28/2022","Democratic","Male State Committee","60",1,"Absentee / Military",10
"AD","ED","County","EDAD Status","Event","Party/Independent Body","Office/Position Title","District Key","VoteFor","Unit Name","Tally","60","006","Kings","IN-PLAY","Primary Election - 06/28/2022","Democratic","Male State Committee","60",1,"Affidavit",4
"AD","ED","County","EDAD Status","Event","Party/Independent Body","Office/Position Title","District Key","VoteFor","Unit Name","Tally","60","006","Kings","IN-PLAY","Primary Election - 06/28/2022","Democratic","Male State Committee","60",1,"Christopher W. Banks",79
"AD","ED","County","EDAD Status","Event","Party/Independent Body","Office/Position Title","District Key","VoteFor","Unit Name","Tally","60","006","Kings","IN-PLAY","Primary Election - 06/28/2022","Democratic","Male State Committee","60",1,"Charles Barron",119
"AD","ED","County","EDAD Status","Event","Party/Independent Body","Office/Position Title","District Key","VoteFor","Unit Name","Tally","60","007","Kings","IN-PLAY","Primary Election - 06/28/2022","Democratic","Male State Committee","60",1,"Public Counter",243
"AD","ED","County","EDAD Status","Event","Party/Independent Body","Office/Position Title","District Key","VoteFor","Unit Name","Tally","60","007","Kings","IN-PLAY","Primary Election - 06/28/2022","Democratic","Male State Committee","60",1,"Manually Counted Emergency",0
"AD","ED","County","EDAD Status","Event","Party/Independent Body","Office/Position Title","District Key","VoteFor","Unit Name","Tally","60","007","Kings","IN-PLAY","Primary Election - 06/28/2022","Democratic","Male State Committee","60",1,"Absentee / Military",6
"AD","ED","County","EDAD Status","Event","Party/Independent Body","Office/Position Title","District Key","VoteFor","Unit Name","Tally","60","007","Kings","IN-PLAY","Primary Election - 06/28/2022","Democratic","Male State Committee","60",1,"Affidavit",4
"AD","ED","County","EDAD Status","Event","Party/Independent Body","Office/Position Title","District Key","VoteFor","Unit Name","Tally","60","007","Kings","IN-PLAY","Primary Election - 06/28/2022","Democratic","Male State Committee","60",1,"Christopher W. Banks",95
"AD","ED","County","EDAD Status","Event","Party/Independent Body","Office/Position Title","District Key","VoteFor","Unit Name","Tally","60","007","Kings","IN-PLAY","Primary Election - 06/28/2022","Democratic","Male State Committee","60",1,"Charles Barron",150
"AD","ED","County","EDAD Status","Event","Party/Independent Body","Office/Position Title","District Key","VoteFor","Unit Name","Tally","60","008","Kings","IN-PLAY","Primary Election - 06/28/2022","Democratic","Male State Committee","60",1,"Public Counter",121
"AD","ED","County","EDAD Status","Event","Party/Independent Body","Office/Position Title","District Key","VoteFor","Unit Name","Tally","60","008","Kings","IN-PLAY","Primary Election - 06/28/2022","Democratic","Male State Committee","60",1,"Manually Counted Emergency",0
"AD","ED","County","EDAD Status","Event","Party/Independent Body","Office/Position Title","District Key","VoteFor","Unit Name","Tally","60","008","Kings","IN-PLAY","Primary Election - 06/28/2022","Democratic","Male State Committee","60",1,"Absentee / Military",7
"AD","ED","County","EDAD Status","Event","Party/Independent Body","Office/Position Title","District Key","VoteFor","Unit Name","Tally","60","008","Kings","IN-PLAY","Primary Election - 06/28/2022","Democratic","Male State Committee","60",1,"Affidavit",2
"AD","ED","County","EDAD Status","Event","Party/Independent Body","Office/Position Title","District Key","VoteFor","Unit Name","Tally","60","008","Kings","IN-PLAY","Primary Election - 06/28/2022","Democratic","Male State Committee","60",1,"Christopher W. Banks",57
"AD","ED","County","EDAD Status","Event","Party/Independent Body","Office/Position Title","District Key","VoteFor","Unit Name","Tally","60","008","Kings","IN-PLAY","Primary Election - 06/28/2022","Democratic","Male State Committee","60",1,"Charles Barron",63
"AD","ED","County","EDAD Status","Event","Party/Independent Body","Office/Position Title","District Key","VoteFor","Unit Name","Tally","60","009","Kings","IN-PLAY","Primary Election - 06/28/2022","Democratic","Male State Committee","60",1,"Public Counter",192
"AD","ED","County","EDAD Status","Event","Party/Independent Body","Office/Position Title","District Key","VoteFor","Unit Name","Tally","60","009","Kings","IN-PLAY","Primary Election - 06/28/2022","Democratic","Male State Committee","60",1,"Manually Counted Emergency",0
"AD","ED","County","EDAD Status","Event","Party/Independent Body","Office/Position Title","District Key","VoteFor","Unit Name","Tally","60","009","Kings","IN-PLAY","Primary Election - 06/28/2022","Democratic","Male State Committee","60",1,"Absentee / Military",19
"AD","ED","County","EDAD Status","Event","Party/Independent Body","Office/Position Title","District Key","VoteFor","Unit Name","Tally","60","009","Kings","IN-PLAY","Primary Election - 06/28/2022","Democratic","Male State Committee","60",1,"Affidavit",2
"AD","ED","County","EDAD Status","Event","Party/Independent Body","Office/Position Title","District Key","VoteFor","Unit Name","Tally","60","009","Kings","IN-PLAY","Primary Election - 06/28/2022","Democratic","Male State Committee","60",1,"Christopher W. Banks",72
"AD","ED","County","EDAD Status","Event","Party/Independent Body","Office/Position Title","District Key","VoteFor","Unit Name","Tally","60","009","Kings","IN-PLAY","Primary Election - 06/28/2022","Democratic","Male State Committee","60",1,"Charles Barron",126
"AD","ED","County","EDAD Status","Event","Party/Independent Body","Office/Position Title","District Key","VoteFor","Unit Name","Tally","60","010","Kings","IN-PLAY","Primary Election - 06/28/2022","Democratic","Male State Committee","60",1,"Public Counter",175
"AD","ED","County","EDAD Status","Event","Party/Independent Body","Office/Position Title","District Key","VoteFor","Unit Name","Tally","60","010","Kings","IN-PLAY","Primary Election - 06/28/2022","Democratic","Male State Committee","60",1,"Manually Counted Emergency",0
"AD","ED","County","EDAD Status","Event","Party/Independent Body","Office/Position Title","District Key","VoteFor","Unit Name","Tally","60","010","Kings","IN-PLAY","Primary Election - 06/28/2022","Democratic","Male State Committee","60",1,"Absentee / Military",14
"AD","ED","County","EDAD Status","Event","Party/Independent Body","Office/Position Title","District Key","VoteFor","Unit Name","Tally","60","010","Kings","IN-PLAY","Primary Election - 06/28/2022","Democratic","Male State Committee","60",1,"Affidavit",1
"AD","ED","County","EDAD Status","Event","Party/Independent Body","Office/Position Title","District Key","VoteFor","Unit Name","Tally","60","010","Kings","IN-PLAY","Primary Election - 06/28/2022","Democratic","Male State Committee","60",1,"Christopher W. Banks",81
"AD","ED","County","EDAD Status","Event","Party/Independent Body","Office/Position Title","District Key","VoteFor","Unit Name","Tally","60","010","Kings","IN-PLAY","Primary Election - 06/28/2022","Democratic","Male State Committee","60",1,"Charles Barron",95
"AD","ED","County","EDAD Status","Event","Party/Independent Body","Office/Position Title","District Key","VoteFor","Unit Name","Tally","60","010","Kings","IN-PLAY","Primary Election - 06/28/2022","Democratic","Male State Committee","60",1,"Scattered",1
"AD","ED","County","EDAD Status","Event","Party/Independent Body","Office/Position Title","District Key","VoteFor","Unit Name","Tally","60","011","Kings","IN-PLAY","Primary Election - 06/28/2022","Democratic","Male State Committee","60",1,"Public Counter",122
"AD","ED","County","EDAD Status","Event","Party/Independent Body","Office/Position Title","District Key","VoteFor","Unit Name","Tally","60","011","Kings","IN-PLAY","Primary Election - 06/28/2022","Democratic","Male State Committee","60",1,"Manually Counted Emergency",0
"AD","ED","County","EDAD Status","Event","Party/Independent Body","Office/Position Title","District Key","VoteFor","Unit Name","Tally","60","011","Kings","IN-PLAY","Primary Election - 06/28/2022","Democratic","Male State Committee","60",1,"Absentee / Military",4
"AD","ED","County","EDAD Status","Event","Party/Independent Body","Office/Position Title","District Key","VoteFor","Unit Name","Tally","60","011","Kings","IN-PLAY","Primary Election - 06/28/2022","Democratic","Male State Committee","60",1,"Affidavit",0
"AD","ED","County","EDAD Status","Event","Party/Independent Body","Office/Position Title","District Key","VoteFor","Unit Name","Tally","60","011","Kings","IN-PLAY","Primary Election - 06/28/2022","Democratic","Male State Committee","60",1,"Christopher W. Banks",43
"AD","ED","County","EDAD Status","Event","Party/Independent Body","Office/Position Title","District Key","VoteFor","Unit Name","Tally","60","011","Kings","IN-PLAY","Primary Election - 06/28/2022","Democratic","Male State Committee","60",1,"Charles Barron",55
"AD","ED","County","EDAD Status","Event","Party/Independent Body","Office/Position Title","District Key","VoteFor","Unit Name","Tally","60","012","Kings","IN-PLAY","Primary Election - 06/28/2022","Democratic","Male State Committee","60",1,"Public Counter",98
"AD","ED","County","EDAD Status","Event","Party/Independent Body","Office/Position Title","District Key","VoteFor","Unit Name","Tally","60","012","Kings","IN-PLAY","Primary Election - 06/28/2022","Democratic","Male State Committee","60",1,"Manually Counted Emergency",0
"AD","ED","County","EDAD Status","Event","Party/Independent Body","Office/Position Title","District Key","VoteFor","Unit Name","Tally","60","012","Kings","IN-PLAY","Primary Election - 06/28/2022","Democratic","Male State Committee","60",1,"Absentee / Military",4
"AD","ED","County","EDAD Status","Event","Party/Independent Body","Office/Position Title","District Key","VoteFor","Unit Name","Tally","60","012","Kings","IN-PLAY","Primary Election - 06/28/2022","Democratic","Male State Committee","60",1,"Affidavit",2
"AD","ED","County","EDAD Status","Event","Party/Independent Body","Office/Position Title","District Key","VoteFor","Unit Name","Tally","60","012","Kings","IN-PLAY","Primary Election - 06/28/2022","Democratic","Male State Committee","60",1,"Christopher W. Banks",30
"AD","ED","County","EDAD Status","Event","Party/Independent Body","Office/Position Title","District Key","VoteFor","Unit Name","Tally","60","012","Kings","IN-PLAY","Primary Election - 06/28/2022","Democratic","Male State Committee","60",1,"Charles Barron",67
"AD","ED","County","EDAD Status","Event","Party/Independent Body","Office/Position Title","District Key","VoteFor","Unit Name","Tally","60","012","Kings","IN-PLAY","Primary Election - 06/28/2022","Democratic","Male State Committee","60",1,"Scattered",2
"AD","ED","County","EDAD Status","Event","Party/Independent Body","Office/Position Title","District Key","VoteFor","Unit Name","Tally","60","013","Kings","IN-PLAY","Primary Election - 06/28/2022","Democratic","Male State Committee","60",1,"Public Counter",79
"AD","ED","County","EDAD Status","Event","Party/Independent Body","Office/Position Title","District Key","VoteFor","Unit Name","Tally","60","013","Kings","IN-PLAY","Primary Election - 06/28/2022","Democratic","Male State Committee","60",1,"Manually Counted Emergency",0
"AD","ED","County","EDAD Status","Event","Party/Independent Body","Office/Position Title","District Key","VoteFor","Unit Name","Tally","60","013","Kings","IN-PLAY","Primary Election - 06/28/2022","Democratic","Male State Committee","60",1,"Absentee / Military",2
"AD","ED","County","EDAD Status","Event","Party/Independent Body","Office/Position Title","District Key","VoteFor","Unit Name","Tally","60","013","Kings","IN-PLAY","Primary Election - 06/28/2022","Democratic","Male State Committee","60",1,"Affidavit",0
"AD","ED","County","EDAD Status","Event","Party/Independent Body","Office/Position Title","District Key","VoteFor","Unit Name","Tally","60","013","Kings","IN-PLAY","Primary Election - 06/28/2022","Democratic","Male State Committee","60",1,"Christopher W. Banks",29
"AD","ED","County","EDAD Status","Event","Party/Independent Body","Office/Position Title","District Key","VoteFor","Unit Name","Tally","60","013","Kings","IN-PLAY","Primary Election - 06/28/2022","Democratic","Male State Committee","60",1,"Charles Barron",44
"AD","ED","County","EDAD Status","Event","Party/Independent Body","Office/Position Title","District Key","VoteFor","Unit Name","Tally","60","014","Kings","IN-PLAY","Primary Election - 06/28/2022","Democratic","Male State Committee","60",1,"Public Counter",148
"AD","ED","County","EDAD Status","Event","Party/Independent Body","Office/Position Title","District Key","VoteFor","Unit Name","Tally","60","014","Kings","IN-PLAY","Primary Election - 06/28/2022","Democratic","Male State Committee","60",1,"Manually Counted Emergency",0
"AD","ED","County","EDAD Status","Event","Party/Independent Body","Office/Position Title","District Key","VoteFor","Unit Name","Tally","60","014","Kings","IN-PLAY","Primary Election - 06/28/2022","Democratic","Male State Committee","60",1,"Absentee / Military",9
"AD","ED","County","EDAD Status","Event","Party/Independent Body","Office/Position Title","District Key","VoteFor","Unit Name","Tally","60","014","Kings","IN-PLAY","Primary Election - 06/28/2022","Democratic","Male State Committee","60",1,"Affidavit",0
"AD","ED","County","EDAD Status","Event","Party/Independent Body","Office/Position Title","District Key","VoteFor","Unit Name","Tally","60","014","Kings","IN-PLAY","Primary Election - 06/28/2022","Democratic","Male State Committee","60",1,"Christopher W. Banks",44
"AD","ED","County","EDAD Status","Event","Party/Independent Body","Office/Position Title","District Key","VoteFor","Unit Name","Tally","60","014","Kings","IN-PLAY","Primary Election - 06/28/2022","Democratic","Male State Committee","60",1,"Charles Barron",84
"AD","ED","County","EDAD Status","Event","Party/Independent Body","Office/Position Title","District Key","VoteFor","Unit Name","Tally","60","015","Kings","IN-PLAY","Primary Election - 06/28/2022","Democratic","Male State Committee","60",1,"Public Counter",120
"AD","ED","County","EDAD Status","Event","Party/Independent Body","Office/Position Title","District Key","VoteFor","Unit Name","Tally","60","015","Kings","IN-PLAY","Primary Election - 06/28/2022","Democratic","Male State Committee","60",1,"Manually Counted Emergency",0
"AD","ED","County","EDAD Status","Event","Party/Independent Body","Office/Position Title","District Key","VoteFor","Unit Name","Tally","60","015","Kings","IN-PLAY","Primary Election - 06/28/2022","Democratic","Male State Committee","60",1,"Absentee / Military",6
"AD","ED","County","EDAD Status","Event","Party/Independent Body","Office/Position Title","District Key","VoteFor","Unit Name","Tally","60","015","Kings","IN-PLAY","Primary Election - 06/28/2022","Democratic","Male State Committee","60",1,"Affidavit",2
"AD","ED","County","EDAD Status","Event","Party/Independent Body","Office/Position Title","District Key","VoteFor","Unit Name","Tally","60","015","Kings","IN-PLAY","Primary Election - 06/28/2022","Democratic","Male State Committee","60",1,"Christopher W. Banks",32
"AD","ED","County","EDAD Status","Event","Party/Independent Body","Office/Position Title","District Key","VoteFor","Unit Name","Tally","60","015","Kings","IN-PLAY","Primary Election - 06/28/2022","Democratic","Male State Committee","60",1,"Charles Barron",75
"AD","ED","County","EDAD Status","Event","Party/Independent Body","Office/Position Title","District Key","VoteFor","Unit Name","Tally","60","015","Kings","IN-PLAY","Primary Election - 06/28/2022","Democratic","Male State Committee","60",1,"Scattered",1
"AD","ED","County","EDAD Status","Event","Party/Independent Body","Office/Position Title","District Key","VoteFor","Unit Name","Tally","60","016","Kings","IN-PLAY","Primary Election - 06/28/2022","Democratic","Male State Committee","60",1,"Public Counter",109
"AD","ED","County","EDAD Status","Event","Party/Independent Body","Office/Position Title","District Key","VoteFor","Unit Name","Tally","60","016","Kings","IN-PLAY","Primary Election - 06/28/2022","Democratic","Male State Committee","60",1,"Manually Counted Emergency",0
"AD","ED","County","EDAD Status","Event","Party/Independent Body","Office/Position Title","District Key","VoteFor","Unit Name","Tally","60","016","Kings","IN-PLAY","Primary Election - 06/28/2022","Democratic","Male State Committee","60",1,"Absentee / Military",5
"AD","ED","County","EDAD Status","Event","Party/Independent Body","Office/Position Title","District Key","VoteFor","Unit Name","Tally","60","016","Kings","IN-PLAY","Primary Election - 06/28/2022","Democratic","Male State Committee","60",1,"Affidavit",0
"AD","ED","County","EDAD Status","Event","Party/Independent Body","Office/Position Title","District Key","VoteFor","Unit Name","Tally","60","016","Kings","IN-PLAY","Primary Election - 06/28/2022","Democratic","Male State Committee","60",1,"Christopher W. Banks",26
"AD","ED","County","EDAD Status","Event","Party/Independent Body","Office/Position Title","District Key","VoteFor","Unit Name","Tally","60","016","Kings","IN-PLAY","Primary Election - 06/28/2022","Democratic","Male State Committee","60",1,"Charles Barron",77
"AD","ED","County","EDAD Status","Event","Party/Independent Body","Office/Position Title","District Key","VoteFor","Unit Name","Tally","60","017","Kings","IN-PLAY","Primary Election - 06/28/2022","Democratic","Male State Committee","60",1,"Public Counter",181
"AD","ED","County","EDAD Status","Event","Party/Independent Body","Office/Position Title","District Key","VoteFor","Unit Name","Tally","60","017","Kings","IN-PLAY","Primary Election - 06/28/2022","Democratic","Male State Committee","60",1,"Manually Counted Emergency",0
"AD","ED","County","EDAD Status","Event","Party/Independent Body","Office/Position Title","District Key","VoteFor","Unit Name","Tally","60","017","Kings","IN-PLAY","Primary Election - 06/28/2022","Democratic","Male State Committee","60",1,"Absentee / Military",14
"AD","ED","County","EDAD Status","Event","Party/Independent Body","Office/Position Title","District Key","VoteFor","Unit Name","Tally","60","017","Kings","IN-PLAY","Primary Election - 06/28/2022","Democratic","Male State Committee","60",1,"Affidavit",1
"AD","ED","County","EDAD Status","Event","Party/Independent Body","Office/Position Title","District Key","VoteFor","Unit Name","Tally","60","017","Kings","IN-PLAY","Primary Election - 06/28/2022","Democratic","Male State Committee","60",1,"Christopher W. Banks",71
"AD","ED","County","EDAD Status","Event","Party/Independent Body","Office/Position Title","District Key","VoteFor","Unit Name","Tally","60","017","Kings","IN-PLAY","Primary Election - 06/28/2022","Democratic","Male State Committee","60",1,"Charles Barron",100
"AD","ED","County","EDAD Status","Event","Party/Independent Body","Office/Position Title","District Key","VoteFor","Unit Name","Tally","60","018","Kings","IN-PLAY","Primary Election - 06/28/2022","Democratic","Male State Committee","60",1,"Public Counter",128
"AD","ED","County","EDAD Status","Event","Party/Independent Body","Office/Position Title","District Key","VoteFor","Unit Name","Tally","60","018","Kings","IN-PLAY","Primary Election - 06/28/2022","Democratic","Male State Committee","60",1,"Manually Counted Emergency",0
"AD","ED","County","EDAD Status","Event","Party/Independent Body","Office/Position Title","District Key","VoteFor","Unit Name","Tally","60","018","Kings","IN-PLAY","Primary Election - 06/28/2022","Democratic","Male State Committee","60",1,"Absentee / Military",8
"AD","ED","County","EDAD Status","Event","Party/Independent Body","Office/Position Title","District Key","VoteFor","Unit Name","Tally","60","018","Kings","IN-PLAY","Primary Election - 06/28/2022","Democratic","Male State Committee","60",1,"Affidavit",3
"AD","ED","County","EDAD Status","Event","Party/Independent Body","Office/Position Title","District Key","VoteFor","Unit Name","Tally","60","018","Kings","IN-PLAY","Primary Election - 06/28/2022","Democratic","Male State Committee","60",1,"Christopher W. Banks",50
"AD","ED","County","EDAD Status","Event","Party/Independent Body","Office/Position Title","District Key","VoteFor","Unit Name","Tally","60","018","Kings","IN-PLAY","Primary Election - 06/28/2022","Democratic","Male State Committee","60",1,"Charles Barron",77
"AD","ED","County","EDAD Status","Event","Party/Independent Body","Office/Position Title","District Key","VoteFor","Unit Name","Tally","60","019","Kings","IN-PLAY","Primary Election - 06/28/2022","Democratic","Male State Committee","60",1,"Public Counter",195
"AD","ED","County","EDAD Status","Event","Party/Independent Body","Office/Position Title","District Key","VoteFor","Unit Name","Tally","60","019","Kings","IN-PLAY","Primary Election - 06/28/2022","Democratic","Male State Committee","60",1,"Manually Counted Emergency",0
"AD","ED","County","EDAD Status","Event","Party/Independent Body","Office/Position Title","District Key","VoteFor","Unit Name","Tally","60","019","Kings","IN-PLAY","Primary Election - 06/28/2022","Democratic","Male State Committee","60",1,"Absentee / Military",15
"AD","ED","County","EDAD Status","Event","Party/Independent Body","Office/Position Title","District Key","VoteFor","Unit Name","Tally","60","019","Kings","IN-PLAY","Primary Election - 06/28/2022","Democratic","Male State Committee","60",1,"Affidavit",0
"AD","ED","County","EDAD Status","Event","Party/Independent Body","Office/Position Title","District Key","VoteFor","Unit Name","Tally","60","019","Kings","IN-PLAY","Primary Election - 06/28/2022","Democratic","Male State Committee","60",1,"Christopher W. Banks",73
"AD","ED","County","EDAD Status","Event","Party/Independent Body","Office/Position Title","District Key","VoteFor","Unit Name","Tally","60","019","Kings","IN-PLAY","Primary Election - 06/28/2022","Democratic","Male State Committee","60",1,"Charles Barron",124
"AD","ED","County","EDAD Status","Event","Party/Independent Body","Office/Position Title","District Key","VoteFor","Unit Name","Tally","60","020","Kings","IN-PLAY","Primary Election - 06/28/2022","Democratic","Male State Committee","60",1,"Public Counter",84
"AD","ED","County","EDAD Status","Event","Party/Independent Body","Office/Position Title","District Key","VoteFor","Unit Name","Tally","60","020","Kings","IN-PLAY","Primary Election - 06/28/2022","Democratic","Male State Committee","60",1,"Manually Counted Emergency",0
"AD","ED","County","EDAD Status","Event","Party/Independent Body","Office/Position Title","District Key","VoteFor","Unit Name","Tally","60","020","Kings","IN-PLAY","Primary Election - 06/28/2022","Democratic","Male State Committee","60",1,"Absentee / Military",5
"AD","ED","County","EDAD Status","Event","Party/Independent Body","Office/Position Title","District Key","VoteFor","Unit Name","Tally","60","020","Kings","IN-PLAY","Primary Election - 06/28/2022","Democratic","Male State Committee","60",1,"Affidavit",0
"AD","ED","County","EDAD Status","Event","Party/Independent Body","Office/Position Title","District Key","VoteFor","Unit Name","Tally","60","020","Kings","IN-PLAY","Primary Election - 06/28/2022","Democratic","Male State Committee","60",1,"Christopher W. Banks",28
"AD","ED","County","EDAD Status","Event","Party/Independent Body","Office/Position Title","District Key","VoteFor","Unit Name","Tally","60","020","Kings","IN-PLAY","Primary Election - 06/28/2022","Democratic","Male State Committee","60",1,"Charles Barron",52
"AD","ED","County","EDAD Status","Event","Party/Independent Body","Office/Position Title","District Key","VoteFor","Unit Name","Tally","60","021","Kings","IN-PLAY","Primary Election - 06/28/2022","Democratic","Male State Committee","60",1,"Public Counter",206
"AD","ED","County","EDAD Status","Event","Party/Independent Body","Office/Position Title","District Key","VoteFor","Unit Name","Tally","60","021","Kings","IN-PLAY","Primary Election - 06/28/2022","Democratic","Male State Committee","60",1,"Manually Counted Emergency",0
"AD","ED","County","EDAD Status","Event","Party/Independent Body","Office/Position Title","District Key","VoteFor","Unit Name","Tally","60","021","Kings","IN-PLAY","Primary Election - 06/28/2022","Democratic","Male State Committee","60",1,"Absentee / Military",14
"AD","ED","County","EDAD Status","Event","Party/Independent Body","Office/Position Title","District Key","VoteFor","Unit Name","Tally","60","021","Kings","IN-PLAY","Primary Election - 06/28/2022","Democratic","Male State Committee","60",1,"Affidavit",1
"AD","ED","County","EDAD Status","Event","Party/Independent Body","Office/Position Title","District Key","VoteFor","Unit Name","Tally","60","021","Kings","IN-PLAY","Primary Election - 06/28/2022","Democratic","Male State Committee","60",1,"Christopher W. Banks",105
"AD","ED","County","EDAD Status","Event","Party/Independent Body","Office/Position Title","District Key","VoteFor","Unit Name","Tally","60","021","Kings","IN-PLAY","Primary Election - 06/28/2022","Democratic","Male State Committee","60",1,"Charles Barron",106
"AD","ED","County","EDAD Status","Event","Party/Independent Body","Office/Position Title","District Key","VoteFor","Unit Name","Tally","60","022","Kings","IN-PLAY","Primary Election - 06/28/2022","Democratic","Male State Committee","60",1,"Public Counter",126
"AD","ED","County","EDAD Status","Event","Party/Independent Body","Office/Position Title","District Key","VoteFor","Unit Name","Tally","60","022","Kings","IN-PLAY","Primary Election - 06/28/2022","Democratic","Male State Committee","60",1,"Manually Counted Emergency",0
"AD","ED","County","EDAD Status","Event","Party/Independent Body","Office/Position Title","District Key","VoteFor","Unit Name","Tally","60","022","Kings","IN-PLAY","Primary Election - 06/28/2022","Democratic","Male State Committee","60",1,"Absentee / Military",3
"AD","ED","County","EDAD Status","Event","Party/Independent Body","Office/Position Title","District Key","VoteFor","Unit Name","Tally","60","022","Kings","IN-PLAY","Primary Election - 06/28/2022","Democratic","Male State Committee","60",1,"Affidavit",1
"AD","ED","County","EDAD Status","Event","Party/Independent Body","Office/Position Title","District Key","VoteFor","Unit Name","Tally","60","022","Kings","IN-PLAY","Primary Election - 06/28/2022","Democratic","Male State Committee","60",1,"Christopher W. Banks",62
"AD","ED","County","EDAD Status","Event","Party/Independent Body","Office/Position Title","District Key","VoteFor","Unit Name","Tally","60","022","Kings","IN-PLAY","Primary Election - 06/28/2022","Democratic","Male State Committee","60",1,"Charles Barron",62
"AD","ED","County","EDAD Status","Event","Party/Independent Body","Office/Position Title","District Key","VoteFor","Unit Name","Tally","60","022","Kings","IN-PLAY","Primary Election - 06/28/2022","Democratic","Male State Committee","60",1,"Scattered",1
"AD","ED","County","EDAD Status","Event","Party/Independent Body","Office/Position Title","District Key","VoteFor","Unit Name","Tally","60","023","Kings","IN-PLAY","Primary Election - 06/28/2022","Democratic","Male State Committee","60",1,"Public Counter",114
"AD","ED","County","EDAD Status","Event","Party/Independent Body","Office/Position Title","District Key","VoteFor","Unit Name","Tally","60","023","Kings","IN-PLAY","Primary Election - 06/28/2022","Democratic","Male State Committee","60",1,"Manually Counted Emergency",0
"AD","ED","County","EDAD Status","Event","Party/Independent Body","Office/Position Title","District Key","VoteFor","Unit Name","Tally","60","023","Kings","IN-PLAY","Primary Election - 06/28/2022","Democratic","Male State Committee","60",1,"Absentee / Military",9
"AD","ED","County","EDAD Status","Event","Party/Independent Body","Office/Position Title","District Key","VoteFor","Unit Name","Tally","60","023","Kings","IN-PLAY","Primary Election - 06/28/2022","Democratic","Male State Committee","60",1,"Affidavit",1
"AD","ED","County","EDAD Status","Event","Party/Independent Body","Office/Position Title","District Key","VoteFor","Unit Name","Tally","60","023","Kings","IN-PLAY","Primary Election - 06/28/2022","Democratic","Male State Committee","60",1,"Christopher W. Banks",53
"AD","ED","County","EDAD Status","Event","Party/Independent Body","Office/Position Title","District Key","VoteFor","Unit Name","Tally","60","023","Kings","IN-PLAY","Primary Election - 06/28/2022","Democratic","Male State Committee","60",1,"Charles Barron",54
"AD","ED","County","EDAD Status","Event","Party/Independent Body","Office/Position Title","District Key","VoteFor","Unit Name","Tally","60","023","Kings","IN-PLAY","Primary Election - 06/28/2022","Democratic","Male State Committee","60",1,"Scattered",2
"AD","ED","County","EDAD Status","Event","Party/Independent Body","Office/Position Title","District Key","VoteFor","Unit Name","Tally","60","024","Kings","IN-PLAY","Primary Election - 06/28/2022","Democratic","Male State Committee","60",1,"Public Counter",93
"AD","ED","County","EDAD Status","Event","Party/Independent Body","Office/Position Title","District Key","VoteFor","Unit Name","Tally","60","024","Kings","IN-PLAY","Primary Election - 06/28/2022","Democratic","Male State Committee","60",1,"Manually Counted Emergency",0
"AD","ED","County","EDAD Status","Event","Party/Independent Body","Office/Position Title","District Key","VoteFor","Unit Name","Tally","60","024","Kings","IN-PLAY","Primary Election - 06/28/2022","Democratic","Male State Committee","60",1,"Absentee / Military",2
"AD","ED","County","EDAD Status","Event","Party/Independent Body","Office/Position Title","District Key","VoteFor","Unit Name","Tally","60","024","Kings","IN-PLAY","Primary Election - 06/28/2022","Democratic","Male State Committee","60",1,"Affidavit",0
"AD","ED","County","EDAD Status","Event","Party/Independent Body","Office/Position Title","District Key","VoteFor","Unit Name","Tally","60","024","Kings","IN-PLAY","Primary Election - 06/28/2022","Democratic","Male State Committee","60",1,"Christopher W. Banks",45
"AD","ED","County","EDAD Status","Event","Party/Independent Body","Office/Position Title","District Key","VoteFor","Unit Name","Tally","60","024","Kings","IN-PLAY","Primary Election - 06/28/2022","Democratic","Male State Committee","60",1,"Charles Barron",48
"AD","ED","County","EDAD Status","Event","Party/Independent Body","Office/Position Title","District Key","VoteFor","Unit Name","Tally","60","025","Kings","IN-PLAY","Primary Election - 06/28/2022","Democratic","Male State Committee","60",1,"Public Counter",150
"AD","ED","County","EDAD Status","Event","Party/Independent Body","Office/Position Title","District Key","VoteFor","Unit Name","Tally","60","025","Kings","IN-PLAY","Primary Election - 06/28/2022","Democratic","Male State Committee","60",1,"Manually Counted Emergency",0
"AD","ED","County","EDAD Status","Event","Party/Independent Body","Office/Position Title","District Key","VoteFor","Unit Name","Tally","60","025","Kings","IN-PLAY","Primary Election - 06/28/2022","Democratic","Male State Committee","60",1,"Absentee / Military",3
"AD","ED","County","EDAD Status","Event","Party/Independent Body","Office/Position Title","District Key","VoteFor","Unit Name","Tally","60","025","Kings","IN-PLAY","Primary Election - 06/28/2022","Democratic","Male State Committee","60",1,"Affidavit",0
"AD","ED","County","EDAD Status","Event","Party/Independent Body","Office/Position Title","District Key","VoteFor","Unit Name","Tally","60","025","Kings","IN-PLAY","Primary Election - 06/28/2022","Democratic","Male State Committee","60",1,"Christopher W. Banks",57
"AD","ED","County","EDAD Status","Event","Party/Independent Body","Office/Position Title","District Key","VoteFor","Unit Name","Tally","60","025","Kings","IN-PLAY","Primary Election - 06/28/2022","Democratic","Male State Committee","60",1,"Charles Barron",85
"AD","ED","County","EDAD Status","Event","Party/Independent Body","Office/Position Title","District Key","VoteFor","Unit Name","Tally","60","026","Kings","IN-PLAY","Primary Election - 06/28/2022","Democratic","Male State Committee","60",1,"Public Counter",127
"AD","ED","County","EDAD Status","Event","Party/Independent Body","Office/Position Title","District Key","VoteFor","Unit Name","Tally","60","026","Kings","IN-PLAY","Primary Election - 06/28/2022","Democratic","Male State Committee","60",1,"Manually Counted Emergency",0
"AD","ED","County","EDAD Status","Event","Party/Independent Body","Office/Position Title","District Key","VoteFor","Unit Name","Tally","60","026","Kings","IN-PLAY","Primary Election - 06/28/2022","Democratic","Male State Committee","60",1,"Absentee / Military",7
"AD","ED","County","EDAD Status","Event","Party/Independent Body","Office/Position Title","District Key","VoteFor","Unit Name","Tally","60","026","Kings","IN-PLAY","Primary Election - 06/28/2022","Democratic","Male State Committee","60",1,"Affidavit",0
"AD","ED","County","EDAD Status","Event","Party/Independent Body","Office/Position Title","District Key","VoteFor","Unit Name","Tally","60","026","Kings","IN-PLAY","Primary Election - 06/28/2022","Democratic","Male State Committee","60",1,"Christopher W. Banks",63
"AD","ED","County","EDAD Status","Event","Party/Independent Body","Office/Position Title","District Key","VoteFor","Unit Name","Tally","60","026","Kings","IN-PLAY","Primary Election - 06/28/2022","Democratic","Male State Committee","60",1,"Charles Barron",60
"AD","ED","County","EDAD Status","Event","Party/Independent Body","Office/Position Title","District Key","VoteFor","Unit Name","Tally","60","027","Kings","IN-PLAY","Primary Election - 06/28/2022","Democratic","Male State Committee","60",1,"Public Counter",40
"AD","ED","County","EDAD Status","Event","Party/Independent Body","Office/Position Title","District Key","VoteFor","Unit Name","Tally","60","027","Kings","IN-PLAY","Primary Election - 06/28/2022","Democratic","Male State Committee","60",1,"Manually Counted Emergency",0
"AD","ED","County","EDAD Status","Event","Party/Independent Body","Office/Position Title","District Key","VoteFor","Unit Name","Tally","60","027","Kings","IN-PLAY","Primary Election - 06/28/2022","Democratic","Male State Committee","60",1,"Absentee / Military",1
"AD","ED","County","EDAD Status","Event","Party/Independent Body","Office/Position Title","District Key","VoteFor","Unit Name","Tally","60","027","Kings","IN-PLAY","Primary Election - 06/28/2022","Democratic","Male State Committee","60",1,"Affidavit",3
"AD","ED","County","EDAD Status","Event","Party/Independent Body","Office/Position Title","District Key","VoteFor","Unit Name","Tally","60","027","Kings","IN-PLAY","Primary Election - 06/28/2022","Democratic","Male State Committee","60",1,"Christopher W. Banks",13
"AD","ED","County","EDAD Status","Event","Party/Independent Body","Office/Position Title","District Key","VoteFor","Unit Name","Tally","60","027","Kings","IN-PLAY","Primary Election - 06/28/2022","Democratic","Male State Committee","60",1,"Charles Barron",27
"AD","ED","County","EDAD Status","Event","Party/Independent Body","Office/Position Title","District Key","VoteFor","Unit Name","Tally","60","028","Kings","IN-PLAY","Primary Election - 06/28/2022","Democratic","Male State Committee","60",1,"Public Counter",163
"AD","ED","County","EDAD Status","Event","Party/Independent Body","Office/Position Title","District Key","VoteFor","Unit Name","Tally","60","028","Kings","IN-PLAY","Primary Election - 06/28/2022","Democratic","Male State Committee","60",1,"Manually Counted Emergency",0
"AD","ED","County","EDAD Status","Event","Party/Independent Body","Office/Position Title","District Key","VoteFor","Unit Name","Tally","60","028","Kings","IN-PLAY","Primary Election - 06/28/2022","Democratic","Male State Committee","60",1,"Absentee / Military",8
"AD","ED","County","EDAD Status","Event","Party/Independent Body","Office/Position Title","District Key","VoteFor","Unit Name","Tally","60","028","Kings","IN-PLAY","Primary Election - 06/28/2022","Democratic","Male State Committee","60",1,"Affidavit",2
"AD","ED","County","EDAD Status","Event","Party/Independent Body","Office/Position Title","District Key","VoteFor","Unit Name","Tally","60","028","Kings","IN-PLAY","Primary Election - 06/28/2022","Democratic","Male State Committee","60",1,"Christopher W. Banks",63
"AD","ED","County","EDAD Status","Event","Party/Independent Body","Office/Position Title","District Key","VoteFor","Unit Name","Tally","60","028","Kings","IN-PLAY","Primary Election - 06/28/2022","Democratic","Male State Committee","60",1,"Charles Barron",102
"AD","ED","County","EDAD Status","Event","Party/Independent Body","Office/Position Title","District Key","VoteFor","Unit Name","Tally","60","029","Kings","IN-PLAY","Primary Election - 06/28/2022","Democratic","Male State Committee","60",1,"Public Counter",124
"AD","ED","County","EDAD Status","Event","Party/Independent Body","Office/Position Title","District Key","VoteFor","Unit Name","Tally","60","029","Kings","IN-PLAY","Primary Election - 06/28/2022","Democratic","Male State Committee","60",1,"Manually Counted Emergency",0
"AD","ED","County","EDAD Status","Event","Party/Independent Body","Office/Position Title","District Key","VoteFor","Unit Name","Tally","60","029","Kings","IN-PLAY","Primary Election - 06/28/2022","Democratic","Male State Committee","60",1,"Absentee / Military",1
"AD","ED","County","EDAD Status","Event","Party/Independent Body","Office/Position Title","District Key","VoteFor","Unit Name","Tally","60","029","Kings","IN-PLAY","Primary Election - 06/28/2022","Democratic","Male State Committee","60",1,"Affidavit",1
"AD","ED","County","EDAD Status","Event","Party/Independent Body","Office/Position Title","District Key","VoteFor","Unit Name","Tally","60","029","Kings","IN-PLAY","Primary Election - 06/28/2022","Democratic","Male State Committee","60",1,"Christopher W. Banks",48
"AD","ED","County","EDAD Status","Event","Party/Independent Body","Office/Position Title","District Key","VoteFor","Unit Name","Tally","60","029","Kings","IN-PLAY","Primary Election - 06/28/2022","Democratic","Male State Committee","60",1,"Charles Barron",72
"AD","ED","County","EDAD Status","Event","Party/Independent Body","Office/Position Title","District Key","VoteFor","Unit Name","Tally","60","030","Kings","IN-PLAY","Primary Election - 06/28/2022","Democratic","Male State Committee","60",1,"Public Counter",129
"AD","ED","County","EDAD Status","Event","Party/Independent Body","Office/Position Title","District Key","VoteFor","Unit Name","Tally","60","030","Kings","IN-PLAY","Primary Election - 06/28/2022","Democratic","Male State Committee","60",1,"Manually Counted Emergency",0
"AD","ED","County","EDAD Status","Event","Party/Independent Body","Office/Position Title","District Key","VoteFor","Unit Name","Tally","60","030","Kings","IN-PLAY","Primary Election - 06/28/2022","Democratic","Male State Committee","60",1,"Absentee / Military",7
"AD","ED","County","EDAD Status","Event","Party/Independent Body","Office/Position Title","District Key","VoteFor","Unit Name","Tally","60","030","Kings","IN-PLAY","Primary Election - 06/28/2022","Democratic","Male State Committee","60",1,"Affidavit",0
"AD","ED","County","EDAD Status","Event","Party/Independent Body","Office/Position Title","District Key","VoteFor","Unit Name","Tally","60","030","Kings","IN-PLAY","Primary Election - 06/28/2022","Democratic","Male State Committee","60",1,"Christopher W. Banks",51
"AD","ED","County","EDAD Status","Event","Party/Independent Body","Office/Position Title","District Key","VoteFor","Unit Name","Tally","60","030","Kings","IN-PLAY","Primary Election - 06/28/2022","Democratic","Male State Committee","60",1,"Charles Barron",76
"AD","ED","County","EDAD Status","Event","Party/Independent Body","Office/Position Title","District Key","VoteFor","Unit Name","Tally","60","031","Kings","IN-PLAY","Primary Election - 06/28/2022","Democratic","Male State Committee","60",1,"Public Counter",120
"AD","ED","County","EDAD Status","Event","Party/Independent Body","Office/Position Title","District Key","VoteFor","Unit Name","Tally","60","031","Kings","IN-PLAY","Primary Election - 06/28/2022","Democratic","Male State Committee","60",1,"Manually Counted Emergency",0
"AD","ED","County","EDAD Status","Event","Party/Independent Body","Office/Position Title","District Key","VoteFor","Unit Name","Tally","60","031","Kings","IN-PLAY","Primary Election - 06/28/2022","Democratic","Male State Committee","60",1,"Absentee / Military",6
"AD","ED","County","EDAD Status","Event","Party/Independent Body","Office/Position Title","District Key","VoteFor","Unit Name","Tally","60","031","Kings","IN-PLAY","Primary Election - 06/28/2022","Democratic","Male State Committee","60",1,"Affidavit",5
"AD","ED","County","EDAD Status","Event","Party/Independent Body","Office/Position Title","District Key","VoteFor","Unit Name","Tally","60","031","Kings","IN-PLAY","Primary Election - 06/28/2022","Democratic","Male State Committee","60",1,"Christopher W. Banks",48
"AD","ED","County","EDAD Status","Event","Party/Independent Body","Office/Position Title","District Key","VoteFor","Unit Name","Tally","60","031","Kings","IN-PLAY","Primary Election - 06/28/2022","Democratic","Male State Committee","60",1,"Charles Barron",77
"AD","ED","County","EDAD Status","Event","Party/Independent Body","Office/Position Title","District Key","VoteFor","Unit Name","Tally","60","032","Kings","IN-PLAY","Primary Election - 06/28/2022","Democratic","Male State Committee","60",1,"Public Counter",66
"AD","ED","County","EDAD Status","Event","Party/Independent Body","Office/Position Title","District Key","VoteFor","Unit Name","Tally","60","032","Kings","IN-PLAY","Primary Election - 06/28/2022","Democratic","Male State Committee","60",1,"Manually Counted Emergency",0
"AD","ED","County","EDAD Status","Event","Party/Independent Body","Office/Position Title","District Key","VoteFor","Unit Name","Tally","60","032","Kings","IN-PLAY","Primary Election - 06/28/2022","Democratic","Male State Committee","60",1,"Absentee / Military",0
"AD","ED","County","EDAD Status","Event","Party/Independent Body","Office/Position Title","District Key","VoteFor","Unit Name","Tally","60","032","Kings","IN-PLAY","Primary Election - 06/28/2022","Democratic","Male State Committee","60",1,"Affidavit",0
"AD","ED","County","EDAD Status","Event","Party/Independent Body","Office/Position Title","District Key","VoteFor","Unit Name","Tally","60","032","Kings","IN-PLAY","Primary Election - 06/28/2022","Democratic","Male State Committee","60",1,"Christopher W. Banks",27
"AD","ED","County","EDAD Status","Event","Party/Independent Body","Office/Position Title","District Key","VoteFor","Unit Name","Tally","60","032","Kings","IN-PLAY","Primary Election - 06/28/2022","Democratic","Male State Committee","60",1,"Charles Barron",36
"AD","ED","County","EDAD Status","Event","Party/Independent Body","Office/Position Title","District Key","VoteFor","Unit Name","Tally","60","033","Kings","IN-PLAY","Primary Election - 06/28/2022","Democratic","Male State Committee","60",1,"Public Counter",50
"AD","ED","County","EDAD Status","Event","Party/Independent Body","Office/Position Title","District Key","VoteFor","Unit Name","Tally","60","033","Kings","IN-PLAY","Primary Election - 06/28/2022","Democratic","Male State Committee","60",1,"Manually Counted Emergency",0
"AD","ED","County","EDAD Status","Event","Party/Independent Body","Office/Position Title","District Key","VoteFor","Unit Name","Tally","60","033","Kings","IN-PLAY","Primary Election - 06/28/2022","Democratic","Male State Committee","60",1,"Absentee / Military",2
"AD","ED","County","EDAD Status","Event","Party/Independent Body","Office/Position Title","District Key","VoteFor","Unit Name","Tally","60","033","Kings","IN-PLAY","Primary Election - 06/28/2022","Democratic","Male State Committee","60",1,"Affidavit",0
"AD","ED","County","EDAD Status","Event","Party/Independent Body","Office/Position Title","District Key","VoteFor","Unit Name","Tally","60","033","Kings","IN-PLAY","Primary Election - 06/28/2022","Democratic","Male State Committee","60",1,"Christopher W. Banks",12
"AD","ED","County","EDAD Status","Event","Party/Independent Body","Office/Position Title","District Key","VoteFor","Unit Name","Tally","60","033","Kings","IN-PLAY","Primary Election - 06/28/2022","Democratic","Male State Committee","60",1,"Charles Barron",37
"AD","ED","County","EDAD Status","Event","Party/Independent Body","Office/Position Title","District Key","VoteFor","Unit Name","Tally","60","034","Kings","IN-PLAY","Primary Election - 06/28/2022","Democratic","Male State Committee","60",1,"Public Counter",61
"AD","ED","County","EDAD Status","Event","Party/Independent Body","Office/Position Title","District Key","VoteFor","Unit Name","Tally","60","034","Kings","IN-PLAY","Primary Election - 06/28/2022","Democratic","Male State Committee","60",1,"Manually Counted Emergency",0
"AD","ED","County","EDAD Status","Event","Party/Independent Body","Office/Position Title","District Key","VoteFor","Unit Name","Tally","60","034","Kings","IN-PLAY","Primary Election - 06/28/2022","Democratic","Male State Committee","60",1,"Absentee / Military",3
"AD","ED","County","EDAD Status","Event","Party/Independent Body","Office/Position Title","District Key","VoteFor","Unit Name","Tally","60","034","Kings","IN-PLAY","Primary Election - 06/28/2022","Democratic","Male State Committee","60",1,"Affidavit",1
"AD","ED","County","EDAD Status","Event","Party/Independent Body","Office/Position Title","District Key","VoteFor","Unit Name","Tally","60","034","Kings","IN-PLAY","Primary Election - 06/28/2022","Democratic","Male State Committee","60",1,"Christopher W. Banks",28
"AD","ED","County","EDAD Status","Event","Party/Independent Body","Office/Position Title","District Key","VoteFor","Unit Name","Tally","60","034","Kings","IN-PLAY","Primary Election - 06/28/2022","Democratic","Male State Committee","60",1,"Charles Barron",29
"AD","ED","County","EDAD Status","Event","Party/Independent Body","Office/Position Title","District Key","VoteFor","Unit Name","Tally","60","034","Kings","IN-PLAY","Primary Election - 06/28/2022","Democratic","Male State Committee","60",1,"Scattered",1
"AD","ED","County","EDAD Status","Event","Party/Independent Body","Office/Position Title","District Key","VoteFor","Unit Name","Tally","60","035","Kings","IN-PLAY","Primary Election - 06/28/2022","Democratic","Male State Committee","60",1,"Public Counter",124
"AD","ED","County","EDAD Status","Event","Party/Independent Body","Office/Position Title","District Key","VoteFor","Unit Name","Tally","60","035","Kings","IN-PLAY","Primary Election - 06/28/2022","Democratic","Male State Committee","60",1,"Manually Counted Emergency",0
"AD","ED","County","EDAD Status","Event","Party/Independent Body","Office/Position Title","District Key","VoteFor","Unit Name","Tally","60","035","Kings","IN-PLAY","Primary Election - 06/28/2022","Democratic","Male State Committee","60",1,"Absentee / Military",4
"AD","ED","County","EDAD Status","Event","Party/Independent Body","Office/Position Title","District Key","VoteFor","Unit Name","Tally","60","035","Kings","IN-PLAY","Primary Election - 06/28/2022","Democratic","Male State Committee","60",1,"Affidavit",1
"AD","ED","County","EDAD Status","Event","Party/Independent Body","Office/Position Title","District Key","VoteFor","Unit Name","Tally","60","035","Kings","IN-PLAY","Primary Election - 06/28/2022","Democratic","Male State Committee","60",1,"Christopher W. Banks",48
"AD","ED","County","EDAD Status","Event","Party/Independent Body","Office/Position Title","District Key","VoteFor","Unit Name","Tally","60","035","Kings","IN-PLAY","Primary Election - 06/28/2022","Democratic","Male State Committee","60",1,"Charles Barron",77
"AD","ED","County","EDAD Status","Event","Party/Independent Body","Office/Position Title","District Key","VoteFor","Unit Name","Tally","60","036","Kings","IN-PLAY","Primary Election - 06/28/2022","Democratic","Male State Committee","60",1,"Public Counter",116
"AD","ED","County","EDAD Status","Event","Party/Independent Body","Office/Position Title","District Key","VoteFor","Unit Name","Tally","60","036","Kings","IN-PLAY","Primary Election - 06/28/2022","Democratic","Male State Committee","60",1,"Manually Counted Emergency",0
"AD","ED","County","EDAD Status","Event","Party/Independent Body","Office/Position Title","District Key","VoteFor","Unit Name","Tally","60","036","Kings","IN-PLAY","Primary Election - 06/28/2022","Democratic","Male State Committee","60",1,"Absentee / Military",2
"AD","ED","County","EDAD Status","Event","Party/Independent Body","Office/Position Title","District Key","VoteFor","Unit Name","Tally","60","036","Kings","IN-PLAY","Primary Election - 06/28/2022","Democratic","Male State Committee","60",1,"Affidavit",0
"AD","ED","County","EDAD Status","Event","Party/Independent Body","Office/Position Title","District Key","VoteFor","Unit Name","Tally","60","036","Kings","IN-PLAY","Primary Election - 06/28/2022","Democratic","Male State Committee","60",1,"Christopher W. Banks",65
"AD","ED","County","EDAD Status","Event","Party/Independent Body","Office/Position Title","District Key","VoteFor","Unit Name","Tally","60","036","Kings","IN-PLAY","Primary Election - 06/28/2022","Democratic","Male State Committee","60",1,"Charles Barron",49
"AD","ED","County","EDAD Status","Event","Party/Independent Body","Office/Position Title","District Key","VoteFor","Unit Name","Tally","60","036","Kings","IN-PLAY","Primary Election - 06/28/2022","Democratic","Male State Committee","60",1,"Scattered",1
"AD","ED","County","EDAD Status","Event","Party/Independent Body","Office/Position Title","District Key","VoteFor","Unit Name","Tally","60","037","Kings","IN-PLAY","Primary Election - 06/28/2022","Democratic","Male State Committee","60",1,"Public Counter",159
"AD","ED","County","EDAD Status","Event","Party/Independent Body","Office/Position Title","District Key","VoteFor","Unit Name","Tally","60","037","Kings","IN-PLAY","Primary Election - 06/28/2022","Democratic","Male State Committee","60",1,"Manually Counted Emergency",0
"AD","ED","County","EDAD Status","Event","Party/Independent Body","Office/Position Title","District Key","VoteFor","Unit Name","Tally","60","037","Kings","IN-PLAY","Primary Election - 06/28/2022","Democratic","Male State Committee","60",1,"Absentee / Military",4
"AD","ED","County","EDAD Status","Event","Party/Independent Body","Office/Position Title","District Key","VoteFor","Unit Name","Tally","60","037","Kings","IN-PLAY","Primary Election - 06/28/2022","Democratic","Male State Committee","60",1,"Affidavit",2
"AD","ED","County","EDAD Status","Event","Party/Independent Body","Office/Position Title","District Key","VoteFor","Unit Name","Tally","60","037","Kings","IN-PLAY","Primary Election - 06/28/2022","Democratic","Male State Committee","60",1,"Christopher W. Banks",76
"AD","ED","County","EDAD Status","Event","Party/Independent Body","Office/Position Title","District Key","VoteFor","Unit Name","Tally","60","037","Kings","IN-PLAY","Primary Election - 06/28/2022","Democratic","Male State Committee","60",1,"Charles Barron",81
"AD","ED","County","EDAD Status","Event","Party/Independent Body","Office/Position Title","District Key","VoteFor","Unit Name","Tally","60","038","Kings","IN-PLAY","Primary Election - 06/28/2022","Democratic","Male State Committee","60",1,"Public Counter",89
"AD","ED","County","EDAD Status","Event","Party/Independent Body","Office/Position Title","District Key","VoteFor","Unit Name","Tally","60","038","Kings","IN-PLAY","Primary Election - 06/28/2022","Democratic","Male State Committee","60",1,"Manually Counted Emergency",0
"AD","ED","County","EDAD Status","Event","Party/Independent Body","Office/Position Title","District Key","VoteFor","Unit Name","Tally","60","038","Kings","IN-PLAY","Primary Election - 06/28/2022","Democratic","Male State Committee","60",1,"Absentee / Military",10
"AD","ED","County","EDAD Status","Event","Party/Independent Body","Office/Position Title","District Key","VoteFor","Unit Name","Tally","60","038","Kings","IN-PLAY","Primary Election - 06/28/2022","Democratic","Male State Committee","60",1,"Affidavit",0
"AD","ED","County","EDAD Status","Event","Party/Independent Body","Office/Position Title","District Key","VoteFor","Unit Name","Tally","60","038","Kings","IN-PLAY","Primary Election - 06/28/2022","Democratic","Male State Committee","60",1,"Christopher W. Banks",36
"AD","ED","County","EDAD Status","Event","Party/Independent Body","Office/Position Title","District Key","VoteFor","Unit Name","Tally","60","038","Kings","IN-PLAY","Primary Election - 06/28/2022","Democratic","Male State Committee","60",1,"Charles Barron",58
"AD","ED","County","EDAD Status","Event","Party/Independent Body","Office/Position Title","District Key","VoteFor","Unit Name","Tally","60","039","Kings","IN-PLAY","Primary Election - 06/28/2022","Democratic","Male State Committee","60",1,"Public Counter",133
"AD","ED","County","EDAD Status","Event","Party/Independent Body","Office/Position Title","District Key","VoteFor","Unit Name","Tally","60","039","Kings","IN-PLAY","Primary Election - 06/28/2022","Democratic","Male State Committee","60",1,"Manually Counted Emergency",0
"AD","ED","County","EDAD Status","Event","Party/Independent Body","Office/Position Title","District Key","VoteFor","Unit Name","Tally","60","039","Kings","IN-PLAY","Primary Election - 06/28/2022","Democratic","Male State Committee","60",1,"Absentee / Military",3
"AD","ED","County","EDAD Status","Event","Party/Independent Body","Office/Position Title","District Key","VoteFor","Unit Name","Tally","60","039","Kings","IN-PLAY","Primary Election - 06/28/2022","Democratic","Male State Committee","60",1,"Affidavit",0
"AD","ED","County","EDAD Status","Event","Party/Independent Body","Office/Position Title","District Key","VoteFor","Unit Name","Tally","60","039","Kings","IN-PLAY","Primary Election - 06/28/2022","Democratic","Male State Committee","60",1,"Christopher W. Banks",53
"AD","ED","County","EDAD Status","Event","Party/Independent Body","Office/Position Title","District Key","VoteFor","Unit Name","Tally","60","039","Kings","IN-PLAY","Primary Election - 06/28/2022","Democratic","Male State Committee","60",1,"Charles Barron",73
"AD","ED","County","EDAD Status","Event","Party/Independent Body","Office/Position Title","District Key","VoteFor","Unit Name","Tally","60","039","Kings","IN-PLAY","Primary Election - 06/28/2022","Democratic","Male State Committee","60",1,"Scattered",1
"AD","ED","County","EDAD Status","Event","Party/Independent Body","Office/Position Title","District Key","VoteFor","Unit Name","Tally","60","040","Kings","IN-PLAY","Primary Election - 06/28/2022","Democratic","Male State Committee","60",1,"Public Counter",110
"AD","ED","County","EDAD Status","Event","Party/Independent Body","Office/Position Title","District Key","VoteFor","Unit Name","Tally","60","040","Kings","IN-PLAY","Primary Election - 06/28/2022","Democratic","Male State Committee","60",1,"Manually Counted Emergency",0
"AD","ED","County","EDAD Status","Event","Party/Independent Body","Office/Position Title","District Key","VoteFor","Unit Name","Tally","60","040","Kings","IN-PLAY","Primary Election - 06/28/2022","Democratic","Male State Committee","60",1,"Absentee / Military",5
"AD","ED","County","EDAD Status","Event","Party/Independent Body","Office/Position Title","District Key","VoteFor","Unit Name","Tally","60","040","Kings","IN-PLAY","Primary Election - 06/28/2022","Democratic","Male State Committee","60",1,"Affidavit",1
"AD","ED","County","EDAD Status","Event","Party/Independent Body","Office/Position Title","District Key","VoteFor","Unit Name","Tally","60","040","Kings","IN-PLAY","Primary Election - 06/28/2022","Democratic","Male State Committee","60",1,"Christopher W. Banks",33
"AD","ED","County","EDAD Status","Event","Party/Independent Body","Office/Position Title","District Key","VoteFor","Unit Name","Tally","60","040","Kings","IN-PLAY","Primary Election - 06/28/2022","Democratic","Male State Committee","60",1,"Charles Barron",79
"AD","ED","County","EDAD Status","Event","Party/Independent Body","Office/Position Title","District Key","VoteFor","Unit Name","Tally","60","040","Kings","IN-PLAY","Primary Election - 06/28/2022","Democratic","Male State Committee","60",1,"Scattered",1
"AD","ED","County","EDAD Status","Event","Party/Independent Body","Office/Position Title","District Key","VoteFor","Unit Name","Tally","60","041","Kings","IN-PLAY","Primary Election - 06/28/2022","Democratic","Male State Committee","60",1,"Public Counter",75
"AD","ED","County","EDAD Status","Event","Party/Independent Body","Office/Position Title","District Key","VoteFor","Unit Name","Tally","60","041","Kings","IN-PLAY","Primary Election - 06/28/2022","Democratic","Male State Committee","60",1,"Manually Counted Emergency",0
"AD","ED","County","EDAD Status","Event","Party/Independent Body","Office/Position Title","District Key","VoteFor","Unit Name","Tally","60","041","Kings","IN-PLAY","Primary Election - 06/28/2022","Democratic","Male State Committee","60",1,"Absentee / Military",3
"AD","ED","County","EDAD Status","Event","Party/Independent Body","Office/Position Title","District Key","VoteFor","Unit Name","Tally","60","041","Kings","IN-PLAY","Primary Election - 06/28/2022","Democratic","Male State Committee","60",1,"Affidavit",0
"AD","ED","County","EDAD Status","Event","Party/Independent Body","Office/Position Title","District Key","VoteFor","Unit Name","Tally","60","041","Kings","IN-PLAY","Primary Election - 06/28/2022","Democratic","Male State Committee","60",1,"Christopher W. Banks",22
"AD","ED","County","EDAD Status","Event","Party/Independent Body","Office/Position Title","District Key","VoteFor","Unit Name","Tally","60","041","Kings","IN-PLAY","Primary Election - 06/28/2022","Democratic","Male State Committee","60",1,"Charles Barron",46
"AD","ED","County","EDAD Status","Event","Party/Independent Body","Office/Position Title","District Key","VoteFor","Unit Name","Tally","60","042","Kings","IN-PLAY","Primary Election - 06/28/2022","Democratic","Male State Committee","60",1,"Public Counter",178
"AD","ED","County","EDAD Status","Event","Party/Independent Body","Office/Position Title","District Key","VoteFor","Unit Name","Tally","60","042","Kings","IN-PLAY","Primary Election - 06/28/2022","Democratic","Male State Committee","60",1,"Manually Counted Emergency",0
"AD","ED","County","EDAD Status","Event","Party/Independent Body","Office/Position Title","District Key","VoteFor","Unit Name","Tally","60","042","Kings","IN-PLAY","Primary Election - 06/28/2022","Democratic","Male State Committee","60",1,"Absentee / Military",5
"AD","ED","County","EDAD Status","Event","Party/Independent Body","Office/Position Title","District Key","VoteFor","Unit Name","Tally","60","042","Kings","IN-PLAY","Primary Election - 06/28/2022","Democratic","Male State Committee","60",1,"Affidavit",0
"AD","ED","County","EDAD Status","Event","Party/Independent Body","Office/Position Title","District Key","VoteFor","Unit Name","Tally","60","042","Kings","IN-PLAY","Primary Election - 06/28/2022","Democratic","Male State Committee","60",1,"Christopher W. Banks",72
"AD","ED","County","EDAD Status","Event","Party/Independent Body","Office/Position Title","District Key","VoteFor","Unit Name","Tally","60","042","Kings","IN-PLAY","Primary Election - 06/28/2022","Democratic","Male State Committee","60",1,"Charles Barron",100
"AD","ED","County","EDAD Status","Event","Party/Independent Body","Office/Position Title","District Key","VoteFor","Unit Name","Tally","60","043","Kings","IN-PLAY","Primary Election - 06/28/2022","Democratic","Male State Committee","60",1,"Public Counter",79
"AD","ED","County","EDAD Status","Event","Party/Independent Body","Office/Position Title","District Key","VoteFor","Unit Name","Tally","60","043","Kings","IN-PLAY","Primary Election - 06/28/2022","Democratic","Male State Committee","60",1,"Manually Counted Emergency",0
"AD","ED","County","EDAD Status","Event","Party/Independent Body","Office/Position Title","District Key","VoteFor","Unit Name","Tally","60","043","Kings","IN-PLAY","Primary Election - 06/28/2022","Democratic","Male State Committee","60",1,"Absentee / Military",7
"AD","ED","County","EDAD Status","Event","Party/Independent Body","Office/Position Title","District Key","VoteFor","Unit Name","Tally","60","043","Kings","IN-PLAY","Primary Election - 06/28/2022","Democratic","Male State Committee","60",1,"Affidavit",1
"AD","ED","County","EDAD Status","Event","Party/Independent Body","Office/Position Title","District Key","VoteFor","Unit Name","Tally","60","043","Kings","IN-PLAY","Primary Election - 06/28/2022","Democratic","Male State Committee","60",1,"Christopher W. Banks",28
"AD","ED","County","EDAD Status","Event","Party/Independent Body","Office/Position Title","District Key","VoteFor","Unit Name","Tally","60","043","Kings","IN-PLAY","Primary Election - 06/28/2022","Democratic","Male State Committee","60",1,"Charles Barron",49
"AD","ED","County","EDAD Status","Event","Party/Independent Body","Office/Position Title","District Key","VoteFor","Unit Name","Tally","60","044","Kings","IN-PLAY","Primary Election - 06/28/2022","Democratic","Male State Committee","60",1,"Public Counter",162
"AD","ED","County","EDAD Status","Event","Party/Independent Body","Office/Position Title","District Key","VoteFor","Unit Name","Tally","60","044","Kings","IN-PLAY","Primary Election - 06/28/2022","Democratic","Male State Committee","60",1,"Manually Counted Emergency",0
"AD","ED","County","EDAD Status","Event","Party/Independent Body","Office/Position Title","District Key","VoteFor","Unit Name","Tally","60","044","Kings","IN-PLAY","Primary Election - 06/28/2022","Democratic","Male State Committee","60",1,"Absentee / Military",3
"AD","ED","County","EDAD Status","Event","Party/Independent Body","Office/Position Title","District Key","VoteFor","Unit Name","Tally","60","044","Kings","IN-PLAY","Primary Election - 06/28/2022","Democratic","Male State Committee","60",1,"Affidavit",2
"AD","ED","County","EDAD Status","Event","Party/Independent Body","Office/Position Title","District Key","VoteFor","Unit Name","Tally","60","044","Kings","IN-PLAY","Primary Election - 06/28/2022","Democratic","Male State Committee","60",1,"Christopher W. Banks",67
"AD","ED","County","EDAD Status","Event","Party/Independent Body","Office/Position Title","District Key","VoteFor","Unit Name","Tally","60","044","Kings","IN-PLAY","Primary Election - 06/28/2022","Democratic","Male State Committee","60",1,"Charles Barron",86
"AD","ED","County","EDAD Status","Event","Party/Independent Body","Office/Position Title","District Key","VoteFor","Unit Name","Tally","60","045","Kings","IN-PLAY","Primary Election - 06/28/2022","Democratic","Male State Committee","60",1,"Public Counter",173
"AD","ED","County","EDAD Status","Event","Party/Independent Body","Office/Position Title","District Key","VoteFor","Unit Name","Tally","60","045","Kings","IN-PLAY","Primary Election - 06/28/2022","Democratic","Male State Committee","60",1,"Manually Counted Emergency",0
"AD","ED","County","EDAD Status","Event","Party/Independent Body","Office/Position Title","District Key","VoteFor","Unit Name","Tally","60","045","Kings","IN-PLAY","Primary Election - 06/28/2022","Democratic","Male State Committee","60",1,"Absentee / Military",4
"AD","ED","County","EDAD Status","Event","Party/Independent Body","Office/Position Title","District Key","VoteFor","Unit Name","Tally","60","045","Kings","IN-PLAY","Primary Election - 06/28/2022","Democratic","Male State Committee","60",1,"Affidavit",2
"AD","ED","County","EDAD Status","Event","Party/Independent Body","Office/Position Title","District Key","VoteFor","Unit Name","Tally","60","045","Kings","IN-PLAY","Primary Election - 06/28/2022","Democratic","Male State Committee","60",1,"Christopher W. Banks",64
"AD","ED","County","EDAD Status","Event","Party/Independent Body","Office/Position Title","District Key","VoteFor","Unit Name","Tally","60","045","Kings","IN-PLAY","Primary Election - 06/28/2022","Democratic","Male State Committee","60",1,"Charles Barron",105
"AD","ED","County","EDAD Status","Event","Party/Independent Body","Office/Position Title","District Key","VoteFor","Unit Name","Tally","60","046","Kings","IN-PLAY","Primary Election - 06/28/2022","Democratic","Male State Committee","60",1,"Public Counter",25
"AD","ED","County","EDAD Status","Event","Party/Independent Body","Office/Position Title","District Key","VoteFor","Unit Name","Tally","60","046","Kings","IN-PLAY","Primary Election - 06/28/2022","Democratic","Male State Committee","60",1,"Manually Counted Emergency",0
"AD","ED","County","EDAD Status","Event","Party/Independent Body","Office/Position Title","District Key","VoteFor","Unit Name","Tally","60","046","Kings","IN-PLAY","Primary Election - 06/28/2022","Democratic","Male State Committee","60",1,"Absentee / Military",2
"AD","ED","County","EDAD Status","Event","Party/Independent Body","Office/Position Title","District Key","VoteFor","Unit Name","Tally","60","046","Kings","IN-PLAY","Primary Election - 06/28/2022","Democratic","Male State Committee","60",1,"Affidavit",0
"AD","ED","County","EDAD Status","Event","Party/Independent Body","Office/Position Title","District Key","VoteFor","Unit Name","Tally","60","046","Kings","IN-PLAY","Primary Election - 06/28/2022","Democratic","Male State Committee","60",1,"Christopher W. Banks",7
"AD","ED","County","EDAD Status","Event","Party/Independent Body","Office/Position Title","District Key","VoteFor","Unit Name","Tally","60","046","Kings","IN-PLAY","Primary Election - 06/28/2022","Democratic","Male State Committee","60",1,"Charles Barron",20
"AD","ED","County","EDAD Status","Event","Party/Independent Body","Office/Position Title","District Key","VoteFor","Unit Name","Tally","60","047","Kings","IN-PLAY","Primary Election - 06/28/2022","Democratic","Male State Committee","60",1,"Public Counter",6
"AD","ED","County","EDAD Status","Event","Party/Independent Body","Office/Position Title","District Key","VoteFor","Unit Name","Tally","60","047","Kings","IN-PLAY","Primary Election - 06/28/2022","Democratic","Male State Committee","60",1,"Manually Counted Emergency",0
"AD","ED","County","EDAD Status","Event","Party/Independent Body","Office/Position Title","District Key","VoteFor","Unit Name","Tally","60","047","Kings","IN-PLAY","Primary Election - 06/28/2022","Democratic","Male State Committee","60",1,"Absentee / Military",1
"AD","ED","County","EDAD Status","Event","Party/Independent Body","Office/Position Title","District Key","VoteFor","Unit Name","Tally","60","047","Kings","IN-PLAY","Primary Election - 06/28/2022","Democratic","Male State Committee","60",1,"Affidavit",2
"AD","ED","County","EDAD Status","Event","Party/Independent Body","Office/Position Title","District Key","VoteFor","Unit Name","Tally","60","047","Kings","IN-PLAY","Primary Election - 06/28/2022","Democratic","Male State Committee","60",1,"Christopher W. Banks",0
"AD","ED","County","EDAD Status","Event","Party/Independent Body","Office/Position Title","District Key","VoteFor","Unit Name","Tally","60","047","Kings","IN-PLAY","Primary Election - 06/28/2022","Democratic","Male State Committee","60",1,"Charles Barron",8
"AD","ED","County","EDAD Status","Event","Party/Independent Body","Office/Position Title","District Key","VoteFor","Unit Name","Tally","60","048","Kings","IN-PLAY","Primary Election - 06/28/2022","Democratic","Male State Committee","60",1,"Public Counter",56
"AD","ED","County","EDAD Status","Event","Party/Independent Body","Office/Position Title","District Key","VoteFor","Unit Name","Tally","60","048","Kings","IN-PLAY","Primary Election - 06/28/2022","Democratic","Male State Committee","60",1,"Manually Counted Emergency",0
"AD","ED","County","EDAD Status","Event","Party/Independent Body","Office/Position Title","District Key","VoteFor","Unit Name","Tally","60","048","Kings","IN-PLAY","Primary Election - 06/28/2022","Democratic","Male State Committee","60",1,"Absentee / Military",6
"AD","ED","County","EDAD Status","Event","Party/Independent Body","Office/Position Title","District Key","VoteFor","Unit Name","Tally","60","048","Kings","IN-PLAY","Primary Election - 06/28/2022","Democratic","Male State Committee","60",1,"Affidavit",2
"AD","ED","County","EDAD Status","Event","Party/Independent Body","Office/Position Title","District Key","VoteFor","Unit Name","Tally","60","048","Kings","IN-PLAY","Primary Election - 06/28/2022","Democratic","Male State Committee","60",1,"Christopher W. Banks",18
"AD","ED","County","EDAD Status","Event","Party/Independent Body","Office/Position Title","District Key","VoteFor","Unit Name","Tally","60","048","Kings","IN-PLAY","Primary Election - 06/28/2022","Democratic","Male State Committee","60",1,"Charles Barron",37
"AD","ED","County","EDAD Status","Event","Party/Independent Body","Office/Position Title","District Key","VoteFor","Unit Name","Tally","60","049","Kings","IN-PLAY","Primary Election - 06/28/2022","Democratic","Male State Committee","60",1,"Public Counter",75
"AD","ED","County","EDAD Status","Event","Party/Independent Body","Office/Position Title","District Key","VoteFor","Unit Name","Tally","60","049","Kings","IN-PLAY","Primary Election - 06/28/2022","Democratic","Male State Committee","60",1,"Manually Counted Emergency",0
"AD","ED","County","EDAD Status","Event","Party/Independent Body","Office/Position Title","District Key","VoteFor","Unit Name","Tally","60","049","Kings","IN-PLAY","Primary Election - 06/28/2022","Democratic","Male State Committee","60",1,"Absentee / Military",3
"AD","ED","County","EDAD Status","Event","Party/Independent Body","Office/Position Title","District Key","VoteFor","Unit Name","Tally","60","049","Kings","IN-PLAY","Primary Election - 06/28/2022","Democratic","Male State Committee","60",1,"Affidavit",1
"AD","ED","County","EDAD Status","Event","Party/Independent Body","Office/Position Title","District Key","VoteFor","Unit Name","Tally","60","049","Kings","IN-PLAY","Primary Election - 06/28/2022","Democratic","Male State Committee","60",1,"Christopher W. Banks",23
"AD","ED","County","EDAD Status","Event","Party/Independent Body","Office/Position Title","District Key","VoteFor","Unit Name","Tally","60","049","Kings","IN-PLAY","Primary Election - 06/28/2022","Democratic","Male State Committee","60",1,"Charles Barron",46
"AD","ED","County","EDAD Status","Event","Party/Independent Body","Office/Position Title","District Key","VoteFor","Unit Name","Tally","60","050","Kings","IN-PLAY","Primary Election - 06/28/2022","Democratic","Male State Committee","60",1,"Public Counter",41
"AD","ED","County","EDAD Status","Event","Party/Independent Body","Office/Position Title","District Key","VoteFor","Unit Name","Tally","60","050","Kings","IN-PLAY","Primary Election - 06/28/2022","Democratic","Male State Committee","60",1,"Manually Counted Emergency",0
"AD","ED","County","EDAD Status","Event","Party/Independent Body","Office/Position Title","District Key","VoteFor","Unit Name","Tally","60","050","Kings","IN-PLAY","Primary Election - 06/28/2022","Democratic","Male State Committee","60",1,"Absentee / Military",3
"AD","ED","County","EDAD Status","Event","Party/Independent Body","Office/Position Title","District Key","VoteFor","Unit Name","Tally","60","050","Kings","IN-PLAY","Primary Election - 06/28/2022","Democratic","Male State Committee","60",1,"Affidavit",0
"AD","ED","County","EDAD Status","Event","Party/Independent Body","Office/Position Title","District Key","VoteFor","Unit Name","Tally","60","050","Kings","IN-PLAY","Primary Election - 06/28/2022","Democratic","Male State Committee","60",1,"Christopher W. Banks",14
"AD","ED","County","EDAD Status","Event","Party/Independent Body","Office/Position Title","District Key","VoteFor","Unit Name","Tally","60","050","Kings","IN-PLAY","Primary Election - 06/28/2022","Democratic","Male State Committee","60",1,"Charles Barron",29
"AD","ED","County","EDAD Status","Event","Party/Independent Body","Office/Position Title","District Key","VoteFor","Unit Name","Tally","60","051","Kings","IN-PLAY","Primary Election - 06/28/2022","Democratic","Male State Committee","60",1,"Public Counter",146
"AD","ED","County","EDAD Status","Event","Party/Independent Body","Office/Position Title","District Key","VoteFor","Unit Name","Tally","60","051","Kings","IN-PLAY","Primary Election - 06/28/2022","Democratic","Male State Committee","60",1,"Manually Counted Emergency",0
"AD","ED","County","EDAD Status","Event","Party/Independent Body","Office/Position Title","District Key","VoteFor","Unit Name","Tally","60","051","Kings","IN-PLAY","Primary Election - 06/28/2022","Democratic","Male State Committee","60",1,"Absentee / Military",12
"AD","ED","County","EDAD Status","Event","Party/Independent Body","Office/Position Title","District Key","VoteFor","Unit Name","Tally","60","051","Kings","IN-PLAY","Primary Election - 06/28/2022","Democratic","Male State Committee","60",1,"Affidavit",0
"AD","ED","County","EDAD Status","Event","Party/Independent Body","Office/Position Title","District Key","VoteFor","Unit Name","Tally","60","051","Kings","IN-PLAY","Primary Election - 06/28/2022","Democratic","Male State Committee","60",1,"Christopher W. Banks",51
"AD","ED","County","EDAD Status","Event","Party/Independent Body","Office/Position Title","District Key","VoteFor","Unit Name","Tally","60","051","Kings","IN-PLAY","Primary Election - 06/28/2022","Democratic","Male State Committee","60",1,"Charles Barron",96
"AD","ED","County","EDAD Status","Event","Party/Independent Body","Office/Position Title","District Key","VoteFor","Unit Name","Tally","60","052","Kings","IN-PLAY","Primary Election - 06/28/2022","Democratic","Male State Committee","60",1,"Public Counter",116
"AD","ED","County","EDAD Status","Event","Party/Independent Body","Office/Position Title","District Key","VoteFor","Unit Name","Tally","60","052","Kings","IN-PLAY","Primary Election - 06/28/2022","Democratic","Male State Committee","60",1,"Manually Counted Emergency",0
"AD","ED","County","EDAD Status","Event","Party/Independent Body","Office/Position Title","District Key","VoteFor","Unit Name","Tally","60","052","Kings","IN-PLAY","Primary Election - 06/28/2022","Democratic","Male State Committee","60",1,"Absentee / Military",3
"AD","ED","County","EDAD Status","Event","Party/Independent Body","Office/Position Title","District Key","VoteFor","Unit Name","Tally","60","052","Kings","IN-PLAY","Primary Election - 06/28/2022","Democratic","Male State Committee","60",1,"Affidavit",1
"AD","ED","County","EDAD Status","Event","Party/Independent Body","Office/Position Title","District Key","VoteFor","Unit Name","Tally","60","052","Kings","IN-PLAY","Primary Election - 06/28/2022","Democratic","Male State Committee","60",1,"Christopher W. Banks",47
"AD","ED","County","EDAD Status","Event","Party/Independent Body","Office/Position Title","District Key","VoteFor","Unit Name","Tally","60","052","Kings","IN-PLAY","Primary Election - 06/28/2022","Democratic","Male State Committee","60",1,"Charles Barron",64
"AD","ED","County","EDAD Status","Event","Party/Independent Body","Office/Position Title","District Key","VoteFor","Unit Name","Tally","60","052","Kings","IN-PLAY","Primary Election - 06/28/2022","Democratic","Male State Committee","60",1,"Scattered",2
"AD","ED","County","EDAD Status","Event","Party/Independent Body","Office/Position Title","District Key","VoteFor","Unit Name","Tally","60","053","Kings","IN-PLAY","Primary Election - 06/28/2022","Democratic","Male State Committee","60",1,"Public Counter",120
"AD","ED","County","EDAD Status","Event","Party/Independent Body","Office/Position Title","District Key","VoteFor","Unit Name","Tally","60","053","Kings","IN-PLAY","Primary Election - 06/28/2022","Democratic","Male State Committee","60",1,"Manually Counted Emergency",0
"AD","ED","County","EDAD Status","Event","Party/Independent Body","Office/Position Title","District Key","VoteFor","Unit Name","Tally","60","053","Kings","IN-PLAY","Primary Election - 06/28/2022","Democratic","Male State Committee","60",1,"Absentee / Military",8
"AD","ED","County","EDAD Status","Event","Party/Independent Body","Office/Position Title","District Key","VoteFor","Unit Name","Tally","60","053","Kings","IN-PLAY","Primary Election - 06/28/2022","Democratic","Male State Committee","60",1,"Affidavit",4
"AD","ED","County","EDAD Status","Event","Party/Independent Body","Office/Position Title","District Key","VoteFor","Unit Name","Tally","60","053","Kings","IN-PLAY","Primary Election - 06/28/2022","Democratic","Male State Committee","60",1,"Christopher W. Banks",54
"AD","ED","County","EDAD Status","Event","Party/Independent Body","Office/Position Title","District Key","VoteFor","Unit Name","Tally","60","053","Kings","IN-PLAY","Primary Election - 06/28/2022","Democratic","Male State Committee","60",1,"Charles Barron",61
"AD","ED","County","EDAD Status","Event","Party/Independent Body","Office/Position Title","District Key","VoteFor","Unit Name","Tally","60","054","Kings","IN-PLAY","Primary Election - 06/28/2022","Democratic","Male State Committee","60",1,"Public Counter",134
"AD","ED","County","EDAD Status","Event","Party/Independent Body","Office/Position Title","District Key","VoteFor","Unit Name","Tally","60","054","Kings","IN-PLAY","Primary Election - 06/28/2022","Democratic","Male State Committee","60",1,"Manually Counted Emergency",0
"AD","ED","County","EDAD Status","Event","Party/Independent Body","Office/Position Title","District Key","VoteFor","Unit Name","Tally","60","054","Kings","IN-PLAY","Primary Election - 06/28/2022","Democratic","Male State Committee","60",1,"Absentee / Military",8
"AD","ED","County","EDAD Status","Event","Party/Independent Body","Office/Position Title","District Key","VoteFor","Unit Name","Tally","60","054","Kings","IN-PLAY","Primary Election - 06/28/2022","Democratic","Male State Committee","60",1,"Affidavit",0
"AD","ED","County","EDAD Status","Event","Party/Independent Body","Office/Position Title","District Key","VoteFor","Unit Name","Tally","60","054","Kings","IN-PLAY","Primary Election - 06/28/2022","Democratic","Male State Committee","60",1,"Christopher W. Banks",54
"AD","ED","County","EDAD Status","Event","Party/Independent Body","Office/Position Title","District Key","VoteFor","Unit Name","Tally","60","054","Kings","IN-PLAY","Primary Election - 06/28/2022","Democratic","Male State Committee","60",1,"Charles Barron",82
"AD","ED","County","EDAD Status","Event","Party/Independent Body","Office/Position Title","District Key","VoteFor","Unit Name","Tally","60","055","Kings","IN-PLAY","Primary Election - 06/28/2022","Democratic","Male State Committee","60",1,"Public Counter",113
"AD","ED","County","EDAD Status","Event","Party/Independent Body","Office/Position Title","District Key","VoteFor","Unit Name","Tally","60","055","Kings","IN-PLAY","Primary Election - 06/28/2022","Democratic","Male State Committee","60",1,"Manually Counted Emergency",0
"AD","ED","County","EDAD Status","Event","Party/Independent Body","Office/Position Title","District Key","VoteFor","Unit Name","Tally","60","055","Kings","IN-PLAY","Primary Election - 06/28/2022","Democratic","Male State Committee","60",1,"Absentee / Military",5
"AD","ED","County","EDAD Status","Event","Party/Independent Body","Office/Position Title","District Key","VoteFor","Unit Name","Tally","60","055","Kings","IN-PLAY","Primary Election - 06/28/2022","Democratic","Male State Committee","60",1,"Affidavit",0
"AD","ED","County","EDAD Status","Event","Party/Independent Body","Office/Position Title","District Key","VoteFor","Unit Name","Tally","60","055","Kings","IN-PLAY","Primary Election - 06/28/2022","Democratic","Male State Committee","60",1,"Christopher W. Banks",44
"AD","ED","County","EDAD Status","Event","Party/Independent Body","Office/Position Title","District Key","VoteFor","Unit Name","Tally","60","055","Kings","IN-PLAY","Primary Election - 06/28/2022","Democratic","Male State Committee","60",1,"Charles Barron",68
"AD","ED","County","EDAD Status","Event","Party/Independent Body","Office/Position Title","District Key","VoteFor","Unit Name","Tally","60","055","Kings","IN-PLAY","Primary Election - 06/28/2022","Democratic","Male State Committee","60",1,"Scattered",1
"AD","ED","County","EDAD Status","Event","Party/Independent Body","Office/Position Title","District Key","VoteFor","Unit Name","Tally","60","056","Kings","IN-PLAY","Primary Election - 06/28/2022","Democratic","Male State Committee","60",1,"Public Counter",85
"AD","ED","County","EDAD Status","Event","Party/Independent Body","Office/Position Title","District Key","VoteFor","Unit Name","Tally","60","056","Kings","IN-PLAY","Primary Election - 06/28/2022","Democratic","Male State Committee","60",1,"Manually Counted Emergency",0
"AD","ED","County","EDAD Status","Event","Party/Independent Body","Office/Position Title","District Key","VoteFor","Unit Name","Tally","60","056","Kings","IN-PLAY","Primary Election - 06/28/2022","Democratic","Male State Committee","60",1,"Absentee / Military",4
"AD","ED","County","EDAD Status","Event","Party/Independent Body","Office/Position Title","District Key","VoteFor","Unit Name","Tally","60","056","Kings","IN-PLAY","Primary Election - 06/28/2022","Democratic","Male State Committee","60",1,"Affidavit",2
"AD","ED","County","EDAD Status","Event","Party/Independent Body","Office/Position Title","District Key","VoteFor","Unit Name","Tally","60","056","Kings","IN-PLAY","Primary Election - 06/28/2022","Democratic","Male State Committee","60",1,"Christopher W. Banks",38
"AD","ED","County","EDAD Status","Event","Party/Independent Body","Office/Position Title","District Key","VoteFor","Unit Name","Tally","60","056","Kings","IN-PLAY","Primary Election - 06/28/2022","Democratic","Male State Committee","60",1,"Charles Barron",46
"AD","ED","County","EDAD Status","Event","Party/Independent Body","Office/Position Title","District Key","VoteFor","Unit Name","Tally","60","057","Kings","IN-PLAY","Primary Election - 06/28/2022","Democratic","Male State Committee","60",1,"Public Counter",78
"AD","ED","County","EDAD Status","Event","Party/Independent Body","Office/Position Title","District Key","VoteFor","Unit Name","Tally","60","057","Kings","IN-PLAY","Primary Election - 06/28/2022","Democratic","Male State Committee","60",1,"Manually Counted Emergency",0
"AD","ED","County","EDAD Status","Event","Party/Independent Body","Office/Position Title","District Key","VoteFor","Unit Name","Tally","60","057","Kings","IN-PLAY","Primary Election - 06/28/2022","Democratic","Male State Committee","60",1,"Absentee / Military",1
"AD","ED","County","EDAD Status","Event","Party/Independent Body","Office/Position Title","District Key","VoteFor","Unit Name","Tally","60","057","Kings","IN-PLAY","Primary Election - 06/28/2022","Democratic","Male State Committee","60",1,"Affidavit",0
"AD","ED","County","EDAD Status","Event","Party/Independent Body","Office/Position Title","District Key","VoteFor","Unit Name","Tally","60","057","Kings","IN-PLAY","Primary Election - 06/28/2022","Democratic","Male State Committee","60",1,"Christopher W. Banks",23
"AD","ED","County","EDAD Status","Event","Party/Independent Body","Office/Position Title","District Key","VoteFor","Unit Name","Tally","60","057","Kings","IN-PLAY","Primary Election - 06/28/2022","Democratic","Male State Committee","60",1,"Charles Barron",52
"AD","ED","County","EDAD Status","Event","Party/Independent Body","Office/Position Title","District Key","VoteFor","Unit Name","Tally","60","058","Kings","IN-PLAY","Primary Election - 06/28/2022","Democratic","Male State Committee","60",1,"Public Counter",83
"AD","ED","County","EDAD Status","Event","Party/Independent Body","Office/Position Title","District Key","VoteFor","Unit Name","Tally","60","058","Kings","IN-PLAY","Primary Election - 06/28/2022","Democratic","Male State Committee","60",1,"Manually Counted Emergency",0
"AD","ED","County","EDAD Status","Event","Party/Independent Body","Office/Position Title","District Key","VoteFor","Unit Name","Tally","60","058","Kings","IN-PLAY","Primary Election - 06/28/2022","Democratic","Male State Committee","60",1,"Absentee / Military",4
"AD","ED","County","EDAD Status","Event","Party/Independent Body","Office/Position Title","District Key","VoteFor","Unit Name","Tally","60","058","Kings","IN-PLAY","Primary Election - 06/28/2022","Democratic","Male State Committee","60",1,"Affidavit",0
"AD","ED","County","EDAD Status","Event","Party/Independent Body","Office/Position Title","District Key","VoteFor","Unit Name","Tally","60","058","Kings","IN-PLAY","Primary Election - 06/28/2022","Democratic","Male State Committee","60",1,"Christopher W. Banks",32
"AD","ED","County","EDAD Status","Event","Party/Independent Body","Office/Position Title","District Key","VoteFor","Unit Name","Tally","60","058","Kings","IN-PLAY","Primary Election - 06/28/2022","Democratic","Male State Committee","60",1,"Charles Barron",51
"AD","ED","County","EDAD Status","Event","Party/Independent Body","Office/Position Title","District Key","VoteFor","Unit Name","Tally","60","059","Kings","IN-PLAY","Primary Election - 06/28/2022","Democratic","Male State Committee","60",1,"Public Counter",14
"AD","ED","County","EDAD Status","Event","Party/Independent Body","Office/Position Title","District Key","VoteFor","Unit Name","Tally","60","059","Kings","IN-PLAY","Primary Election - 06/28/2022","Democratic","Male State Committee","60",1,"Manually Counted Emergency",0
"AD","ED","County","EDAD Status","Event","Party/Independent Body","Office/Position Title","District Key","VoteFor","Unit Name","Tally","60","059","Kings","IN-PLAY","Primary Election - 06/28/2022","Democratic","Male State Committee","60",1,"Absentee / Military",2
"AD","ED","County","EDAD Status","Event","Party/Independent Body","Office/Position Title","District Key","VoteFor","Unit Name","Tally","60","059","Kings","IN-PLAY","Primary Election - 06/28/2022","Democratic","Male State Committee","60",1,"Affidavit",0
"AD","ED","County","EDAD Status","Event","Party/Independent Body","Office/Position Title","District Key","VoteFor","Unit Name","Tally","60","059","Kings","IN-PLAY","Primary Election - 06/28/2022","Democratic","Male State Committee","60",1,"Christopher W. Banks",4
"AD","ED","County","EDAD Status","Event","Party/Independent Body","Office/Position Title","District Key","VoteFor","Unit Name","Tally","60","059","Kings","IN-PLAY","Primary Election - 06/28/2022","Democratic","Male State Committee","60",1,"Charles Barron",12
