"AD","ED","County","EDAD Status","Event","Party/Independent Body","Office/Position Title","District Key","VoteFor","Unit Name","Tally","54","001","Kings","IN-PLAY","Primary Election - 06/28/2022","Democratic","Member of the Assembly","54",1,"Public Counter",15
"AD","ED","County","EDAD Status","Event","Party/Independent Body","Office/Position Title","District Key","VoteFor","Unit Name","Tally","54","001","Kings","IN-PLAY","Primary Election - 06/28/2022","Democratic","Member of the Assembly","54",1,"Manually Counted Emergency",0
"AD","ED","County","EDAD Status","Event","Party/Independent Body","Office/Position Title","District Key","VoteFor","Unit Name","Tally","54","001","Kings","IN-PLAY","Primary Election - 06/28/2022","Democratic","Member of the Assembly","54",1,"Absentee / Military",2
"AD","ED","County","EDAD Status","Event","Party/Independent Body","Office/Position Title","District Key","VoteFor","Unit Name","Tally","54","001","Kings","IN-PLAY","Primary Election - 06/28/2022","Democratic","Member of the Assembly","54",1,"Affidavit",0
"AD","ED","County","EDAD Status","Event","Party/Independent Body","Office/Position Title","District Key","VoteFor","Unit Name","Tally","54","001","Kings","IN-PLAY","Primary Election - 06/28/2022","Democratic","Member of the Assembly","54",1,"Erik Martin Dilan",15
"AD","ED","County","EDAD Status","Event","Party/Independent Body","Office/Position Title","District Key","VoteFor","Unit Name","Tally","54","001","Kings","IN-PLAY","Primary Election - 06/28/2022","Democratic","Member of the Assembly","54",1,"Samy Nemir Olivares",1
"AD","ED","County","EDAD Status","Event","Party/Independent Body","Office/Position Title","District Key","VoteFor","Unit Name","Tally","54","002","Kings","IN-PLAY","Primary Election - 06/28/2022","Democratic","Member of the Assembly","54",1,"Public Counter",36
"AD","ED","County","EDAD Status","Event","Party/Independent Body","Office/Position Title","District Key","VoteFor","Unit Name","Tally","54","002","Kings","IN-PLAY","Primary Election - 06/28/2022","Democratic","Member of the Assembly","54",1,"Manually Counted Emergency",0
"AD","ED","County","EDAD Status","Event","Party/Independent Body","Office/Position Title","District Key","VoteFor","Unit Name","Tally","54","002","Kings","IN-PLAY","Primary Election - 06/28/2022","Democratic","Member of the Assembly","54",1,"Absentee / Military",51
"AD","ED","County","EDAD Status","Event","Party/Independent Body","Office/Position Title","District Key","VoteFor","Unit Name","Tally","54","002","Kings","IN-PLAY","Primary Election - 06/28/2022","Democratic","Member of the Assembly","54",1,"Affidavit",1
"AD","ED","County","EDAD Status","Event","Party/Independent Body","Office/Position Title","District Key","VoteFor","Unit Name","Tally","54","002","Kings","IN-PLAY","Primary Election - 06/28/2022","Democratic","Member of the Assembly","54",1,"Erik Martin Dilan",80
"AD","ED","County","EDAD Status","Event","Party/Independent Body","Office/Position Title","District Key","VoteFor","Unit Name","Tally","54","002","Kings","IN-PLAY","Primary Election - 06/28/2022","Democratic","Member of the Assembly","54",1,"Samy Nemir Olivares",7
"AD","ED","County","EDAD Status","Event","Party/Independent Body","Office/Position Title","District Key","VoteFor","Unit Name","Tally","54","003","Kings","IN-PLAY","Primary Election - 06/28/2022","Democratic","Member of the Assembly","54",1,"Public Counter",22
"AD","ED","County","EDAD Status","Event","Party/Independent Body","Office/Position Title","District Key","VoteFor","Unit Name","Tally","54","003","Kings","IN-PLAY","Primary Election - 06/28/2022","Democratic","Member of the Assembly","54",1,"Manually Counted Emergency",0
"AD","ED","County","EDAD Status","Event","Party/Independent Body","Office/Position Title","District Key","VoteFor","Unit Name","Tally","54","003","Kings","IN-PLAY","Primary Election - 06/28/2022","Democratic","Member of the Assembly","54",1,"Absentee / Military",1
"AD","ED","County","EDAD Status","Event","Party/Independent Body","Office/Position Title","District Key","VoteFor","Unit Name","Tally","54","003","Kings","IN-PLAY","Primary Election - 06/28/2022","Democratic","Member of the Assembly","54",1,"Affidavit",0
"AD","ED","County","EDAD Status","Event","Party/Independent Body","Office/Position Title","District Key","VoteFor","Unit Name","Tally","54","003","Kings","IN-PLAY","Primary Election - 06/28/2022","Democratic","Member of the Assembly","54",1,"Erik Martin Dilan",15
"AD","ED","County","EDAD Status","Event","Party/Independent Body","Office/Position Title","District Key","VoteFor","Unit Name","Tally","54","003","Kings","IN-PLAY","Primary Election - 06/28/2022","Democratic","Member of the Assembly","54",1,"Samy Nemir Olivares",7
"AD","ED","County","EDAD Status","Event","Party/Independent Body","Office/Position Title","District Key","VoteFor","Unit Name","Tally","54","004","Kings","IN-PLAY","Primary Election - 06/28/2022","Democratic","Member of the Assembly","54",1,"Public Counter",55
"AD","ED","County","EDAD Status","Event","Party/Independent Body","Office/Position Title","District Key","VoteFor","Unit Name","Tally","54","004","Kings","IN-PLAY","Primary Election - 06/28/2022","Democratic","Member of the Assembly","54",1,"Manually Counted Emergency",0
"AD","ED","County","EDAD Status","Event","Party/Independent Body","Office/Position Title","District Key","VoteFor","Unit Name","Tally","54","004","Kings","IN-PLAY","Primary Election - 06/28/2022","Democratic","Member of the Assembly","54",1,"Absentee / Military",4
"AD","ED","County","EDAD Status","Event","Party/Independent Body","Office/Position Title","District Key","VoteFor","Unit Name","Tally","54","004","Kings","IN-PLAY","Primary Election - 06/28/2022","Democratic","Member of the Assembly","54",1,"Affidavit",0
"AD","ED","County","EDAD Status","Event","Party/Independent Body","Office/Position Title","District Key","VoteFor","Unit Name","Tally","54","004","Kings","IN-PLAY","Primary Election - 06/28/2022","Democratic","Member of the Assembly","54",1,"Erik Martin Dilan",38
"AD","ED","County","EDAD Status","Event","Party/Independent Body","Office/Position Title","District Key","VoteFor","Unit Name","Tally","54","004","Kings","IN-PLAY","Primary Election - 06/28/2022","Democratic","Member of the Assembly","54",1,"Samy Nemir Olivares",18
"AD","ED","County","EDAD Status","Event","Party/Independent Body","Office/Position Title","District Key","VoteFor","Unit Name","Tally","54","005","Kings","IN-PLAY","Primary Election - 06/28/2022","Democratic","Member of the Assembly","54",1,"Public Counter",57
"AD","ED","County","EDAD Status","Event","Party/Independent Body","Office/Position Title","District Key","VoteFor","Unit Name","Tally","54","005","Kings","IN-PLAY","Primary Election - 06/28/2022","Democratic","Member of the Assembly","54",1,"Manually Counted Emergency",0
"AD","ED","County","EDAD Status","Event","Party/Independent Body","Office/Position Title","District Key","VoteFor","Unit Name","Tally","54","005","Kings","IN-PLAY","Primary Election - 06/28/2022","Democratic","Member of the Assembly","54",1,"Absentee / Military",1
"AD","ED","County","EDAD Status","Event","Party/Independent Body","Office/Position Title","District Key","VoteFor","Unit Name","Tally","54","005","Kings","IN-PLAY","Primary Election - 06/28/2022","Democratic","Member of the Assembly","54",1,"Affidavit",0
"AD","ED","County","EDAD Status","Event","Party/Independent Body","Office/Position Title","District Key","VoteFor","Unit Name","Tally","54","005","Kings","IN-PLAY","Primary Election - 06/28/2022","Democratic","Member of the Assembly","54",1,"Erik Martin Dilan",37
"AD","ED","County","EDAD Status","Event","Party/Independent Body","Office/Position Title","District Key","VoteFor","Unit Name","Tally","54","005","Kings","IN-PLAY","Primary Election - 06/28/2022","Democratic","Member of the Assembly","54",1,"Samy Nemir Olivares",18
"AD","ED","County","EDAD Status","Event","Party/Independent Body","Office/Position Title","District Key","VoteFor","Unit Name","Tally","54","006","Kings","IN-PLAY","Primary Election - 06/28/2022","Democratic","Member of the Assembly","54",1,"Public Counter",57
"AD","ED","County","EDAD Status","Event","Party/Independent Body","Office/Position Title","District Key","VoteFor","Unit Name","Tally","54","006","Kings","IN-PLAY","Primary Election - 06/28/2022","Democratic","Member of the Assembly","54",1,"Manually Counted Emergency",0
"AD","ED","County","EDAD Status","Event","Party/Independent Body","Office/Position Title","District Key","VoteFor","Unit Name","Tally","54","006","Kings","IN-PLAY","Primary Election - 06/28/2022","Democratic","Member of the Assembly","54",1,"Absentee / Military",0
"AD","ED","County","EDAD Status","Event","Party/Independent Body","Office/Position Title","District Key","VoteFor","Unit Name","Tally","54","006","Kings","IN-PLAY","Primary Election - 06/28/2022","Democratic","Member of the Assembly","54",1,"Affidavit",0
"AD","ED","County","EDAD Status","Event","Party/Independent Body","Office/Position Title","District Key","VoteFor","Unit Name","Tally","54","006","Kings","IN-PLAY","Primary Election - 06/28/2022","Democratic","Member of the Assembly","54",1,"Erik Martin Dilan",42
"AD","ED","County","EDAD Status","Event","Party/Independent Body","Office/Position Title","District Key","VoteFor","Unit Name","Tally","54","006","Kings","IN-PLAY","Primary Election - 06/28/2022","Democratic","Member of the Assembly","54",1,"Samy Nemir Olivares",13
"AD","ED","County","EDAD Status","Event","Party/Independent Body","Office/Position Title","District Key","VoteFor","Unit Name","Tally","54","006","Kings","IN-PLAY","Primary Election - 06/28/2022","Democratic","Member of the Assembly","54",1,"Scattered",1
"AD","ED","County","EDAD Status","Event","Party/Independent Body","Office/Position Title","District Key","VoteFor","Unit Name","Tally","54","007","Kings","IN-PLAY","Primary Election - 06/28/2022","Democratic","Member of the Assembly","54",1,"Public Counter",88
"AD","ED","County","EDAD Status","Event","Party/Independent Body","Office/Position Title","District Key","VoteFor","Unit Name","Tally","54","007","Kings","IN-PLAY","Primary Election - 06/28/2022","Democratic","Member of the Assembly","54",1,"Manually Counted Emergency",0
"AD","ED","County","EDAD Status","Event","Party/Independent Body","Office/Position Title","District Key","VoteFor","Unit Name","Tally","54","007","Kings","IN-PLAY","Primary Election - 06/28/2022","Democratic","Member of the Assembly","54",1,"Absentee / Military",0
"AD","ED","County","EDAD Status","Event","Party/Independent Body","Office/Position Title","District Key","VoteFor","Unit Name","Tally","54","007","Kings","IN-PLAY","Primary Election - 06/28/2022","Democratic","Member of the Assembly","54",1,"Affidavit",1
"AD","ED","County","EDAD Status","Event","Party/Independent Body","Office/Position Title","District Key","VoteFor","Unit Name","Tally","54","007","Kings","IN-PLAY","Primary Election - 06/28/2022","Democratic","Member of the Assembly","54",1,"Erik Martin Dilan",65
"AD","ED","County","EDAD Status","Event","Party/Independent Body","Office/Position Title","District Key","VoteFor","Unit Name","Tally","54","007","Kings","IN-PLAY","Primary Election - 06/28/2022","Democratic","Member of the Assembly","54",1,"Samy Nemir Olivares",21
"AD","ED","County","EDAD Status","Event","Party/Independent Body","Office/Position Title","District Key","VoteFor","Unit Name","Tally","54","008","Kings","IN-PLAY","Primary Election - 06/28/2022","Democratic","Member of the Assembly","54",1,"Public Counter",55
"AD","ED","County","EDAD Status","Event","Party/Independent Body","Office/Position Title","District Key","VoteFor","Unit Name","Tally","54","008","Kings","IN-PLAY","Primary Election - 06/28/2022","Democratic","Member of the Assembly","54",1,"Manually Counted Emergency",0
"AD","ED","County","EDAD Status","Event","Party/Independent Body","Office/Position Title","District Key","VoteFor","Unit Name","Tally","54","008","Kings","IN-PLAY","Primary Election - 06/28/2022","Democratic","Member of the Assembly","54",1,"Absentee / Military",0
"AD","ED","County","EDAD Status","Event","Party/Independent Body","Office/Position Title","District Key","VoteFor","Unit Name","Tally","54","008","Kings","IN-PLAY","Primary Election - 06/28/2022","Democratic","Member of the Assembly","54",1,"Affidavit",1
"AD","ED","County","EDAD Status","Event","Party/Independent Body","Office/Position Title","District Key","VoteFor","Unit Name","Tally","54","008","Kings","IN-PLAY","Primary Election - 06/28/2022","Democratic","Member of the Assembly","54",1,"Erik Martin Dilan",36
"AD","ED","County","EDAD Status","Event","Party/Independent Body","Office/Position Title","District Key","VoteFor","Unit Name","Tally","54","008","Kings","IN-PLAY","Primary Election - 06/28/2022","Democratic","Member of the Assembly","54",1,"Samy Nemir Olivares",15
"AD","ED","County","EDAD Status","Event","Party/Independent Body","Office/Position Title","District Key","VoteFor","Unit Name","Tally","54","009","Kings","IN-PLAY","Primary Election - 06/28/2022","Democratic","Member of the Assembly","54",1,"Public Counter",53
"AD","ED","County","EDAD Status","Event","Party/Independent Body","Office/Position Title","District Key","VoteFor","Unit Name","Tally","54","009","Kings","IN-PLAY","Primary Election - 06/28/2022","Democratic","Member of the Assembly","54",1,"Manually Counted Emergency",0
"AD","ED","County","EDAD Status","Event","Party/Independent Body","Office/Position Title","District Key","VoteFor","Unit Name","Tally","54","009","Kings","IN-PLAY","Primary Election - 06/28/2022","Democratic","Member of the Assembly","54",1,"Absentee / Military",0
"AD","ED","County","EDAD Status","Event","Party/Independent Body","Office/Position Title","District Key","VoteFor","Unit Name","Tally","54","009","Kings","IN-PLAY","Primary Election - 06/28/2022","Democratic","Member of the Assembly","54",1,"Affidavit",1
"AD","ED","County","EDAD Status","Event","Party/Independent Body","Office/Position Title","District Key","VoteFor","Unit Name","Tally","54","009","Kings","IN-PLAY","Primary Election - 06/28/2022","Democratic","Member of the Assembly","54",1,"Erik Martin Dilan",43
"AD","ED","County","EDAD Status","Event","Party/Independent Body","Office/Position Title","District Key","VoteFor","Unit Name","Tally","54","009","Kings","IN-PLAY","Primary Election - 06/28/2022","Democratic","Member of the Assembly","54",1,"Samy Nemir Olivares",11
"AD","ED","County","EDAD Status","Event","Party/Independent Body","Office/Position Title","District Key","VoteFor","Unit Name","Tally","54","010","Kings","IN-PLAY","Primary Election - 06/28/2022","Democratic","Member of the Assembly","54",1,"Public Counter",62
"AD","ED","County","EDAD Status","Event","Party/Independent Body","Office/Position Title","District Key","VoteFor","Unit Name","Tally","54","010","Kings","IN-PLAY","Primary Election - 06/28/2022","Democratic","Member of the Assembly","54",1,"Manually Counted Emergency",0
"AD","ED","County","EDAD Status","Event","Party/Independent Body","Office/Position Title","District Key","VoteFor","Unit Name","Tally","54","010","Kings","IN-PLAY","Primary Election - 06/28/2022","Democratic","Member of the Assembly","54",1,"Absentee / Military",5
"AD","ED","County","EDAD Status","Event","Party/Independent Body","Office/Position Title","District Key","VoteFor","Unit Name","Tally","54","010","Kings","IN-PLAY","Primary Election - 06/28/2022","Democratic","Member of the Assembly","54",1,"Affidavit",1
"AD","ED","County","EDAD Status","Event","Party/Independent Body","Office/Position Title","District Key","VoteFor","Unit Name","Tally","54","010","Kings","IN-PLAY","Primary Election - 06/28/2022","Democratic","Member of the Assembly","54",1,"Erik Martin Dilan",49
"AD","ED","County","EDAD Status","Event","Party/Independent Body","Office/Position Title","District Key","VoteFor","Unit Name","Tally","54","010","Kings","IN-PLAY","Primary Election - 06/28/2022","Democratic","Member of the Assembly","54",1,"Samy Nemir Olivares",17
"AD","ED","County","EDAD Status","Event","Party/Independent Body","Office/Position Title","District Key","VoteFor","Unit Name","Tally","54","011","Kings","IN-PLAY","Primary Election - 06/28/2022","Democratic","Member of the Assembly","54",1,"Public Counter",56
"AD","ED","County","EDAD Status","Event","Party/Independent Body","Office/Position Title","District Key","VoteFor","Unit Name","Tally","54","011","Kings","IN-PLAY","Primary Election - 06/28/2022","Democratic","Member of the Assembly","54",1,"Manually Counted Emergency",0
"AD","ED","County","EDAD Status","Event","Party/Independent Body","Office/Position Title","District Key","VoteFor","Unit Name","Tally","54","011","Kings","IN-PLAY","Primary Election - 06/28/2022","Democratic","Member of the Assembly","54",1,"Absentee / Military",4
"AD","ED","County","EDAD Status","Event","Party/Independent Body","Office/Position Title","District Key","VoteFor","Unit Name","Tally","54","011","Kings","IN-PLAY","Primary Election - 06/28/2022","Democratic","Member of the Assembly","54",1,"Affidavit",2
"AD","ED","County","EDAD Status","Event","Party/Independent Body","Office/Position Title","District Key","VoteFor","Unit Name","Tally","54","011","Kings","IN-PLAY","Primary Election - 06/28/2022","Democratic","Member of the Assembly","54",1,"Erik Martin Dilan",46
"AD","ED","County","EDAD Status","Event","Party/Independent Body","Office/Position Title","District Key","VoteFor","Unit Name","Tally","54","011","Kings","IN-PLAY","Primary Election - 06/28/2022","Democratic","Member of the Assembly","54",1,"Samy Nemir Olivares",14
"AD","ED","County","EDAD Status","Event","Party/Independent Body","Office/Position Title","District Key","VoteFor","Unit Name","Tally","54","012","Kings","IN-PLAY","Primary Election - 06/28/2022","Democratic","Member of the Assembly","54",1,"Public Counter",59
"AD","ED","County","EDAD Status","Event","Party/Independent Body","Office/Position Title","District Key","VoteFor","Unit Name","Tally","54","012","Kings","IN-PLAY","Primary Election - 06/28/2022","Democratic","Member of the Assembly","54",1,"Manually Counted Emergency",0
"AD","ED","County","EDAD Status","Event","Party/Independent Body","Office/Position Title","District Key","VoteFor","Unit Name","Tally","54","012","Kings","IN-PLAY","Primary Election - 06/28/2022","Democratic","Member of the Assembly","54",1,"Absentee / Military",1
"AD","ED","County","EDAD Status","Event","Party/Independent Body","Office/Position Title","District Key","VoteFor","Unit Name","Tally","54","012","Kings","IN-PLAY","Primary Election - 06/28/2022","Democratic","Member of the Assembly","54",1,"Affidavit",1
"AD","ED","County","EDAD Status","Event","Party/Independent Body","Office/Position Title","District Key","VoteFor","Unit Name","Tally","54","012","Kings","IN-PLAY","Primary Election - 06/28/2022","Democratic","Member of the Assembly","54",1,"Erik Martin Dilan",38
"AD","ED","County","EDAD Status","Event","Party/Independent Body","Office/Position Title","District Key","VoteFor","Unit Name","Tally","54","012","Kings","IN-PLAY","Primary Election - 06/28/2022","Democratic","Member of the Assembly","54",1,"Samy Nemir Olivares",23
"AD","ED","County","EDAD Status","Event","Party/Independent Body","Office/Position Title","District Key","VoteFor","Unit Name","Tally","54","013","Kings","IN-PLAY","Primary Election - 06/28/2022","Democratic","Member of the Assembly","54",1,"Public Counter",75
"AD","ED","County","EDAD Status","Event","Party/Independent Body","Office/Position Title","District Key","VoteFor","Unit Name","Tally","54","013","Kings","IN-PLAY","Primary Election - 06/28/2022","Democratic","Member of the Assembly","54",1,"Manually Counted Emergency",0
"AD","ED","County","EDAD Status","Event","Party/Independent Body","Office/Position Title","District Key","VoteFor","Unit Name","Tally","54","013","Kings","IN-PLAY","Primary Election - 06/28/2022","Democratic","Member of the Assembly","54",1,"Absentee / Military",1
"AD","ED","County","EDAD Status","Event","Party/Independent Body","Office/Position Title","District Key","VoteFor","Unit Name","Tally","54","013","Kings","IN-PLAY","Primary Election - 06/28/2022","Democratic","Member of the Assembly","54",1,"Affidavit",0
"AD","ED","County","EDAD Status","Event","Party/Independent Body","Office/Position Title","District Key","VoteFor","Unit Name","Tally","54","013","Kings","IN-PLAY","Primary Election - 06/28/2022","Democratic","Member of the Assembly","54",1,"Erik Martin Dilan",50
"AD","ED","County","EDAD Status","Event","Party/Independent Body","Office/Position Title","District Key","VoteFor","Unit Name","Tally","54","013","Kings","IN-PLAY","Primary Election - 06/28/2022","Democratic","Member of the Assembly","54",1,"Samy Nemir Olivares",24
"AD","ED","County","EDAD Status","Event","Party/Independent Body","Office/Position Title","District Key","VoteFor","Unit Name","Tally","54","014","Kings","IN-PLAY","Primary Election - 06/28/2022","Democratic","Member of the Assembly","54",1,"Public Counter",71
"AD","ED","County","EDAD Status","Event","Party/Independent Body","Office/Position Title","District Key","VoteFor","Unit Name","Tally","54","014","Kings","IN-PLAY","Primary Election - 06/28/2022","Democratic","Member of the Assembly","54",1,"Manually Counted Emergency",0
"AD","ED","County","EDAD Status","Event","Party/Independent Body","Office/Position Title","District Key","VoteFor","Unit Name","Tally","54","014","Kings","IN-PLAY","Primary Election - 06/28/2022","Democratic","Member of the Assembly","54",1,"Absentee / Military",2
"AD","ED","County","EDAD Status","Event","Party/Independent Body","Office/Position Title","District Key","VoteFor","Unit Name","Tally","54","014","Kings","IN-PLAY","Primary Election - 06/28/2022","Democratic","Member of the Assembly","54",1,"Affidavit",1
"AD","ED","County","EDAD Status","Event","Party/Independent Body","Office/Position Title","District Key","VoteFor","Unit Name","Tally","54","014","Kings","IN-PLAY","Primary Election - 06/28/2022","Democratic","Member of the Assembly","54",1,"Erik Martin Dilan",44
"AD","ED","County","EDAD Status","Event","Party/Independent Body","Office/Position Title","District Key","VoteFor","Unit Name","Tally","54","014","Kings","IN-PLAY","Primary Election - 06/28/2022","Democratic","Member of the Assembly","54",1,"Samy Nemir Olivares",29
"AD","ED","County","EDAD Status","Event","Party/Independent Body","Office/Position Title","District Key","VoteFor","Unit Name","Tally","54","015","Kings","IN-PLAY","Primary Election - 06/28/2022","Democratic","Member of the Assembly","54",1,"Public Counter",83
"AD","ED","County","EDAD Status","Event","Party/Independent Body","Office/Position Title","District Key","VoteFor","Unit Name","Tally","54","015","Kings","IN-PLAY","Primary Election - 06/28/2022","Democratic","Member of the Assembly","54",1,"Manually Counted Emergency",0
"AD","ED","County","EDAD Status","Event","Party/Independent Body","Office/Position Title","District Key","VoteFor","Unit Name","Tally","54","015","Kings","IN-PLAY","Primary Election - 06/28/2022","Democratic","Member of the Assembly","54",1,"Absentee / Military",2
"AD","ED","County","EDAD Status","Event","Party/Independent Body","Office/Position Title","District Key","VoteFor","Unit Name","Tally","54","015","Kings","IN-PLAY","Primary Election - 06/28/2022","Democratic","Member of the Assembly","54",1,"Affidavit",0
"AD","ED","County","EDAD Status","Event","Party/Independent Body","Office/Position Title","District Key","VoteFor","Unit Name","Tally","54","015","Kings","IN-PLAY","Primary Election - 06/28/2022","Democratic","Member of the Assembly","54",1,"Erik Martin Dilan",49
"AD","ED","County","EDAD Status","Event","Party/Independent Body","Office/Position Title","District Key","VoteFor","Unit Name","Tally","54","015","Kings","IN-PLAY","Primary Election - 06/28/2022","Democratic","Member of the Assembly","54",1,"Samy Nemir Olivares",33
"AD","ED","County","EDAD Status","Event","Party/Independent Body","Office/Position Title","District Key","VoteFor","Unit Name","Tally","54","016","Kings","IN-PLAY","Primary Election - 06/28/2022","Democratic","Member of the Assembly","54",1,"Public Counter",3
"AD","ED","County","EDAD Status","Event","Party/Independent Body","Office/Position Title","District Key","VoteFor","Unit Name","Tally","54","016","Kings","IN-PLAY","Primary Election - 06/28/2022","Democratic","Member of the Assembly","54",1,"Manually Counted Emergency",0
"AD","ED","County","EDAD Status","Event","Party/Independent Body","Office/Position Title","District Key","VoteFor","Unit Name","Tally","54","016","Kings","IN-PLAY","Primary Election - 06/28/2022","Democratic","Member of the Assembly","54",1,"Absentee / Military",0
"AD","ED","County","EDAD Status","Event","Party/Independent Body","Office/Position Title","District Key","VoteFor","Unit Name","Tally","54","016","Kings","IN-PLAY","Primary Election - 06/28/2022","Democratic","Member of the Assembly","54",1,"Affidavit",0
"AD","ED","County","EDAD Status","Event","Party/Independent Body","Office/Position Title","District Key","VoteFor","Unit Name","Tally","54","016","Kings","IN-PLAY","Primary Election - 06/28/2022","Democratic","Member of the Assembly","54",1,"Erik Martin Dilan",2
"AD","ED","County","EDAD Status","Event","Party/Independent Body","Office/Position Title","District Key","VoteFor","Unit Name","Tally","54","016","Kings","IN-PLAY","Primary Election - 06/28/2022","Democratic","Member of the Assembly","54",1,"Samy Nemir Olivares",1
"AD","ED","County","EDAD Status","Event","Party/Independent Body","Office/Position Title","District Key","VoteFor","Unit Name","Tally","54","017","Kings","IN-PLAY","Primary Election - 06/28/2022","Democratic","Member of the Assembly","54",1,"Public Counter",56
"AD","ED","County","EDAD Status","Event","Party/Independent Body","Office/Position Title","District Key","VoteFor","Unit Name","Tally","54","017","Kings","IN-PLAY","Primary Election - 06/28/2022","Democratic","Member of the Assembly","54",1,"Manually Counted Emergency",0
"AD","ED","County","EDAD Status","Event","Party/Independent Body","Office/Position Title","District Key","VoteFor","Unit Name","Tally","54","017","Kings","IN-PLAY","Primary Election - 06/28/2022","Democratic","Member of the Assembly","54",1,"Absentee / Military",0
"AD","ED","County","EDAD Status","Event","Party/Independent Body","Office/Position Title","District Key","VoteFor","Unit Name","Tally","54","017","Kings","IN-PLAY","Primary Election - 06/28/2022","Democratic","Member of the Assembly","54",1,"Affidavit",0
"AD","ED","County","EDAD Status","Event","Party/Independent Body","Office/Position Title","District Key","VoteFor","Unit Name","Tally","54","017","Kings","IN-PLAY","Primary Election - 06/28/2022","Democratic","Member of the Assembly","54",1,"Erik Martin Dilan",27
"AD","ED","County","EDAD Status","Event","Party/Independent Body","Office/Position Title","District Key","VoteFor","Unit Name","Tally","54","017","Kings","IN-PLAY","Primary Election - 06/28/2022","Democratic","Member of the Assembly","54",1,"Samy Nemir Olivares",25
"AD","ED","County","EDAD Status","Event","Party/Independent Body","Office/Position Title","District Key","VoteFor","Unit Name","Tally","54","018","Kings","IN-PLAY","Primary Election - 06/28/2022","Democratic","Member of the Assembly","54",1,"Public Counter",128
"AD","ED","County","EDAD Status","Event","Party/Independent Body","Office/Position Title","District Key","VoteFor","Unit Name","Tally","54","018","Kings","IN-PLAY","Primary Election - 06/28/2022","Democratic","Member of the Assembly","54",1,"Manually Counted Emergency",0
"AD","ED","County","EDAD Status","Event","Party/Independent Body","Office/Position Title","District Key","VoteFor","Unit Name","Tally","54","018","Kings","IN-PLAY","Primary Election - 06/28/2022","Democratic","Member of the Assembly","54",1,"Absentee / Military",5
"AD","ED","County","EDAD Status","Event","Party/Independent Body","Office/Position Title","District Key","VoteFor","Unit Name","Tally","54","018","Kings","IN-PLAY","Primary Election - 06/28/2022","Democratic","Member of the Assembly","54",1,"Affidavit",1
"AD","ED","County","EDAD Status","Event","Party/Independent Body","Office/Position Title","District Key","VoteFor","Unit Name","Tally","54","018","Kings","IN-PLAY","Primary Election - 06/28/2022","Democratic","Member of the Assembly","54",1,"Erik Martin Dilan",80
"AD","ED","County","EDAD Status","Event","Party/Independent Body","Office/Position Title","District Key","VoteFor","Unit Name","Tally","54","018","Kings","IN-PLAY","Primary Election - 06/28/2022","Democratic","Member of the Assembly","54",1,"Samy Nemir Olivares",52
"AD","ED","County","EDAD Status","Event","Party/Independent Body","Office/Position Title","District Key","VoteFor","Unit Name","Tally","54","019","Kings","IN-PLAY","Primary Election - 06/28/2022","Democratic","Member of the Assembly","54",1,"Public Counter",101
"AD","ED","County","EDAD Status","Event","Party/Independent Body","Office/Position Title","District Key","VoteFor","Unit Name","Tally","54","019","Kings","IN-PLAY","Primary Election - 06/28/2022","Democratic","Member of the Assembly","54",1,"Manually Counted Emergency",0
"AD","ED","County","EDAD Status","Event","Party/Independent Body","Office/Position Title","District Key","VoteFor","Unit Name","Tally","54","019","Kings","IN-PLAY","Primary Election - 06/28/2022","Democratic","Member of the Assembly","54",1,"Absentee / Military",4
"AD","ED","County","EDAD Status","Event","Party/Independent Body","Office/Position Title","District Key","VoteFor","Unit Name","Tally","54","019","Kings","IN-PLAY","Primary Election - 06/28/2022","Democratic","Member of the Assembly","54",1,"Affidavit",0
"AD","ED","County","EDAD Status","Event","Party/Independent Body","Office/Position Title","District Key","VoteFor","Unit Name","Tally","54","019","Kings","IN-PLAY","Primary Election - 06/28/2022","Democratic","Member of the Assembly","54",1,"Erik Martin Dilan",58
"AD","ED","County","EDAD Status","Event","Party/Independent Body","Office/Position Title","District Key","VoteFor","Unit Name","Tally","54","019","Kings","IN-PLAY","Primary Election - 06/28/2022","Democratic","Member of the Assembly","54",1,"Samy Nemir Olivares",44
"AD","ED","County","EDAD Status","Event","Party/Independent Body","Office/Position Title","District Key","VoteFor","Unit Name","Tally","54","019","Kings","IN-PLAY","Primary Election - 06/28/2022","Democratic","Member of the Assembly","54",1,"Scattered",1
"AD","ED","County","EDAD Status","Event","Party/Independent Body","Office/Position Title","District Key","VoteFor","Unit Name","Tally","54","020","Kings","IN-PLAY","Primary Election - 06/28/2022","Democratic","Member of the Assembly","54",1,"Public Counter",45
"AD","ED","County","EDAD Status","Event","Party/Independent Body","Office/Position Title","District Key","VoteFor","Unit Name","Tally","54","020","Kings","IN-PLAY","Primary Election - 06/28/2022","Democratic","Member of the Assembly","54",1,"Manually Counted Emergency",0
"AD","ED","County","EDAD Status","Event","Party/Independent Body","Office/Position Title","District Key","VoteFor","Unit Name","Tally","54","020","Kings","IN-PLAY","Primary Election - 06/28/2022","Democratic","Member of the Assembly","54",1,"Absentee / Military",0
"AD","ED","County","EDAD Status","Event","Party/Independent Body","Office/Position Title","District Key","VoteFor","Unit Name","Tally","54","020","Kings","IN-PLAY","Primary Election - 06/28/2022","Democratic","Member of the Assembly","54",1,"Affidavit",1
"AD","ED","County","EDAD Status","Event","Party/Independent Body","Office/Position Title","District Key","VoteFor","Unit Name","Tally","54","020","Kings","IN-PLAY","Primary Election - 06/28/2022","Democratic","Member of the Assembly","54",1,"Erik Martin Dilan",20
"AD","ED","County","EDAD Status","Event","Party/Independent Body","Office/Position Title","District Key","VoteFor","Unit Name","Tally","54","020","Kings","IN-PLAY","Primary Election - 06/28/2022","Democratic","Member of the Assembly","54",1,"Samy Nemir Olivares",23
"AD","ED","County","EDAD Status","Event","Party/Independent Body","Office/Position Title","District Key","VoteFor","Unit Name","Tally","54","021","Kings","IN-PLAY","Primary Election - 06/28/2022","Democratic","Member of the Assembly","54",1,"Public Counter",30
"AD","ED","County","EDAD Status","Event","Party/Independent Body","Office/Position Title","District Key","VoteFor","Unit Name","Tally","54","021","Kings","IN-PLAY","Primary Election - 06/28/2022","Democratic","Member of the Assembly","54",1,"Manually Counted Emergency",0
"AD","ED","County","EDAD Status","Event","Party/Independent Body","Office/Position Title","District Key","VoteFor","Unit Name","Tally","54","021","Kings","IN-PLAY","Primary Election - 06/28/2022","Democratic","Member of the Assembly","54",1,"Absentee / Military",0
"AD","ED","County","EDAD Status","Event","Party/Independent Body","Office/Position Title","District Key","VoteFor","Unit Name","Tally","54","021","Kings","IN-PLAY","Primary Election - 06/28/2022","Democratic","Member of the Assembly","54",1,"Affidavit",0
"AD","ED","County","EDAD Status","Event","Party/Independent Body","Office/Position Title","District Key","VoteFor","Unit Name","Tally","54","021","Kings","IN-PLAY","Primary Election - 06/28/2022","Democratic","Member of the Assembly","54",1,"Erik Martin Dilan",19
"AD","ED","County","EDAD Status","Event","Party/Independent Body","Office/Position Title","District Key","VoteFor","Unit Name","Tally","54","021","Kings","IN-PLAY","Primary Election - 06/28/2022","Democratic","Member of the Assembly","54",1,"Samy Nemir Olivares",10
"AD","ED","County","EDAD Status","Event","Party/Independent Body","Office/Position Title","District Key","VoteFor","Unit Name","Tally","54","022","Kings","IN-PLAY","Primary Election - 06/28/2022","Democratic","Member of the Assembly","54",1,"Public Counter",63
"AD","ED","County","EDAD Status","Event","Party/Independent Body","Office/Position Title","District Key","VoteFor","Unit Name","Tally","54","022","Kings","IN-PLAY","Primary Election - 06/28/2022","Democratic","Member of the Assembly","54",1,"Manually Counted Emergency",0
"AD","ED","County","EDAD Status","Event","Party/Independent Body","Office/Position Title","District Key","VoteFor","Unit Name","Tally","54","022","Kings","IN-PLAY","Primary Election - 06/28/2022","Democratic","Member of the Assembly","54",1,"Absentee / Military",1
"AD","ED","County","EDAD Status","Event","Party/Independent Body","Office/Position Title","District Key","VoteFor","Unit Name","Tally","54","022","Kings","IN-PLAY","Primary Election - 06/28/2022","Democratic","Member of the Assembly","54",1,"Affidavit",2
"AD","ED","County","EDAD Status","Event","Party/Independent Body","Office/Position Title","District Key","VoteFor","Unit Name","Tally","54","022","Kings","IN-PLAY","Primary Election - 06/28/2022","Democratic","Member of the Assembly","54",1,"Erik Martin Dilan",44
"AD","ED","County","EDAD Status","Event","Party/Independent Body","Office/Position Title","District Key","VoteFor","Unit Name","Tally","54","022","Kings","IN-PLAY","Primary Election - 06/28/2022","Democratic","Member of the Assembly","54",1,"Samy Nemir Olivares",17
"AD","ED","County","EDAD Status","Event","Party/Independent Body","Office/Position Title","District Key","VoteFor","Unit Name","Tally","54","023","Kings","IN-PLAY","Primary Election - 06/28/2022","Democratic","Member of the Assembly","54",1,"Public Counter",49
"AD","ED","County","EDAD Status","Event","Party/Independent Body","Office/Position Title","District Key","VoteFor","Unit Name","Tally","54","023","Kings","IN-PLAY","Primary Election - 06/28/2022","Democratic","Member of the Assembly","54",1,"Manually Counted Emergency",0
"AD","ED","County","EDAD Status","Event","Party/Independent Body","Office/Position Title","District Key","VoteFor","Unit Name","Tally","54","023","Kings","IN-PLAY","Primary Election - 06/28/2022","Democratic","Member of the Assembly","54",1,"Absentee / Military",5
"AD","ED","County","EDAD Status","Event","Party/Independent Body","Office/Position Title","District Key","VoteFor","Unit Name","Tally","54","023","Kings","IN-PLAY","Primary Election - 06/28/2022","Democratic","Member of the Assembly","54",1,"Affidavit",0
"AD","ED","County","EDAD Status","Event","Party/Independent Body","Office/Position Title","District Key","VoteFor","Unit Name","Tally","54","023","Kings","IN-PLAY","Primary Election - 06/28/2022","Democratic","Member of the Assembly","54",1,"Erik Martin Dilan",38
"AD","ED","County","EDAD Status","Event","Party/Independent Body","Office/Position Title","District Key","VoteFor","Unit Name","Tally","54","023","Kings","IN-PLAY","Primary Election - 06/28/2022","Democratic","Member of the Assembly","54",1,"Samy Nemir Olivares",15
"AD","ED","County","EDAD Status","Event","Party/Independent Body","Office/Position Title","District Key","VoteFor","Unit Name","Tally","54","024","Kings","IN-PLAY","Primary Election - 06/28/2022","Democratic","Member of the Assembly","54",1,"Public Counter",49
"AD","ED","County","EDAD Status","Event","Party/Independent Body","Office/Position Title","District Key","VoteFor","Unit Name","Tally","54","024","Kings","IN-PLAY","Primary Election - 06/28/2022","Democratic","Member of the Assembly","54",1,"Manually Counted Emergency",0
"AD","ED","County","EDAD Status","Event","Party/Independent Body","Office/Position Title","District Key","VoteFor","Unit Name","Tally","54","024","Kings","IN-PLAY","Primary Election - 06/28/2022","Democratic","Member of the Assembly","54",1,"Absentee / Military",0
"AD","ED","County","EDAD Status","Event","Party/Independent Body","Office/Position Title","District Key","VoteFor","Unit Name","Tally","54","024","Kings","IN-PLAY","Primary Election - 06/28/2022","Democratic","Member of the Assembly","54",1,"Affidavit",0
"AD","ED","County","EDAD Status","Event","Party/Independent Body","Office/Position Title","District Key","VoteFor","Unit Name","Tally","54","024","Kings","IN-PLAY","Primary Election - 06/28/2022","Democratic","Member of the Assembly","54",1,"Erik Martin Dilan",28
"AD","ED","County","EDAD Status","Event","Party/Independent Body","Office/Position Title","District Key","VoteFor","Unit Name","Tally","54","024","Kings","IN-PLAY","Primary Election - 06/28/2022","Democratic","Member of the Assembly","54",1,"Samy Nemir Olivares",18
"AD","ED","County","EDAD Status","Event","Party/Independent Body","Office/Position Title","District Key","VoteFor","Unit Name","Tally","54","025","Kings","IN-PLAY","Primary Election - 06/28/2022","Democratic","Member of the Assembly","54",1,"Public Counter",33
"AD","ED","County","EDAD Status","Event","Party/Independent Body","Office/Position Title","District Key","VoteFor","Unit Name","Tally","54","025","Kings","IN-PLAY","Primary Election - 06/28/2022","Democratic","Member of the Assembly","54",1,"Manually Counted Emergency",0
"AD","ED","County","EDAD Status","Event","Party/Independent Body","Office/Position Title","District Key","VoteFor","Unit Name","Tally","54","025","Kings","IN-PLAY","Primary Election - 06/28/2022","Democratic","Member of the Assembly","54",1,"Absentee / Military",2
"AD","ED","County","EDAD Status","Event","Party/Independent Body","Office/Position Title","District Key","VoteFor","Unit Name","Tally","54","025","Kings","IN-PLAY","Primary Election - 06/28/2022","Democratic","Member of the Assembly","54",1,"Affidavit",1
"AD","ED","County","EDAD Status","Event","Party/Independent Body","Office/Position Title","District Key","VoteFor","Unit Name","Tally","54","025","Kings","IN-PLAY","Primary Election - 06/28/2022","Democratic","Member of the Assembly","54",1,"Erik Martin Dilan",28
"AD","ED","County","EDAD Status","Event","Party/Independent Body","Office/Position Title","District Key","VoteFor","Unit Name","Tally","54","025","Kings","IN-PLAY","Primary Election - 06/28/2022","Democratic","Member of the Assembly","54",1,"Samy Nemir Olivares",6
"AD","ED","County","EDAD Status","Event","Party/Independent Body","Office/Position Title","District Key","VoteFor","Unit Name","Tally","54","026","Kings","IN-PLAY","Primary Election - 06/28/2022","Democratic","Member of the Assembly","54",1,"Public Counter",51
"AD","ED","County","EDAD Status","Event","Party/Independent Body","Office/Position Title","District Key","VoteFor","Unit Name","Tally","54","026","Kings","IN-PLAY","Primary Election - 06/28/2022","Democratic","Member of the Assembly","54",1,"Manually Counted Emergency",0
"AD","ED","County","EDAD Status","Event","Party/Independent Body","Office/Position Title","District Key","VoteFor","Unit Name","Tally","54","026","Kings","IN-PLAY","Primary Election - 06/28/2022","Democratic","Member of the Assembly","54",1,"Absentee / Military",0
"AD","ED","County","EDAD Status","Event","Party/Independent Body","Office/Position Title","District Key","VoteFor","Unit Name","Tally","54","026","Kings","IN-PLAY","Primary Election - 06/28/2022","Democratic","Member of the Assembly","54",1,"Affidavit",1
"AD","ED","County","EDAD Status","Event","Party/Independent Body","Office/Position Title","District Key","VoteFor","Unit Name","Tally","54","026","Kings","IN-PLAY","Primary Election - 06/28/2022","Democratic","Member of the Assembly","54",1,"Erik Martin Dilan",34
"AD","ED","County","EDAD Status","Event","Party/Independent Body","Office/Position Title","District Key","VoteFor","Unit Name","Tally","54","026","Kings","IN-PLAY","Primary Election - 06/28/2022","Democratic","Member of the Assembly","54",1,"Samy Nemir Olivares",17
"AD","ED","County","EDAD Status","Event","Party/Independent Body","Office/Position Title","District Key","VoteFor","Unit Name","Tally","54","027","Kings","IN-PLAY","Primary Election - 06/28/2022","Democratic","Member of the Assembly","54",1,"Public Counter",60
"AD","ED","County","EDAD Status","Event","Party/Independent Body","Office/Position Title","District Key","VoteFor","Unit Name","Tally","54","027","Kings","IN-PLAY","Primary Election - 06/28/2022","Democratic","Member of the Assembly","54",1,"Manually Counted Emergency",0
"AD","ED","County","EDAD Status","Event","Party/Independent Body","Office/Position Title","District Key","VoteFor","Unit Name","Tally","54","027","Kings","IN-PLAY","Primary Election - 06/28/2022","Democratic","Member of the Assembly","54",1,"Absentee / Military",3
"AD","ED","County","EDAD Status","Event","Party/Independent Body","Office/Position Title","District Key","VoteFor","Unit Name","Tally","54","027","Kings","IN-PLAY","Primary Election - 06/28/2022","Democratic","Member of the Assembly","54",1,"Affidavit",0
"AD","ED","County","EDAD Status","Event","Party/Independent Body","Office/Position Title","District Key","VoteFor","Unit Name","Tally","54","027","Kings","IN-PLAY","Primary Election - 06/28/2022","Democratic","Member of the Assembly","54",1,"Erik Martin Dilan",39
"AD","ED","County","EDAD Status","Event","Party/Independent Body","Office/Position Title","District Key","VoteFor","Unit Name","Tally","54","027","Kings","IN-PLAY","Primary Election - 06/28/2022","Democratic","Member of the Assembly","54",1,"Samy Nemir Olivares",23
"AD","ED","County","EDAD Status","Event","Party/Independent Body","Office/Position Title","District Key","VoteFor","Unit Name","Tally","54","028","Kings","IN-PLAY","Primary Election - 06/28/2022","Democratic","Member of the Assembly","54",1,"Public Counter",58
"AD","ED","County","EDAD Status","Event","Party/Independent Body","Office/Position Title","District Key","VoteFor","Unit Name","Tally","54","028","Kings","IN-PLAY","Primary Election - 06/28/2022","Democratic","Member of the Assembly","54",1,"Manually Counted Emergency",0
"AD","ED","County","EDAD Status","Event","Party/Independent Body","Office/Position Title","District Key","VoteFor","Unit Name","Tally","54","028","Kings","IN-PLAY","Primary Election - 06/28/2022","Democratic","Member of the Assembly","54",1,"Absentee / Military",2
"AD","ED","County","EDAD Status","Event","Party/Independent Body","Office/Position Title","District Key","VoteFor","Unit Name","Tally","54","028","Kings","IN-PLAY","Primary Election - 06/28/2022","Democratic","Member of the Assembly","54",1,"Affidavit",1
"AD","ED","County","EDAD Status","Event","Party/Independent Body","Office/Position Title","District Key","VoteFor","Unit Name","Tally","54","028","Kings","IN-PLAY","Primary Election - 06/28/2022","Democratic","Member of the Assembly","54",1,"Erik Martin Dilan",37
"AD","ED","County","EDAD Status","Event","Party/Independent Body","Office/Position Title","District Key","VoteFor","Unit Name","Tally","54","028","Kings","IN-PLAY","Primary Election - 06/28/2022","Democratic","Member of the Assembly","54",1,"Samy Nemir Olivares",21
"AD","ED","County","EDAD Status","Event","Party/Independent Body","Office/Position Title","District Key","VoteFor","Unit Name","Tally","54","029","Kings","IN-PLAY","Primary Election - 06/28/2022","Democratic","Member of the Assembly","54",1,"Public Counter",81
"AD","ED","County","EDAD Status","Event","Party/Independent Body","Office/Position Title","District Key","VoteFor","Unit Name","Tally","54","029","Kings","IN-PLAY","Primary Election - 06/28/2022","Democratic","Member of the Assembly","54",1,"Manually Counted Emergency",0
"AD","ED","County","EDAD Status","Event","Party/Independent Body","Office/Position Title","District Key","VoteFor","Unit Name","Tally","54","029","Kings","IN-PLAY","Primary Election - 06/28/2022","Democratic","Member of the Assembly","54",1,"Absentee / Military",3
"AD","ED","County","EDAD Status","Event","Party/Independent Body","Office/Position Title","District Key","VoteFor","Unit Name","Tally","54","029","Kings","IN-PLAY","Primary Election - 06/28/2022","Democratic","Member of the Assembly","54",1,"Affidavit",0
"AD","ED","County","EDAD Status","Event","Party/Independent Body","Office/Position Title","District Key","VoteFor","Unit Name","Tally","54","029","Kings","IN-PLAY","Primary Election - 06/28/2022","Democratic","Member of the Assembly","54",1,"Erik Martin Dilan",54
"AD","ED","County","EDAD Status","Event","Party/Independent Body","Office/Position Title","District Key","VoteFor","Unit Name","Tally","54","029","Kings","IN-PLAY","Primary Election - 06/28/2022","Democratic","Member of the Assembly","54",1,"Samy Nemir Olivares",23
"AD","ED","County","EDAD Status","Event","Party/Independent Body","Office/Position Title","District Key","VoteFor","Unit Name","Tally","54","029","Kings","IN-PLAY","Primary Election - 06/28/2022","Democratic","Member of the Assembly","54",1,"Scattered",1
"AD","ED","County","EDAD Status","Event","Party/Independent Body","Office/Position Title","District Key","VoteFor","Unit Name","Tally","54","030","Kings","IN-PLAY","Primary Election - 06/28/2022","Democratic","Member of the Assembly","54",1,"Public Counter",49
"AD","ED","County","EDAD Status","Event","Party/Independent Body","Office/Position Title","District Key","VoteFor","Unit Name","Tally","54","030","Kings","IN-PLAY","Primary Election - 06/28/2022","Democratic","Member of the Assembly","54",1,"Manually Counted Emergency",0
"AD","ED","County","EDAD Status","Event","Party/Independent Body","Office/Position Title","District Key","VoteFor","Unit Name","Tally","54","030","Kings","IN-PLAY","Primary Election - 06/28/2022","Democratic","Member of the Assembly","54",1,"Absentee / Military",0
"AD","ED","County","EDAD Status","Event","Party/Independent Body","Office/Position Title","District Key","VoteFor","Unit Name","Tally","54","030","Kings","IN-PLAY","Primary Election - 06/28/2022","Democratic","Member of the Assembly","54",1,"Affidavit",1
"AD","ED","County","EDAD Status","Event","Party/Independent Body","Office/Position Title","District Key","VoteFor","Unit Name","Tally","54","030","Kings","IN-PLAY","Primary Election - 06/28/2022","Democratic","Member of the Assembly","54",1,"Erik Martin Dilan",40
"AD","ED","County","EDAD Status","Event","Party/Independent Body","Office/Position Title","District Key","VoteFor","Unit Name","Tally","54","030","Kings","IN-PLAY","Primary Election - 06/28/2022","Democratic","Member of the Assembly","54",1,"Samy Nemir Olivares",10
"AD","ED","County","EDAD Status","Event","Party/Independent Body","Office/Position Title","District Key","VoteFor","Unit Name","Tally","54","031","Kings","IN-PLAY","Primary Election - 06/28/2022","Democratic","Member of the Assembly","54",1,"Public Counter",82
"AD","ED","County","EDAD Status","Event","Party/Independent Body","Office/Position Title","District Key","VoteFor","Unit Name","Tally","54","031","Kings","IN-PLAY","Primary Election - 06/28/2022","Democratic","Member of the Assembly","54",1,"Manually Counted Emergency",0
"AD","ED","County","EDAD Status","Event","Party/Independent Body","Office/Position Title","District Key","VoteFor","Unit Name","Tally","54","031","Kings","IN-PLAY","Primary Election - 06/28/2022","Democratic","Member of the Assembly","54",1,"Absentee / Military",1
"AD","ED","County","EDAD Status","Event","Party/Independent Body","Office/Position Title","District Key","VoteFor","Unit Name","Tally","54","031","Kings","IN-PLAY","Primary Election - 06/28/2022","Democratic","Member of the Assembly","54",1,"Affidavit",0
"AD","ED","County","EDAD Status","Event","Party/Independent Body","Office/Position Title","District Key","VoteFor","Unit Name","Tally","54","031","Kings","IN-PLAY","Primary Election - 06/28/2022","Democratic","Member of the Assembly","54",1,"Erik Martin Dilan",54
"AD","ED","County","EDAD Status","Event","Party/Independent Body","Office/Position Title","District Key","VoteFor","Unit Name","Tally","54","031","Kings","IN-PLAY","Primary Election - 06/28/2022","Democratic","Member of the Assembly","54",1,"Samy Nemir Olivares",22
"AD","ED","County","EDAD Status","Event","Party/Independent Body","Office/Position Title","District Key","VoteFor","Unit Name","Tally","54","032","Kings","IN-PLAY","Primary Election - 06/28/2022","Democratic","Member of the Assembly","54",1,"Public Counter",68
"AD","ED","County","EDAD Status","Event","Party/Independent Body","Office/Position Title","District Key","VoteFor","Unit Name","Tally","54","032","Kings","IN-PLAY","Primary Election - 06/28/2022","Democratic","Member of the Assembly","54",1,"Manually Counted Emergency",0
"AD","ED","County","EDAD Status","Event","Party/Independent Body","Office/Position Title","District Key","VoteFor","Unit Name","Tally","54","032","Kings","IN-PLAY","Primary Election - 06/28/2022","Democratic","Member of the Assembly","54",1,"Absentee / Military",3
"AD","ED","County","EDAD Status","Event","Party/Independent Body","Office/Position Title","District Key","VoteFor","Unit Name","Tally","54","032","Kings","IN-PLAY","Primary Election - 06/28/2022","Democratic","Member of the Assembly","54",1,"Affidavit",0
"AD","ED","County","EDAD Status","Event","Party/Independent Body","Office/Position Title","District Key","VoteFor","Unit Name","Tally","54","032","Kings","IN-PLAY","Primary Election - 06/28/2022","Democratic","Member of the Assembly","54",1,"Erik Martin Dilan",50
"AD","ED","County","EDAD Status","Event","Party/Independent Body","Office/Position Title","District Key","VoteFor","Unit Name","Tally","54","032","Kings","IN-PLAY","Primary Election - 06/28/2022","Democratic","Member of the Assembly","54",1,"Samy Nemir Olivares",21
"AD","ED","County","EDAD Status","Event","Party/Independent Body","Office/Position Title","District Key","VoteFor","Unit Name","Tally","54","033","Kings","IN-PLAY","Primary Election - 06/28/2022","Democratic","Member of the Assembly","54",1,"Public Counter",97
"AD","ED","County","EDAD Status","Event","Party/Independent Body","Office/Position Title","District Key","VoteFor","Unit Name","Tally","54","033","Kings","IN-PLAY","Primary Election - 06/28/2022","Democratic","Member of the Assembly","54",1,"Manually Counted Emergency",0
"AD","ED","County","EDAD Status","Event","Party/Independent Body","Office/Position Title","District Key","VoteFor","Unit Name","Tally","54","033","Kings","IN-PLAY","Primary Election - 06/28/2022","Democratic","Member of the Assembly","54",1,"Absentee / Military",2
"AD","ED","County","EDAD Status","Event","Party/Independent Body","Office/Position Title","District Key","VoteFor","Unit Name","Tally","54","033","Kings","IN-PLAY","Primary Election - 06/28/2022","Democratic","Member of the Assembly","54",1,"Affidavit",0
"AD","ED","County","EDAD Status","Event","Party/Independent Body","Office/Position Title","District Key","VoteFor","Unit Name","Tally","54","033","Kings","IN-PLAY","Primary Election - 06/28/2022","Democratic","Member of the Assembly","54",1,"Erik Martin Dilan",58
"AD","ED","County","EDAD Status","Event","Party/Independent Body","Office/Position Title","District Key","VoteFor","Unit Name","Tally","54","033","Kings","IN-PLAY","Primary Election - 06/28/2022","Democratic","Member of the Assembly","54",1,"Samy Nemir Olivares",36
"AD","ED","County","EDAD Status","Event","Party/Independent Body","Office/Position Title","District Key","VoteFor","Unit Name","Tally","54","034","Kings","IN-PLAY","Primary Election - 06/28/2022","Democratic","Member of the Assembly","54",1,"Public Counter",84
"AD","ED","County","EDAD Status","Event","Party/Independent Body","Office/Position Title","District Key","VoteFor","Unit Name","Tally","54","034","Kings","IN-PLAY","Primary Election - 06/28/2022","Democratic","Member of the Assembly","54",1,"Manually Counted Emergency",0
"AD","ED","County","EDAD Status","Event","Party/Independent Body","Office/Position Title","District Key","VoteFor","Unit Name","Tally","54","034","Kings","IN-PLAY","Primary Election - 06/28/2022","Democratic","Member of the Assembly","54",1,"Absentee / Military",7
"AD","ED","County","EDAD Status","Event","Party/Independent Body","Office/Position Title","District Key","VoteFor","Unit Name","Tally","54","034","Kings","IN-PLAY","Primary Election - 06/28/2022","Democratic","Member of the Assembly","54",1,"Affidavit",0
"AD","ED","County","EDAD Status","Event","Party/Independent Body","Office/Position Title","District Key","VoteFor","Unit Name","Tally","54","034","Kings","IN-PLAY","Primary Election - 06/28/2022","Democratic","Member of the Assembly","54",1,"Erik Martin Dilan",61
"AD","ED","County","EDAD Status","Event","Party/Independent Body","Office/Position Title","District Key","VoteFor","Unit Name","Tally","54","034","Kings","IN-PLAY","Primary Election - 06/28/2022","Democratic","Member of the Assembly","54",1,"Samy Nemir Olivares",30
"AD","ED","County","EDAD Status","Event","Party/Independent Body","Office/Position Title","District Key","VoteFor","Unit Name","Tally","54","035","Kings","IN-PLAY","Primary Election - 06/28/2022","Democratic","Member of the Assembly","54",1,"Public Counter",90
"AD","ED","County","EDAD Status","Event","Party/Independent Body","Office/Position Title","District Key","VoteFor","Unit Name","Tally","54","035","Kings","IN-PLAY","Primary Election - 06/28/2022","Democratic","Member of the Assembly","54",1,"Manually Counted Emergency",0
"AD","ED","County","EDAD Status","Event","Party/Independent Body","Office/Position Title","District Key","VoteFor","Unit Name","Tally","54","035","Kings","IN-PLAY","Primary Election - 06/28/2022","Democratic","Member of the Assembly","54",1,"Absentee / Military",1
"AD","ED","County","EDAD Status","Event","Party/Independent Body","Office/Position Title","District Key","VoteFor","Unit Name","Tally","54","035","Kings","IN-PLAY","Primary Election - 06/28/2022","Democratic","Member of the Assembly","54",1,"Affidavit",0
"AD","ED","County","EDAD Status","Event","Party/Independent Body","Office/Position Title","District Key","VoteFor","Unit Name","Tally","54","035","Kings","IN-PLAY","Primary Election - 06/28/2022","Democratic","Member of the Assembly","54",1,"Erik Martin Dilan",44
"AD","ED","County","EDAD Status","Event","Party/Independent Body","Office/Position Title","District Key","VoteFor","Unit Name","Tally","54","035","Kings","IN-PLAY","Primary Election - 06/28/2022","Democratic","Member of the Assembly","54",1,"Samy Nemir Olivares",39
"AD","ED","County","EDAD Status","Event","Party/Independent Body","Office/Position Title","District Key","VoteFor","Unit Name","Tally","54","036","Kings","IN-PLAY","Primary Election - 06/28/2022","Democratic","Member of the Assembly","54",1,"Public Counter",115
"AD","ED","County","EDAD Status","Event","Party/Independent Body","Office/Position Title","District Key","VoteFor","Unit Name","Tally","54","036","Kings","IN-PLAY","Primary Election - 06/28/2022","Democratic","Member of the Assembly","54",1,"Manually Counted Emergency",0
"AD","ED","County","EDAD Status","Event","Party/Independent Body","Office/Position Title","District Key","VoteFor","Unit Name","Tally","54","036","Kings","IN-PLAY","Primary Election - 06/28/2022","Democratic","Member of the Assembly","54",1,"Absentee / Military",1
"AD","ED","County","EDAD Status","Event","Party/Independent Body","Office/Position Title","District Key","VoteFor","Unit Name","Tally","54","036","Kings","IN-PLAY","Primary Election - 06/28/2022","Democratic","Member of the Assembly","54",1,"Affidavit",0
"AD","ED","County","EDAD Status","Event","Party/Independent Body","Office/Position Title","District Key","VoteFor","Unit Name","Tally","54","036","Kings","IN-PLAY","Primary Election - 06/28/2022","Democratic","Member of the Assembly","54",1,"Erik Martin Dilan",69
"AD","ED","County","EDAD Status","Event","Party/Independent Body","Office/Position Title","District Key","VoteFor","Unit Name","Tally","54","036","Kings","IN-PLAY","Primary Election - 06/28/2022","Democratic","Member of the Assembly","54",1,"Samy Nemir Olivares",45
"AD","ED","County","EDAD Status","Event","Party/Independent Body","Office/Position Title","District Key","VoteFor","Unit Name","Tally","54","037","Kings","IN-PLAY","Primary Election - 06/28/2022","Democratic","Member of the Assembly","54",1,"Public Counter",95
"AD","ED","County","EDAD Status","Event","Party/Independent Body","Office/Position Title","District Key","VoteFor","Unit Name","Tally","54","037","Kings","IN-PLAY","Primary Election - 06/28/2022","Democratic","Member of the Assembly","54",1,"Manually Counted Emergency",0
"AD","ED","County","EDAD Status","Event","Party/Independent Body","Office/Position Title","District Key","VoteFor","Unit Name","Tally","54","037","Kings","IN-PLAY","Primary Election - 06/28/2022","Democratic","Member of the Assembly","54",1,"Absentee / Military",6
"AD","ED","County","EDAD Status","Event","Party/Independent Body","Office/Position Title","District Key","VoteFor","Unit Name","Tally","54","037","Kings","IN-PLAY","Primary Election - 06/28/2022","Democratic","Member of the Assembly","54",1,"Affidavit",2
"AD","ED","County","EDAD Status","Event","Party/Independent Body","Office/Position Title","District Key","VoteFor","Unit Name","Tally","54","037","Kings","IN-PLAY","Primary Election - 06/28/2022","Democratic","Member of the Assembly","54",1,"Erik Martin Dilan",38
"AD","ED","County","EDAD Status","Event","Party/Independent Body","Office/Position Title","District Key","VoteFor","Unit Name","Tally","54","037","Kings","IN-PLAY","Primary Election - 06/28/2022","Democratic","Member of the Assembly","54",1,"Samy Nemir Olivares",62
"AD","ED","County","EDAD Status","Event","Party/Independent Body","Office/Position Title","District Key","VoteFor","Unit Name","Tally","54","037","Kings","IN-PLAY","Primary Election - 06/28/2022","Democratic","Member of the Assembly","54",1,"Scattered",1
"AD","ED","County","EDAD Status","Event","Party/Independent Body","Office/Position Title","District Key","VoteFor","Unit Name","Tally","54","038","Kings","IN-PLAY","Primary Election - 06/28/2022","Democratic","Member of the Assembly","54",1,"Public Counter",182
"AD","ED","County","EDAD Status","Event","Party/Independent Body","Office/Position Title","District Key","VoteFor","Unit Name","Tally","54","038","Kings","IN-PLAY","Primary Election - 06/28/2022","Democratic","Member of the Assembly","54",1,"Manually Counted Emergency",0
"AD","ED","County","EDAD Status","Event","Party/Independent Body","Office/Position Title","District Key","VoteFor","Unit Name","Tally","54","038","Kings","IN-PLAY","Primary Election - 06/28/2022","Democratic","Member of the Assembly","54",1,"Absentee / Military",11
"AD","ED","County","EDAD Status","Event","Party/Independent Body","Office/Position Title","District Key","VoteFor","Unit Name","Tally","54","038","Kings","IN-PLAY","Primary Election - 06/28/2022","Democratic","Member of the Assembly","54",1,"Affidavit",0
"AD","ED","County","EDAD Status","Event","Party/Independent Body","Office/Position Title","District Key","VoteFor","Unit Name","Tally","54","038","Kings","IN-PLAY","Primary Election - 06/28/2022","Democratic","Member of the Assembly","54",1,"Erik Martin Dilan",100
"AD","ED","County","EDAD Status","Event","Party/Independent Body","Office/Position Title","District Key","VoteFor","Unit Name","Tally","54","038","Kings","IN-PLAY","Primary Election - 06/28/2022","Democratic","Member of the Assembly","54",1,"Samy Nemir Olivares",86
"AD","ED","County","EDAD Status","Event","Party/Independent Body","Office/Position Title","District Key","VoteFor","Unit Name","Tally","54","039","Kings","IN-PLAY","Primary Election - 06/28/2022","Democratic","Member of the Assembly","54",1,"Public Counter",155
"AD","ED","County","EDAD Status","Event","Party/Independent Body","Office/Position Title","District Key","VoteFor","Unit Name","Tally","54","039","Kings","IN-PLAY","Primary Election - 06/28/2022","Democratic","Member of the Assembly","54",1,"Manually Counted Emergency",0
"AD","ED","County","EDAD Status","Event","Party/Independent Body","Office/Position Title","District Key","VoteFor","Unit Name","Tally","54","039","Kings","IN-PLAY","Primary Election - 06/28/2022","Democratic","Member of the Assembly","54",1,"Absentee / Military",7
"AD","ED","County","EDAD Status","Event","Party/Independent Body","Office/Position Title","District Key","VoteFor","Unit Name","Tally","54","039","Kings","IN-PLAY","Primary Election - 06/28/2022","Democratic","Member of the Assembly","54",1,"Affidavit",1
"AD","ED","County","EDAD Status","Event","Party/Independent Body","Office/Position Title","District Key","VoteFor","Unit Name","Tally","54","039","Kings","IN-PLAY","Primary Election - 06/28/2022","Democratic","Member of the Assembly","54",1,"Erik Martin Dilan",73
"AD","ED","County","EDAD Status","Event","Party/Independent Body","Office/Position Title","District Key","VoteFor","Unit Name","Tally","54","039","Kings","IN-PLAY","Primary Election - 06/28/2022","Democratic","Member of the Assembly","54",1,"Samy Nemir Olivares",85
"AD","ED","County","EDAD Status","Event","Party/Independent Body","Office/Position Title","District Key","VoteFor","Unit Name","Tally","54","039","Kings","IN-PLAY","Primary Election - 06/28/2022","Democratic","Member of the Assembly","54",1,"Scattered",1
"AD","ED","County","EDAD Status","Event","Party/Independent Body","Office/Position Title","District Key","VoteFor","Unit Name","Tally","54","040","Kings","IN-PLAY","Primary Election - 06/28/2022","Democratic","Member of the Assembly","54",1,"Public Counter",116
"AD","ED","County","EDAD Status","Event","Party/Independent Body","Office/Position Title","District Key","VoteFor","Unit Name","Tally","54","040","Kings","IN-PLAY","Primary Election - 06/28/2022","Democratic","Member of the Assembly","54",1,"Manually Counted Emergency",0
"AD","ED","County","EDAD Status","Event","Party/Independent Body","Office/Position Title","District Key","VoteFor","Unit Name","Tally","54","040","Kings","IN-PLAY","Primary Election - 06/28/2022","Democratic","Member of the Assembly","54",1,"Absentee / Military",4
"AD","ED","County","EDAD Status","Event","Party/Independent Body","Office/Position Title","District Key","VoteFor","Unit Name","Tally","54","040","Kings","IN-PLAY","Primary Election - 06/28/2022","Democratic","Member of the Assembly","54",1,"Affidavit",2
"AD","ED","County","EDAD Status","Event","Party/Independent Body","Office/Position Title","District Key","VoteFor","Unit Name","Tally","54","040","Kings","IN-PLAY","Primary Election - 06/28/2022","Democratic","Member of the Assembly","54",1,"Erik Martin Dilan",40
"AD","ED","County","EDAD Status","Event","Party/Independent Body","Office/Position Title","District Key","VoteFor","Unit Name","Tally","54","040","Kings","IN-PLAY","Primary Election - 06/28/2022","Democratic","Member of the Assembly","54",1,"Samy Nemir Olivares",80
"AD","ED","County","EDAD Status","Event","Party/Independent Body","Office/Position Title","District Key","VoteFor","Unit Name","Tally","54","041","Kings","IN-PLAY","Primary Election - 06/28/2022","Democratic","Member of the Assembly","54",1,"Public Counter",118
"AD","ED","County","EDAD Status","Event","Party/Independent Body","Office/Position Title","District Key","VoteFor","Unit Name","Tally","54","041","Kings","IN-PLAY","Primary Election - 06/28/2022","Democratic","Member of the Assembly","54",1,"Manually Counted Emergency",0
"AD","ED","County","EDAD Status","Event","Party/Independent Body","Office/Position Title","District Key","VoteFor","Unit Name","Tally","54","041","Kings","IN-PLAY","Primary Election - 06/28/2022","Democratic","Member of the Assembly","54",1,"Absentee / Military",1
"AD","ED","County","EDAD Status","Event","Party/Independent Body","Office/Position Title","District Key","VoteFor","Unit Name","Tally","54","041","Kings","IN-PLAY","Primary Election - 06/28/2022","Democratic","Member of the Assembly","54",1,"Affidavit",2
"AD","ED","County","EDAD Status","Event","Party/Independent Body","Office/Position Title","District Key","VoteFor","Unit Name","Tally","54","041","Kings","IN-PLAY","Primary Election - 06/28/2022","Democratic","Member of the Assembly","54",1,"Erik Martin Dilan",39
"AD","ED","County","EDAD Status","Event","Party/Independent Body","Office/Position Title","District Key","VoteFor","Unit Name","Tally","54","041","Kings","IN-PLAY","Primary Election - 06/28/2022","Democratic","Member of the Assembly","54",1,"Samy Nemir Olivares",81
"AD","ED","County","EDAD Status","Event","Party/Independent Body","Office/Position Title","District Key","VoteFor","Unit Name","Tally","54","042","Kings","IN-PLAY","Primary Election - 06/28/2022","Democratic","Member of the Assembly","54",1,"Public Counter",96
"AD","ED","County","EDAD Status","Event","Party/Independent Body","Office/Position Title","District Key","VoteFor","Unit Name","Tally","54","042","Kings","IN-PLAY","Primary Election - 06/28/2022","Democratic","Member of the Assembly","54",1,"Manually Counted Emergency",0
"AD","ED","County","EDAD Status","Event","Party/Independent Body","Office/Position Title","District Key","VoteFor","Unit Name","Tally","54","042","Kings","IN-PLAY","Primary Election - 06/28/2022","Democratic","Member of the Assembly","54",1,"Absentee / Military",3
"AD","ED","County","EDAD Status","Event","Party/Independent Body","Office/Position Title","District Key","VoteFor","Unit Name","Tally","54","042","Kings","IN-PLAY","Primary Election - 06/28/2022","Democratic","Member of the Assembly","54",1,"Affidavit",0
"AD","ED","County","EDAD Status","Event","Party/Independent Body","Office/Position Title","District Key","VoteFor","Unit Name","Tally","54","042","Kings","IN-PLAY","Primary Election - 06/28/2022","Democratic","Member of the Assembly","54",1,"Erik Martin Dilan",37
"AD","ED","County","EDAD Status","Event","Party/Independent Body","Office/Position Title","District Key","VoteFor","Unit Name","Tally","54","042","Kings","IN-PLAY","Primary Election - 06/28/2022","Democratic","Member of the Assembly","54",1,"Samy Nemir Olivares",60
"AD","ED","County","EDAD Status","Event","Party/Independent Body","Office/Position Title","District Key","VoteFor","Unit Name","Tally","54","043","Kings","IN-PLAY","Primary Election - 06/28/2022","Democratic","Member of the Assembly","54",1,"Public Counter",125
"AD","ED","County","EDAD Status","Event","Party/Independent Body","Office/Position Title","District Key","VoteFor","Unit Name","Tally","54","043","Kings","IN-PLAY","Primary Election - 06/28/2022","Democratic","Member of the Assembly","54",1,"Manually Counted Emergency",0
"AD","ED","County","EDAD Status","Event","Party/Independent Body","Office/Position Title","District Key","VoteFor","Unit Name","Tally","54","043","Kings","IN-PLAY","Primary Election - 06/28/2022","Democratic","Member of the Assembly","54",1,"Absentee / Military",4
"AD","ED","County","EDAD Status","Event","Party/Independent Body","Office/Position Title","District Key","VoteFor","Unit Name","Tally","54","043","Kings","IN-PLAY","Primary Election - 06/28/2022","Democratic","Member of the Assembly","54",1,"Affidavit",2
"AD","ED","County","EDAD Status","Event","Party/Independent Body","Office/Position Title","District Key","VoteFor","Unit Name","Tally","54","043","Kings","IN-PLAY","Primary Election - 06/28/2022","Democratic","Member of the Assembly","54",1,"Erik Martin Dilan",43
"AD","ED","County","EDAD Status","Event","Party/Independent Body","Office/Position Title","District Key","VoteFor","Unit Name","Tally","54","043","Kings","IN-PLAY","Primary Election - 06/28/2022","Democratic","Member of the Assembly","54",1,"Samy Nemir Olivares",85
"AD","ED","County","EDAD Status","Event","Party/Independent Body","Office/Position Title","District Key","VoteFor","Unit Name","Tally","54","044","Kings","IN-PLAY","Primary Election - 06/28/2022","Democratic","Member of the Assembly","54",1,"Public Counter",138
"AD","ED","County","EDAD Status","Event","Party/Independent Body","Office/Position Title","District Key","VoteFor","Unit Name","Tally","54","044","Kings","IN-PLAY","Primary Election - 06/28/2022","Democratic","Member of the Assembly","54",1,"Manually Counted Emergency",0
"AD","ED","County","EDAD Status","Event","Party/Independent Body","Office/Position Title","District Key","VoteFor","Unit Name","Tally","54","044","Kings","IN-PLAY","Primary Election - 06/28/2022","Democratic","Member of the Assembly","54",1,"Absentee / Military",5
"AD","ED","County","EDAD Status","Event","Party/Independent Body","Office/Position Title","District Key","VoteFor","Unit Name","Tally","54","044","Kings","IN-PLAY","Primary Election - 06/28/2022","Democratic","Member of the Assembly","54",1,"Affidavit",2
"AD","ED","County","EDAD Status","Event","Party/Independent Body","Office/Position Title","District Key","VoteFor","Unit Name","Tally","54","044","Kings","IN-PLAY","Primary Election - 06/28/2022","Democratic","Member of the Assembly","54",1,"Erik Martin Dilan",34
"AD","ED","County","EDAD Status","Event","Party/Independent Body","Office/Position Title","District Key","VoteFor","Unit Name","Tally","54","044","Kings","IN-PLAY","Primary Election - 06/28/2022","Democratic","Member of the Assembly","54",1,"Samy Nemir Olivares",109
"AD","ED","County","EDAD Status","Event","Party/Independent Body","Office/Position Title","District Key","VoteFor","Unit Name","Tally","54","044","Kings","IN-PLAY","Primary Election - 06/28/2022","Democratic","Member of the Assembly","54",1,"Scattered",2
"AD","ED","County","EDAD Status","Event","Party/Independent Body","Office/Position Title","District Key","VoteFor","Unit Name","Tally","54","045","Kings","IN-PLAY","Primary Election - 06/28/2022","Democratic","Member of the Assembly","54",1,"Public Counter",122
"AD","ED","County","EDAD Status","Event","Party/Independent Body","Office/Position Title","District Key","VoteFor","Unit Name","Tally","54","045","Kings","IN-PLAY","Primary Election - 06/28/2022","Democratic","Member of the Assembly","54",1,"Manually Counted Emergency",0
"AD","ED","County","EDAD Status","Event","Party/Independent Body","Office/Position Title","District Key","VoteFor","Unit Name","Tally","54","045","Kings","IN-PLAY","Primary Election - 06/28/2022","Democratic","Member of the Assembly","54",1,"Absentee / Military",6
"AD","ED","County","EDAD Status","Event","Party/Independent Body","Office/Position Title","District Key","VoteFor","Unit Name","Tally","54","045","Kings","IN-PLAY","Primary Election - 06/28/2022","Democratic","Member of the Assembly","54",1,"Affidavit",2
"AD","ED","County","EDAD Status","Event","Party/Independent Body","Office/Position Title","District Key","VoteFor","Unit Name","Tally","54","045","Kings","IN-PLAY","Primary Election - 06/28/2022","Democratic","Member of the Assembly","54",1,"Erik Martin Dilan",70
"AD","ED","County","EDAD Status","Event","Party/Independent Body","Office/Position Title","District Key","VoteFor","Unit Name","Tally","54","045","Kings","IN-PLAY","Primary Election - 06/28/2022","Democratic","Member of the Assembly","54",1,"Samy Nemir Olivares",57
"AD","ED","County","EDAD Status","Event","Party/Independent Body","Office/Position Title","District Key","VoteFor","Unit Name","Tally","54","046","Kings","IN-PLAY","Primary Election - 06/28/2022","Democratic","Member of the Assembly","54",1,"Public Counter",125
"AD","ED","County","EDAD Status","Event","Party/Independent Body","Office/Position Title","District Key","VoteFor","Unit Name","Tally","54","046","Kings","IN-PLAY","Primary Election - 06/28/2022","Democratic","Member of the Assembly","54",1,"Manually Counted Emergency",0
"AD","ED","County","EDAD Status","Event","Party/Independent Body","Office/Position Title","District Key","VoteFor","Unit Name","Tally","54","046","Kings","IN-PLAY","Primary Election - 06/28/2022","Democratic","Member of the Assembly","54",1,"Absentee / Military",0
"AD","ED","County","EDAD Status","Event","Party/Independent Body","Office/Position Title","District Key","VoteFor","Unit Name","Tally","54","046","Kings","IN-PLAY","Primary Election - 06/28/2022","Democratic","Member of the Assembly","54",1,"Affidavit",1
"AD","ED","County","EDAD Status","Event","Party/Independent Body","Office/Position Title","District Key","VoteFor","Unit Name","Tally","54","046","Kings","IN-PLAY","Primary Election - 06/28/2022","Democratic","Member of the Assembly","54",1,"Erik Martin Dilan",41
"AD","ED","County","EDAD Status","Event","Party/Independent Body","Office/Position Title","District Key","VoteFor","Unit Name","Tally","54","046","Kings","IN-PLAY","Primary Election - 06/28/2022","Democratic","Member of the Assembly","54",1,"Samy Nemir Olivares",82
"AD","ED","County","EDAD Status","Event","Party/Independent Body","Office/Position Title","District Key","VoteFor","Unit Name","Tally","54","047","Kings","IN-PLAY","Primary Election - 06/28/2022","Democratic","Member of the Assembly","54",1,"Public Counter",122
"AD","ED","County","EDAD Status","Event","Party/Independent Body","Office/Position Title","District Key","VoteFor","Unit Name","Tally","54","047","Kings","IN-PLAY","Primary Election - 06/28/2022","Democratic","Member of the Assembly","54",1,"Manually Counted Emergency",0
"AD","ED","County","EDAD Status","Event","Party/Independent Body","Office/Position Title","District Key","VoteFor","Unit Name","Tally","54","047","Kings","IN-PLAY","Primary Election - 06/28/2022","Democratic","Member of the Assembly","54",1,"Absentee / Military",3
"AD","ED","County","EDAD Status","Event","Party/Independent Body","Office/Position Title","District Key","VoteFor","Unit Name","Tally","54","047","Kings","IN-PLAY","Primary Election - 06/28/2022","Democratic","Member of the Assembly","54",1,"Affidavit",1
"AD","ED","County","EDAD Status","Event","Party/Independent Body","Office/Position Title","District Key","VoteFor","Unit Name","Tally","54","047","Kings","IN-PLAY","Primary Election - 06/28/2022","Democratic","Member of the Assembly","54",1,"Erik Martin Dilan",41
"AD","ED","County","EDAD Status","Event","Party/Independent Body","Office/Position Title","District Key","VoteFor","Unit Name","Tally","54","047","Kings","IN-PLAY","Primary Election - 06/28/2022","Democratic","Member of the Assembly","54",1,"Samy Nemir Olivares",83
"AD","ED","County","EDAD Status","Event","Party/Independent Body","Office/Position Title","District Key","VoteFor","Unit Name","Tally","54","048","Kings","IN-PLAY","Primary Election - 06/28/2022","Democratic","Member of the Assembly","54",1,"Public Counter",114
"AD","ED","County","EDAD Status","Event","Party/Independent Body","Office/Position Title","District Key","VoteFor","Unit Name","Tally","54","048","Kings","IN-PLAY","Primary Election - 06/28/2022","Democratic","Member of the Assembly","54",1,"Manually Counted Emergency",0
"AD","ED","County","EDAD Status","Event","Party/Independent Body","Office/Position Title","District Key","VoteFor","Unit Name","Tally","54","048","Kings","IN-PLAY","Primary Election - 06/28/2022","Democratic","Member of the Assembly","54",1,"Absentee / Military",2
"AD","ED","County","EDAD Status","Event","Party/Independent Body","Office/Position Title","District Key","VoteFor","Unit Name","Tally","54","048","Kings","IN-PLAY","Primary Election - 06/28/2022","Democratic","Member of the Assembly","54",1,"Affidavit",1
"AD","ED","County","EDAD Status","Event","Party/Independent Body","Office/Position Title","District Key","VoteFor","Unit Name","Tally","54","048","Kings","IN-PLAY","Primary Election - 06/28/2022","Democratic","Member of the Assembly","54",1,"Erik Martin Dilan",41
"AD","ED","County","EDAD Status","Event","Party/Independent Body","Office/Position Title","District Key","VoteFor","Unit Name","Tally","54","048","Kings","IN-PLAY","Primary Election - 06/28/2022","Democratic","Member of the Assembly","54",1,"Samy Nemir Olivares",74
"AD","ED","County","EDAD Status","Event","Party/Independent Body","Office/Position Title","District Key","VoteFor","Unit Name","Tally","54","049","Kings","IN-PLAY","Primary Election - 06/28/2022","Democratic","Member of the Assembly","54",1,"Public Counter",125
"AD","ED","County","EDAD Status","Event","Party/Independent Body","Office/Position Title","District Key","VoteFor","Unit Name","Tally","54","049","Kings","IN-PLAY","Primary Election - 06/28/2022","Democratic","Member of the Assembly","54",1,"Manually Counted Emergency",0
"AD","ED","County","EDAD Status","Event","Party/Independent Body","Office/Position Title","District Key","VoteFor","Unit Name","Tally","54","049","Kings","IN-PLAY","Primary Election - 06/28/2022","Democratic","Member of the Assembly","54",1,"Absentee / Military",2
"AD","ED","County","EDAD Status","Event","Party/Independent Body","Office/Position Title","District Key","VoteFor","Unit Name","Tally","54","049","Kings","IN-PLAY","Primary Election - 06/28/2022","Democratic","Member of the Assembly","54",1,"Affidavit",2
"AD","ED","County","EDAD Status","Event","Party/Independent Body","Office/Position Title","District Key","VoteFor","Unit Name","Tally","54","049","Kings","IN-PLAY","Primary Election - 06/28/2022","Democratic","Member of the Assembly","54",1,"Erik Martin Dilan",45
"AD","ED","County","EDAD Status","Event","Party/Independent Body","Office/Position Title","District Key","VoteFor","Unit Name","Tally","54","049","Kings","IN-PLAY","Primary Election - 06/28/2022","Democratic","Member of the Assembly","54",1,"Samy Nemir Olivares",80
"AD","ED","County","EDAD Status","Event","Party/Independent Body","Office/Position Title","District Key","VoteFor","Unit Name","Tally","54","050","Kings","IN-PLAY","Primary Election - 06/28/2022","Democratic","Member of the Assembly","54",1,"Public Counter",107
"AD","ED","County","EDAD Status","Event","Party/Independent Body","Office/Position Title","District Key","VoteFor","Unit Name","Tally","54","050","Kings","IN-PLAY","Primary Election - 06/28/2022","Democratic","Member of the Assembly","54",1,"Manually Counted Emergency",0
"AD","ED","County","EDAD Status","Event","Party/Independent Body","Office/Position Title","District Key","VoteFor","Unit Name","Tally","54","050","Kings","IN-PLAY","Primary Election - 06/28/2022","Democratic","Member of the Assembly","54",1,"Absentee / Military",2
"AD","ED","County","EDAD Status","Event","Party/Independent Body","Office/Position Title","District Key","VoteFor","Unit Name","Tally","54","050","Kings","IN-PLAY","Primary Election - 06/28/2022","Democratic","Member of the Assembly","54",1,"Affidavit",3
"AD","ED","County","EDAD Status","Event","Party/Independent Body","Office/Position Title","District Key","VoteFor","Unit Name","Tally","54","050","Kings","IN-PLAY","Primary Election - 06/28/2022","Democratic","Member of the Assembly","54",1,"Erik Martin Dilan",45
"AD","ED","County","EDAD Status","Event","Party/Independent Body","Office/Position Title","District Key","VoteFor","Unit Name","Tally","54","050","Kings","IN-PLAY","Primary Election - 06/28/2022","Democratic","Member of the Assembly","54",1,"Samy Nemir Olivares",65
"AD","ED","County","EDAD Status","Event","Party/Independent Body","Office/Position Title","District Key","VoteFor","Unit Name","Tally","54","050","Kings","IN-PLAY","Primary Election - 06/28/2022","Democratic","Member of the Assembly","54",1,"Scattered",1
"AD","ED","County","EDAD Status","Event","Party/Independent Body","Office/Position Title","District Key","VoteFor","Unit Name","Tally","54","051","Kings","IN-PLAY","Primary Election - 06/28/2022","Democratic","Member of the Assembly","54",1,"Public Counter",111
"AD","ED","County","EDAD Status","Event","Party/Independent Body","Office/Position Title","District Key","VoteFor","Unit Name","Tally","54","051","Kings","IN-PLAY","Primary Election - 06/28/2022","Democratic","Member of the Assembly","54",1,"Manually Counted Emergency",0
"AD","ED","County","EDAD Status","Event","Party/Independent Body","Office/Position Title","District Key","VoteFor","Unit Name","Tally","54","051","Kings","IN-PLAY","Primary Election - 06/28/2022","Democratic","Member of the Assembly","54",1,"Absentee / Military",3
"AD","ED","County","EDAD Status","Event","Party/Independent Body","Office/Position Title","District Key","VoteFor","Unit Name","Tally","54","051","Kings","IN-PLAY","Primary Election - 06/28/2022","Democratic","Member of the Assembly","54",1,"Affidavit",0
"AD","ED","County","EDAD Status","Event","Party/Independent Body","Office/Position Title","District Key","VoteFor","Unit Name","Tally","54","051","Kings","IN-PLAY","Primary Election - 06/28/2022","Democratic","Member of the Assembly","54",1,"Erik Martin Dilan",45
"AD","ED","County","EDAD Status","Event","Party/Independent Body","Office/Position Title","District Key","VoteFor","Unit Name","Tally","54","051","Kings","IN-PLAY","Primary Election - 06/28/2022","Democratic","Member of the Assembly","54",1,"Samy Nemir Olivares",62
"AD","ED","County","EDAD Status","Event","Party/Independent Body","Office/Position Title","District Key","VoteFor","Unit Name","Tally","54","052","Kings","IN-PLAY","Primary Election - 06/28/2022","Democratic","Member of the Assembly","54",1,"Public Counter",85
"AD","ED","County","EDAD Status","Event","Party/Independent Body","Office/Position Title","District Key","VoteFor","Unit Name","Tally","54","052","Kings","IN-PLAY","Primary Election - 06/28/2022","Democratic","Member of the Assembly","54",1,"Manually Counted Emergency",0
"AD","ED","County","EDAD Status","Event","Party/Independent Body","Office/Position Title","District Key","VoteFor","Unit Name","Tally","54","052","Kings","IN-PLAY","Primary Election - 06/28/2022","Democratic","Member of the Assembly","54",1,"Absentee / Military",3
"AD","ED","County","EDAD Status","Event","Party/Independent Body","Office/Position Title","District Key","VoteFor","Unit Name","Tally","54","052","Kings","IN-PLAY","Primary Election - 06/28/2022","Democratic","Member of the Assembly","54",1,"Affidavit",0
"AD","ED","County","EDAD Status","Event","Party/Independent Body","Office/Position Title","District Key","VoteFor","Unit Name","Tally","54","052","Kings","IN-PLAY","Primary Election - 06/28/2022","Democratic","Member of the Assembly","54",1,"Erik Martin Dilan",32
"AD","ED","County","EDAD Status","Event","Party/Independent Body","Office/Position Title","District Key","VoteFor","Unit Name","Tally","54","052","Kings","IN-PLAY","Primary Election - 06/28/2022","Democratic","Member of the Assembly","54",1,"Samy Nemir Olivares",54
"AD","ED","County","EDAD Status","Event","Party/Independent Body","Office/Position Title","District Key","VoteFor","Unit Name","Tally","54","053","Kings","IN-PLAY","Primary Election - 06/28/2022","Democratic","Member of the Assembly","54",1,"Public Counter",104
"AD","ED","County","EDAD Status","Event","Party/Independent Body","Office/Position Title","District Key","VoteFor","Unit Name","Tally","54","053","Kings","IN-PLAY","Primary Election - 06/28/2022","Democratic","Member of the Assembly","54",1,"Manually Counted Emergency",0
"AD","ED","County","EDAD Status","Event","Party/Independent Body","Office/Position Title","District Key","VoteFor","Unit Name","Tally","54","053","Kings","IN-PLAY","Primary Election - 06/28/2022","Democratic","Member of the Assembly","54",1,"Absentee / Military",4
"AD","ED","County","EDAD Status","Event","Party/Independent Body","Office/Position Title","District Key","VoteFor","Unit Name","Tally","54","053","Kings","IN-PLAY","Primary Election - 06/28/2022","Democratic","Member of the Assembly","54",1,"Affidavit",3
"AD","ED","County","EDAD Status","Event","Party/Independent Body","Office/Position Title","District Key","VoteFor","Unit Name","Tally","54","053","Kings","IN-PLAY","Primary Election - 06/28/2022","Democratic","Member of the Assembly","54",1,"Erik Martin Dilan",23
"AD","ED","County","EDAD Status","Event","Party/Independent Body","Office/Position Title","District Key","VoteFor","Unit Name","Tally","54","053","Kings","IN-PLAY","Primary Election - 06/28/2022","Democratic","Member of the Assembly","54",1,"Samy Nemir Olivares",83
"AD","ED","County","EDAD Status","Event","Party/Independent Body","Office/Position Title","District Key","VoteFor","Unit Name","Tally","54","054","Kings","IN-PLAY","Primary Election - 06/28/2022","Democratic","Member of the Assembly","54",1,"Public Counter",136
"AD","ED","County","EDAD Status","Event","Party/Independent Body","Office/Position Title","District Key","VoteFor","Unit Name","Tally","54","054","Kings","IN-PLAY","Primary Election - 06/28/2022","Democratic","Member of the Assembly","54",1,"Manually Counted Emergency",0
"AD","ED","County","EDAD Status","Event","Party/Independent Body","Office/Position Title","District Key","VoteFor","Unit Name","Tally","54","054","Kings","IN-PLAY","Primary Election - 06/28/2022","Democratic","Member of the Assembly","54",1,"Absentee / Military",0
"AD","ED","County","EDAD Status","Event","Party/Independent Body","Office/Position Title","District Key","VoteFor","Unit Name","Tally","54","054","Kings","IN-PLAY","Primary Election - 06/28/2022","Democratic","Member of the Assembly","54",1,"Affidavit",0
"AD","ED","County","EDAD Status","Event","Party/Independent Body","Office/Position Title","District Key","VoteFor","Unit Name","Tally","54","054","Kings","IN-PLAY","Primary Election - 06/28/2022","Democratic","Member of the Assembly","54",1,"Erik Martin Dilan",39
"AD","ED","County","EDAD Status","Event","Party/Independent Body","Office/Position Title","District Key","VoteFor","Unit Name","Tally","54","054","Kings","IN-PLAY","Primary Election - 06/28/2022","Democratic","Member of the Assembly","54",1,"Samy Nemir Olivares",92
"AD","ED","County","EDAD Status","Event","Party/Independent Body","Office/Position Title","District Key","VoteFor","Unit Name","Tally","54","055","Kings","IN-PLAY","Primary Election - 06/28/2022","Democratic","Member of the Assembly","54",1,"Public Counter",114
"AD","ED","County","EDAD Status","Event","Party/Independent Body","Office/Position Title","District Key","VoteFor","Unit Name","Tally","54","055","Kings","IN-PLAY","Primary Election - 06/28/2022","Democratic","Member of the Assembly","54",1,"Manually Counted Emergency",0
"AD","ED","County","EDAD Status","Event","Party/Independent Body","Office/Position Title","District Key","VoteFor","Unit Name","Tally","54","055","Kings","IN-PLAY","Primary Election - 06/28/2022","Democratic","Member of the Assembly","54",1,"Absentee / Military",10
"AD","ED","County","EDAD Status","Event","Party/Independent Body","Office/Position Title","District Key","VoteFor","Unit Name","Tally","54","055","Kings","IN-PLAY","Primary Election - 06/28/2022","Democratic","Member of the Assembly","54",1,"Affidavit",0
"AD","ED","County","EDAD Status","Event","Party/Independent Body","Office/Position Title","District Key","VoteFor","Unit Name","Tally","54","055","Kings","IN-PLAY","Primary Election - 06/28/2022","Democratic","Member of the Assembly","54",1,"Erik Martin Dilan",68
"AD","ED","County","EDAD Status","Event","Party/Independent Body","Office/Position Title","District Key","VoteFor","Unit Name","Tally","54","055","Kings","IN-PLAY","Primary Election - 06/28/2022","Democratic","Member of the Assembly","54",1,"Samy Nemir Olivares",55
"AD","ED","County","EDAD Status","Event","Party/Independent Body","Office/Position Title","District Key","VoteFor","Unit Name","Tally","54","056","Kings","IN-PLAY","Primary Election - 06/28/2022","Democratic","Member of the Assembly","54",1,"Public Counter",119
"AD","ED","County","EDAD Status","Event","Party/Independent Body","Office/Position Title","District Key","VoteFor","Unit Name","Tally","54","056","Kings","IN-PLAY","Primary Election - 06/28/2022","Democratic","Member of the Assembly","54",1,"Manually Counted Emergency",0
"AD","ED","County","EDAD Status","Event","Party/Independent Body","Office/Position Title","District Key","VoteFor","Unit Name","Tally","54","056","Kings","IN-PLAY","Primary Election - 06/28/2022","Democratic","Member of the Assembly","54",1,"Absentee / Military",4
"AD","ED","County","EDAD Status","Event","Party/Independent Body","Office/Position Title","District Key","VoteFor","Unit Name","Tally","54","056","Kings","IN-PLAY","Primary Election - 06/28/2022","Democratic","Member of the Assembly","54",1,"Affidavit",2
"AD","ED","County","EDAD Status","Event","Party/Independent Body","Office/Position Title","District Key","VoteFor","Unit Name","Tally","54","056","Kings","IN-PLAY","Primary Election - 06/28/2022","Democratic","Member of the Assembly","54",1,"Erik Martin Dilan",56
"AD","ED","County","EDAD Status","Event","Party/Independent Body","Office/Position Title","District Key","VoteFor","Unit Name","Tally","54","056","Kings","IN-PLAY","Primary Election - 06/28/2022","Democratic","Member of the Assembly","54",1,"Samy Nemir Olivares",62
"AD","ED","County","EDAD Status","Event","Party/Independent Body","Office/Position Title","District Key","VoteFor","Unit Name","Tally","54","057","Kings","IN-PLAY","Primary Election - 06/28/2022","Democratic","Member of the Assembly","54",1,"Public Counter",106
"AD","ED","County","EDAD Status","Event","Party/Independent Body","Office/Position Title","District Key","VoteFor","Unit Name","Tally","54","057","Kings","IN-PLAY","Primary Election - 06/28/2022","Democratic","Member of the Assembly","54",1,"Manually Counted Emergency",0
"AD","ED","County","EDAD Status","Event","Party/Independent Body","Office/Position Title","District Key","VoteFor","Unit Name","Tally","54","057","Kings","IN-PLAY","Primary Election - 06/28/2022","Democratic","Member of the Assembly","54",1,"Absentee / Military",4
"AD","ED","County","EDAD Status","Event","Party/Independent Body","Office/Position Title","District Key","VoteFor","Unit Name","Tally","54","057","Kings","IN-PLAY","Primary Election - 06/28/2022","Democratic","Member of the Assembly","54",1,"Affidavit",3
"AD","ED","County","EDAD Status","Event","Party/Independent Body","Office/Position Title","District Key","VoteFor","Unit Name","Tally","54","057","Kings","IN-PLAY","Primary Election - 06/28/2022","Democratic","Member of the Assembly","54",1,"Erik Martin Dilan",43
"AD","ED","County","EDAD Status","Event","Party/Independent Body","Office/Position Title","District Key","VoteFor","Unit Name","Tally","54","057","Kings","IN-PLAY","Primary Election - 06/28/2022","Democratic","Member of the Assembly","54",1,"Samy Nemir Olivares",67
