"AD","ED","County","EDAD Status","Event","Party/Independent Body","Office/Position Title","District Key","VoteFor","Unit Name","Tally","64","075","Kings","IN-PLAY","Primary Election - 06/28/2022","Democratic","Delegate to Judicial Convention","64",3,"Public Counter",147
"AD","ED","County","EDAD Status","Event","Party/Independent Body","Office/Position Title","District Key","VoteFor","Unit Name","Tally","64","075","Kings","IN-PLAY","Primary Election - 06/28/2022","Democratic","Delegate to Judicial Convention","64",3,"Manually Counted Emergency",0
"AD","ED","County","EDAD Status","Event","Party/Independent Body","Office/Position Title","District Key","VoteFor","Unit Name","Tally","64","075","Kings","IN-PLAY","Primary Election - 06/28/2022","Democratic","Delegate to Judicial Convention","64",3,"Absentee / Military",6
"AD","ED","County","EDAD Status","Event","Party/Independent Body","Office/Position Title","District Key","VoteFor","Unit Name","Tally","64","075","Kings","IN-PLAY","Primary Election - 06/28/2022","Democratic","Delegate to Judicial Convention","64",3,"Affidavit",1
"AD","ED","County","EDAD Status","Event","Party/Independent Body","Office/Position Title","District Key","VoteFor","Unit Name","Tally","64","075","Kings","IN-PLAY","Primary Election - 06/28/2022","Democratic","Delegate to Judicial Convention","64",3,"Amir Shani",86
"AD","ED","County","EDAD Status","Event","Party/Independent Body","Office/Position Title","District Key","VoteFor","Unit Name","Tally","64","075","Kings","IN-PLAY","Primary Election - 06/28/2022","Democratic","Delegate to Judicial Convention","64",3,"Scott G. Klein",88
"AD","ED","County","EDAD Status","Event","Party/Independent Body","Office/Position Title","District Key","VoteFor","Unit Name","Tally","64","075","Kings","IN-PLAY","Primary Election - 06/28/2022","Democratic","Delegate to Judicial Convention","64",3,"Pierre A. Lehu",80
"AD","ED","County","EDAD Status","Event","Party/Independent Body","Office/Position Title","District Key","VoteFor","Unit Name","Tally","64","075","Kings","IN-PLAY","Primary Election - 06/28/2022","Democratic","Delegate to Judicial Convention","64",3,"Alan Fintz",31
"AD","ED","County","EDAD Status","Event","Party/Independent Body","Office/Position Title","District Key","VoteFor","Unit Name","Tally","64","075","Kings","IN-PLAY","Primary Election - 06/28/2022","Democratic","Delegate to Judicial Convention","64",3,"Wayne Lamont",38
"AD","ED","County","EDAD Status","Event","Party/Independent Body","Office/Position Title","District Key","VoteFor","Unit Name","Tally","64","075","Kings","IN-PLAY","Primary Election - 06/28/2022","Democratic","Delegate to Judicial Convention","64",3,"Scattered",2
"AD","ED","County","EDAD Status","Event","Party/Independent Body","Office/Position Title","District Key","VoteFor","Unit Name","Tally","64","076","Kings","IN-PLAY","Primary Election - 06/28/2022","Democratic","Delegate to Judicial Convention","64",3,"Public Counter",101
"AD","ED","County","EDAD Status","Event","Party/Independent Body","Office/Position Title","District Key","VoteFor","Unit Name","Tally","64","076","Kings","IN-PLAY","Primary Election - 06/28/2022","Democratic","Delegate to Judicial Convention","64",3,"Manually Counted Emergency",0
"AD","ED","County","EDAD Status","Event","Party/Independent Body","Office/Position Title","District Key","VoteFor","Unit Name","Tally","64","076","Kings","IN-PLAY","Primary Election - 06/28/2022","Democratic","Delegate to Judicial Convention","64",3,"Absentee / Military",7
"AD","ED","County","EDAD Status","Event","Party/Independent Body","Office/Position Title","District Key","VoteFor","Unit Name","Tally","64","076","Kings","IN-PLAY","Primary Election - 06/28/2022","Democratic","Delegate to Judicial Convention","64",3,"Affidavit",1
"AD","ED","County","EDAD Status","Event","Party/Independent Body","Office/Position Title","District Key","VoteFor","Unit Name","Tally","64","076","Kings","IN-PLAY","Primary Election - 06/28/2022","Democratic","Delegate to Judicial Convention","64",3,"Amir Shani",56
"AD","ED","County","EDAD Status","Event","Party/Independent Body","Office/Position Title","District Key","VoteFor","Unit Name","Tally","64","076","Kings","IN-PLAY","Primary Election - 06/28/2022","Democratic","Delegate to Judicial Convention","64",3,"Scott G. Klein",61
"AD","ED","County","EDAD Status","Event","Party/Independent Body","Office/Position Title","District Key","VoteFor","Unit Name","Tally","64","076","Kings","IN-PLAY","Primary Election - 06/28/2022","Democratic","Delegate to Judicial Convention","64",3,"Pierre A. Lehu",58
"AD","ED","County","EDAD Status","Event","Party/Independent Body","Office/Position Title","District Key","VoteFor","Unit Name","Tally","64","076","Kings","IN-PLAY","Primary Election - 06/28/2022","Democratic","Delegate to Judicial Convention","64",3,"Alan Fintz",21
"AD","ED","County","EDAD Status","Event","Party/Independent Body","Office/Position Title","District Key","VoteFor","Unit Name","Tally","64","076","Kings","IN-PLAY","Primary Election - 06/28/2022","Democratic","Delegate to Judicial Convention","64",3,"Wayne Lamont",28
"AD","ED","County","EDAD Status","Event","Party/Independent Body","Office/Position Title","District Key","VoteFor","Unit Name","Tally","64","076","Kings","IN-PLAY","Primary Election - 06/28/2022","Democratic","Delegate to Judicial Convention","64",3,"Scattered",3
"AD","ED","County","EDAD Status","Event","Party/Independent Body","Office/Position Title","District Key","VoteFor","Unit Name","Tally","64","077","Kings","IN-PLAY","Primary Election - 06/28/2022","Democratic","Delegate to Judicial Convention","64",3,"Public Counter",110
"AD","ED","County","EDAD Status","Event","Party/Independent Body","Office/Position Title","District Key","VoteFor","Unit Name","Tally","64","077","Kings","IN-PLAY","Primary Election - 06/28/2022","Democratic","Delegate to Judicial Convention","64",3,"Manually Counted Emergency",0
"AD","ED","County","EDAD Status","Event","Party/Independent Body","Office/Position Title","District Key","VoteFor","Unit Name","Tally","64","077","Kings","IN-PLAY","Primary Election - 06/28/2022","Democratic","Delegate to Judicial Convention","64",3,"Absentee / Military",5
"AD","ED","County","EDAD Status","Event","Party/Independent Body","Office/Position Title","District Key","VoteFor","Unit Name","Tally","64","077","Kings","IN-PLAY","Primary Election - 06/28/2022","Democratic","Delegate to Judicial Convention","64",3,"Affidavit",2
"AD","ED","County","EDAD Status","Event","Party/Independent Body","Office/Position Title","District Key","VoteFor","Unit Name","Tally","64","077","Kings","IN-PLAY","Primary Election - 06/28/2022","Democratic","Delegate to Judicial Convention","64",3,"Amir Shani",67
"AD","ED","County","EDAD Status","Event","Party/Independent Body","Office/Position Title","District Key","VoteFor","Unit Name","Tally","64","077","Kings","IN-PLAY","Primary Election - 06/28/2022","Democratic","Delegate to Judicial Convention","64",3,"Scott G. Klein",62
"AD","ED","County","EDAD Status","Event","Party/Independent Body","Office/Position Title","District Key","VoteFor","Unit Name","Tally","64","077","Kings","IN-PLAY","Primary Election - 06/28/2022","Democratic","Delegate to Judicial Convention","64",3,"Pierre A. Lehu",56
"AD","ED","County","EDAD Status","Event","Party/Independent Body","Office/Position Title","District Key","VoteFor","Unit Name","Tally","64","077","Kings","IN-PLAY","Primary Election - 06/28/2022","Democratic","Delegate to Judicial Convention","64",3,"Alan Fintz",25
"AD","ED","County","EDAD Status","Event","Party/Independent Body","Office/Position Title","District Key","VoteFor","Unit Name","Tally","64","077","Kings","IN-PLAY","Primary Election - 06/28/2022","Democratic","Delegate to Judicial Convention","64",3,"Wayne Lamont",28
"AD","ED","County","EDAD Status","Event","Party/Independent Body","Office/Position Title","District Key","VoteFor","Unit Name","Tally","64","078","Kings","IN-PLAY","Primary Election - 06/28/2022","Democratic","Delegate to Judicial Convention","64",3,"Public Counter",109
"AD","ED","County","EDAD Status","Event","Party/Independent Body","Office/Position Title","District Key","VoteFor","Unit Name","Tally","64","078","Kings","IN-PLAY","Primary Election - 06/28/2022","Democratic","Delegate to Judicial Convention","64",3,"Manually Counted Emergency",0
"AD","ED","County","EDAD Status","Event","Party/Independent Body","Office/Position Title","District Key","VoteFor","Unit Name","Tally","64","078","Kings","IN-PLAY","Primary Election - 06/28/2022","Democratic","Delegate to Judicial Convention","64",3,"Absentee / Military",3
"AD","ED","County","EDAD Status","Event","Party/Independent Body","Office/Position Title","District Key","VoteFor","Unit Name","Tally","64","078","Kings","IN-PLAY","Primary Election - 06/28/2022","Democratic","Delegate to Judicial Convention","64",3,"Affidavit",2
"AD","ED","County","EDAD Status","Event","Party/Independent Body","Office/Position Title","District Key","VoteFor","Unit Name","Tally","64","078","Kings","IN-PLAY","Primary Election - 06/28/2022","Democratic","Delegate to Judicial Convention","64",3,"Amir Shani",56
"AD","ED","County","EDAD Status","Event","Party/Independent Body","Office/Position Title","District Key","VoteFor","Unit Name","Tally","64","078","Kings","IN-PLAY","Primary Election - 06/28/2022","Democratic","Delegate to Judicial Convention","64",3,"Scott G. Klein",67
"AD","ED","County","EDAD Status","Event","Party/Independent Body","Office/Position Title","District Key","VoteFor","Unit Name","Tally","64","078","Kings","IN-PLAY","Primary Election - 06/28/2022","Democratic","Delegate to Judicial Convention","64",3,"Pierre A. Lehu",52
"AD","ED","County","EDAD Status","Event","Party/Independent Body","Office/Position Title","District Key","VoteFor","Unit Name","Tally","64","078","Kings","IN-PLAY","Primary Election - 06/28/2022","Democratic","Delegate to Judicial Convention","64",3,"Alan Fintz",28
"AD","ED","County","EDAD Status","Event","Party/Independent Body","Office/Position Title","District Key","VoteFor","Unit Name","Tally","64","078","Kings","IN-PLAY","Primary Election - 06/28/2022","Democratic","Delegate to Judicial Convention","64",3,"Wayne Lamont",31
"AD","ED","County","EDAD Status","Event","Party/Independent Body","Office/Position Title","District Key","VoteFor","Unit Name","Tally","64","078","Kings","IN-PLAY","Primary Election - 06/28/2022","Democratic","Delegate to Judicial Convention","64",3,"Scattered",1
"AD","ED","County","EDAD Status","Event","Party/Independent Body","Office/Position Title","District Key","VoteFor","Unit Name","Tally","64","079","Kings","IN-PLAY","Primary Election - 06/28/2022","Democratic","Delegate to Judicial Convention","64",3,"Public Counter",109
"AD","ED","County","EDAD Status","Event","Party/Independent Body","Office/Position Title","District Key","VoteFor","Unit Name","Tally","64","079","Kings","IN-PLAY","Primary Election - 06/28/2022","Democratic","Delegate to Judicial Convention","64",3,"Manually Counted Emergency",0
"AD","ED","County","EDAD Status","Event","Party/Independent Body","Office/Position Title","District Key","VoteFor","Unit Name","Tally","64","079","Kings","IN-PLAY","Primary Election - 06/28/2022","Democratic","Delegate to Judicial Convention","64",3,"Absentee / Military",2
"AD","ED","County","EDAD Status","Event","Party/Independent Body","Office/Position Title","District Key","VoteFor","Unit Name","Tally","64","079","Kings","IN-PLAY","Primary Election - 06/28/2022","Democratic","Delegate to Judicial Convention","64",3,"Affidavit",2
"AD","ED","County","EDAD Status","Event","Party/Independent Body","Office/Position Title","District Key","VoteFor","Unit Name","Tally","64","079","Kings","IN-PLAY","Primary Election - 06/28/2022","Democratic","Delegate to Judicial Convention","64",3,"Amir Shani",72
"AD","ED","County","EDAD Status","Event","Party/Independent Body","Office/Position Title","District Key","VoteFor","Unit Name","Tally","64","079","Kings","IN-PLAY","Primary Election - 06/28/2022","Democratic","Delegate to Judicial Convention","64",3,"Scott G. Klein",65
"AD","ED","County","EDAD Status","Event","Party/Independent Body","Office/Position Title","District Key","VoteFor","Unit Name","Tally","64","079","Kings","IN-PLAY","Primary Election - 06/28/2022","Democratic","Delegate to Judicial Convention","64",3,"Pierre A. Lehu",60
"AD","ED","County","EDAD Status","Event","Party/Independent Body","Office/Position Title","District Key","VoteFor","Unit Name","Tally","64","079","Kings","IN-PLAY","Primary Election - 06/28/2022","Democratic","Delegate to Judicial Convention","64",3,"Alan Fintz",21
"AD","ED","County","EDAD Status","Event","Party/Independent Body","Office/Position Title","District Key","VoteFor","Unit Name","Tally","64","079","Kings","IN-PLAY","Primary Election - 06/28/2022","Democratic","Delegate to Judicial Convention","64",3,"Wayne Lamont",23
"AD","ED","County","EDAD Status","Event","Party/Independent Body","Office/Position Title","District Key","VoteFor","Unit Name","Tally","64","079","Kings","IN-PLAY","Primary Election - 06/28/2022","Democratic","Delegate to Judicial Convention","64",3,"Scattered",4
"AD","ED","County","EDAD Status","Event","Party/Independent Body","Office/Position Title","District Key","VoteFor","Unit Name","Tally","64","080","Kings","IN-PLAY","Primary Election - 06/28/2022","Democratic","Delegate to Judicial Convention","64",3,"Public Counter",125
"AD","ED","County","EDAD Status","Event","Party/Independent Body","Office/Position Title","District Key","VoteFor","Unit Name","Tally","64","080","Kings","IN-PLAY","Primary Election - 06/28/2022","Democratic","Delegate to Judicial Convention","64",3,"Manually Counted Emergency",0
"AD","ED","County","EDAD Status","Event","Party/Independent Body","Office/Position Title","District Key","VoteFor","Unit Name","Tally","64","080","Kings","IN-PLAY","Primary Election - 06/28/2022","Democratic","Delegate to Judicial Convention","64",3,"Absentee / Military",5
"AD","ED","County","EDAD Status","Event","Party/Independent Body","Office/Position Title","District Key","VoteFor","Unit Name","Tally","64","080","Kings","IN-PLAY","Primary Election - 06/28/2022","Democratic","Delegate to Judicial Convention","64",3,"Affidavit",0
"AD","ED","County","EDAD Status","Event","Party/Independent Body","Office/Position Title","District Key","VoteFor","Unit Name","Tally","64","080","Kings","IN-PLAY","Primary Election - 06/28/2022","Democratic","Delegate to Judicial Convention","64",3,"Amir Shani",87
"AD","ED","County","EDAD Status","Event","Party/Independent Body","Office/Position Title","District Key","VoteFor","Unit Name","Tally","64","080","Kings","IN-PLAY","Primary Election - 06/28/2022","Democratic","Delegate to Judicial Convention","64",3,"Scott G. Klein",80
"AD","ED","County","EDAD Status","Event","Party/Independent Body","Office/Position Title","District Key","VoteFor","Unit Name","Tally","64","080","Kings","IN-PLAY","Primary Election - 06/28/2022","Democratic","Delegate to Judicial Convention","64",3,"Pierre A. Lehu",74
"AD","ED","County","EDAD Status","Event","Party/Independent Body","Office/Position Title","District Key","VoteFor","Unit Name","Tally","64","080","Kings","IN-PLAY","Primary Election - 06/28/2022","Democratic","Delegate to Judicial Convention","64",3,"Alan Fintz",21
"AD","ED","County","EDAD Status","Event","Party/Independent Body","Office/Position Title","District Key","VoteFor","Unit Name","Tally","64","080","Kings","IN-PLAY","Primary Election - 06/28/2022","Democratic","Delegate to Judicial Convention","64",3,"Wayne Lamont",29
"AD","ED","County","EDAD Status","Event","Party/Independent Body","Office/Position Title","District Key","VoteFor","Unit Name","Tally","64","080","Kings","IN-PLAY","Primary Election - 06/28/2022","Democratic","Delegate to Judicial Convention","64",3,"Scattered",1
"AD","ED","County","EDAD Status","Event","Party/Independent Body","Office/Position Title","District Key","VoteFor","Unit Name","Tally","64","081","Kings","IN-PLAY","Primary Election - 06/28/2022","Democratic","Delegate to Judicial Convention","64",3,"Public Counter",169
"AD","ED","County","EDAD Status","Event","Party/Independent Body","Office/Position Title","District Key","VoteFor","Unit Name","Tally","64","081","Kings","IN-PLAY","Primary Election - 06/28/2022","Democratic","Delegate to Judicial Convention","64",3,"Manually Counted Emergency",0
"AD","ED","County","EDAD Status","Event","Party/Independent Body","Office/Position Title","District Key","VoteFor","Unit Name","Tally","64","081","Kings","IN-PLAY","Primary Election - 06/28/2022","Democratic","Delegate to Judicial Convention","64",3,"Absentee / Military",12
"AD","ED","County","EDAD Status","Event","Party/Independent Body","Office/Position Title","District Key","VoteFor","Unit Name","Tally","64","081","Kings","IN-PLAY","Primary Election - 06/28/2022","Democratic","Delegate to Judicial Convention","64",3,"Affidavit",0
"AD","ED","County","EDAD Status","Event","Party/Independent Body","Office/Position Title","District Key","VoteFor","Unit Name","Tally","64","081","Kings","IN-PLAY","Primary Election - 06/28/2022","Democratic","Delegate to Judicial Convention","64",3,"Amir Shani",104
"AD","ED","County","EDAD Status","Event","Party/Independent Body","Office/Position Title","District Key","VoteFor","Unit Name","Tally","64","081","Kings","IN-PLAY","Primary Election - 06/28/2022","Democratic","Delegate to Judicial Convention","64",3,"Scott G. Klein",98
"AD","ED","County","EDAD Status","Event","Party/Independent Body","Office/Position Title","District Key","VoteFor","Unit Name","Tally","64","081","Kings","IN-PLAY","Primary Election - 06/28/2022","Democratic","Delegate to Judicial Convention","64",3,"Pierre A. Lehu",106
"AD","ED","County","EDAD Status","Event","Party/Independent Body","Office/Position Title","District Key","VoteFor","Unit Name","Tally","64","081","Kings","IN-PLAY","Primary Election - 06/28/2022","Democratic","Delegate to Judicial Convention","64",3,"Alan Fintz",33
"AD","ED","County","EDAD Status","Event","Party/Independent Body","Office/Position Title","District Key","VoteFor","Unit Name","Tally","64","081","Kings","IN-PLAY","Primary Election - 06/28/2022","Democratic","Delegate to Judicial Convention","64",3,"Wayne Lamont",45
"AD","ED","County","EDAD Status","Event","Party/Independent Body","Office/Position Title","District Key","VoteFor","Unit Name","Tally","64","081","Kings","IN-PLAY","Primary Election - 06/28/2022","Democratic","Delegate to Judicial Convention","64",3,"Scattered",4
"AD","ED","County","EDAD Status","Event","Party/Independent Body","Office/Position Title","District Key","VoteFor","Unit Name","Tally","64","082","Kings","IN-PLAY","Primary Election - 06/28/2022","Democratic","Delegate to Judicial Convention","64",3,"Public Counter",218
"AD","ED","County","EDAD Status","Event","Party/Independent Body","Office/Position Title","District Key","VoteFor","Unit Name","Tally","64","082","Kings","IN-PLAY","Primary Election - 06/28/2022","Democratic","Delegate to Judicial Convention","64",3,"Manually Counted Emergency",0
"AD","ED","County","EDAD Status","Event","Party/Independent Body","Office/Position Title","District Key","VoteFor","Unit Name","Tally","64","082","Kings","IN-PLAY","Primary Election - 06/28/2022","Democratic","Delegate to Judicial Convention","64",3,"Absentee / Military",5
"AD","ED","County","EDAD Status","Event","Party/Independent Body","Office/Position Title","District Key","VoteFor","Unit Name","Tally","64","082","Kings","IN-PLAY","Primary Election - 06/28/2022","Democratic","Delegate to Judicial Convention","64",3,"Affidavit",0
"AD","ED","County","EDAD Status","Event","Party/Independent Body","Office/Position Title","District Key","VoteFor","Unit Name","Tally","64","082","Kings","IN-PLAY","Primary Election - 06/28/2022","Democratic","Delegate to Judicial Convention","64",3,"Amir Shani",130
"AD","ED","County","EDAD Status","Event","Party/Independent Body","Office/Position Title","District Key","VoteFor","Unit Name","Tally","64","082","Kings","IN-PLAY","Primary Election - 06/28/2022","Democratic","Delegate to Judicial Convention","64",3,"Scott G. Klein",127
"AD","ED","County","EDAD Status","Event","Party/Independent Body","Office/Position Title","District Key","VoteFor","Unit Name","Tally","64","082","Kings","IN-PLAY","Primary Election - 06/28/2022","Democratic","Delegate to Judicial Convention","64",3,"Pierre A. Lehu",113
"AD","ED","County","EDAD Status","Event","Party/Independent Body","Office/Position Title","District Key","VoteFor","Unit Name","Tally","64","082","Kings","IN-PLAY","Primary Election - 06/28/2022","Democratic","Delegate to Judicial Convention","64",3,"Alan Fintz",39
"AD","ED","County","EDAD Status","Event","Party/Independent Body","Office/Position Title","District Key","VoteFor","Unit Name","Tally","64","082","Kings","IN-PLAY","Primary Election - 06/28/2022","Democratic","Delegate to Judicial Convention","64",3,"Wayne Lamont",48
"AD","ED","County","EDAD Status","Event","Party/Independent Body","Office/Position Title","District Key","VoteFor","Unit Name","Tally","64","083","Kings","IN-PLAY","Primary Election - 06/28/2022","Democratic","Delegate to Judicial Convention","64",3,"Public Counter",175
"AD","ED","County","EDAD Status","Event","Party/Independent Body","Office/Position Title","District Key","VoteFor","Unit Name","Tally","64","083","Kings","IN-PLAY","Primary Election - 06/28/2022","Democratic","Delegate to Judicial Convention","64",3,"Manually Counted Emergency",0
"AD","ED","County","EDAD Status","Event","Party/Independent Body","Office/Position Title","District Key","VoteFor","Unit Name","Tally","64","083","Kings","IN-PLAY","Primary Election - 06/28/2022","Democratic","Delegate to Judicial Convention","64",3,"Absentee / Military",12
"AD","ED","County","EDAD Status","Event","Party/Independent Body","Office/Position Title","District Key","VoteFor","Unit Name","Tally","64","083","Kings","IN-PLAY","Primary Election - 06/28/2022","Democratic","Delegate to Judicial Convention","64",3,"Affidavit",3
"AD","ED","County","EDAD Status","Event","Party/Independent Body","Office/Position Title","District Key","VoteFor","Unit Name","Tally","64","083","Kings","IN-PLAY","Primary Election - 06/28/2022","Democratic","Delegate to Judicial Convention","64",3,"Amir Shani",83
"AD","ED","County","EDAD Status","Event","Party/Independent Body","Office/Position Title","District Key","VoteFor","Unit Name","Tally","64","083","Kings","IN-PLAY","Primary Election - 06/28/2022","Democratic","Delegate to Judicial Convention","64",3,"Scott G. Klein",93
"AD","ED","County","EDAD Status","Event","Party/Independent Body","Office/Position Title","District Key","VoteFor","Unit Name","Tally","64","083","Kings","IN-PLAY","Primary Election - 06/28/2022","Democratic","Delegate to Judicial Convention","64",3,"Pierre A. Lehu",80
"AD","ED","County","EDAD Status","Event","Party/Independent Body","Office/Position Title","District Key","VoteFor","Unit Name","Tally","64","083","Kings","IN-PLAY","Primary Election - 06/28/2022","Democratic","Delegate to Judicial Convention","64",3,"Alan Fintz",29
"AD","ED","County","EDAD Status","Event","Party/Independent Body","Office/Position Title","District Key","VoteFor","Unit Name","Tally","64","083","Kings","IN-PLAY","Primary Election - 06/28/2022","Democratic","Delegate to Judicial Convention","64",3,"Wayne Lamont",34
"AD","ED","County","EDAD Status","Event","Party/Independent Body","Office/Position Title","District Key","VoteFor","Unit Name","Tally","64","083","Kings","IN-PLAY","Primary Election - 06/28/2022","Democratic","Delegate to Judicial Convention","64",3,"Scattered",2
"AD","ED","County","EDAD Status","Event","Party/Independent Body","Office/Position Title","District Key","VoteFor","Unit Name","Tally","64","084","Kings","IN-PLAY","Primary Election - 06/28/2022","Democratic","Delegate to Judicial Convention","64",3,"Public Counter",82
"AD","ED","County","EDAD Status","Event","Party/Independent Body","Office/Position Title","District Key","VoteFor","Unit Name","Tally","64","084","Kings","IN-PLAY","Primary Election - 06/28/2022","Democratic","Delegate to Judicial Convention","64",3,"Manually Counted Emergency",0
"AD","ED","County","EDAD Status","Event","Party/Independent Body","Office/Position Title","District Key","VoteFor","Unit Name","Tally","64","084","Kings","IN-PLAY","Primary Election - 06/28/2022","Democratic","Delegate to Judicial Convention","64",3,"Absentee / Military",6
"AD","ED","County","EDAD Status","Event","Party/Independent Body","Office/Position Title","District Key","VoteFor","Unit Name","Tally","64","084","Kings","IN-PLAY","Primary Election - 06/28/2022","Democratic","Delegate to Judicial Convention","64",3,"Affidavit",0
"AD","ED","County","EDAD Status","Event","Party/Independent Body","Office/Position Title","District Key","VoteFor","Unit Name","Tally","64","084","Kings","IN-PLAY","Primary Election - 06/28/2022","Democratic","Delegate to Judicial Convention","64",3,"Amir Shani",46
"AD","ED","County","EDAD Status","Event","Party/Independent Body","Office/Position Title","District Key","VoteFor","Unit Name","Tally","64","084","Kings","IN-PLAY","Primary Election - 06/28/2022","Democratic","Delegate to Judicial Convention","64",3,"Scott G. Klein",56
"AD","ED","County","EDAD Status","Event","Party/Independent Body","Office/Position Title","District Key","VoteFor","Unit Name","Tally","64","084","Kings","IN-PLAY","Primary Election - 06/28/2022","Democratic","Delegate to Judicial Convention","64",3,"Pierre A. Lehu",49
"AD","ED","County","EDAD Status","Event","Party/Independent Body","Office/Position Title","District Key","VoteFor","Unit Name","Tally","64","084","Kings","IN-PLAY","Primary Election - 06/28/2022","Democratic","Delegate to Judicial Convention","64",3,"Alan Fintz",18
"AD","ED","County","EDAD Status","Event","Party/Independent Body","Office/Position Title","District Key","VoteFor","Unit Name","Tally","64","084","Kings","IN-PLAY","Primary Election - 06/28/2022","Democratic","Delegate to Judicial Convention","64",3,"Wayne Lamont",18
"AD","ED","County","EDAD Status","Event","Party/Independent Body","Office/Position Title","District Key","VoteFor","Unit Name","Tally","64","084","Kings","IN-PLAY","Primary Election - 06/28/2022","Democratic","Delegate to Judicial Convention","64",3,"Scattered",2
"AD","ED","County","EDAD Status","Event","Party/Independent Body","Office/Position Title","District Key","VoteFor","Unit Name","Tally","64","085","Kings","IN-PLAY","Primary Election - 06/28/2022","Democratic","Delegate to Judicial Convention","64",3,"Public Counter",99
"AD","ED","County","EDAD Status","Event","Party/Independent Body","Office/Position Title","District Key","VoteFor","Unit Name","Tally","64","085","Kings","IN-PLAY","Primary Election - 06/28/2022","Democratic","Delegate to Judicial Convention","64",3,"Manually Counted Emergency",0
"AD","ED","County","EDAD Status","Event","Party/Independent Body","Office/Position Title","District Key","VoteFor","Unit Name","Tally","64","085","Kings","IN-PLAY","Primary Election - 06/28/2022","Democratic","Delegate to Judicial Convention","64",3,"Absentee / Military",10
"AD","ED","County","EDAD Status","Event","Party/Independent Body","Office/Position Title","District Key","VoteFor","Unit Name","Tally","64","085","Kings","IN-PLAY","Primary Election - 06/28/2022","Democratic","Delegate to Judicial Convention","64",3,"Affidavit",0
"AD","ED","County","EDAD Status","Event","Party/Independent Body","Office/Position Title","District Key","VoteFor","Unit Name","Tally","64","085","Kings","IN-PLAY","Primary Election - 06/28/2022","Democratic","Delegate to Judicial Convention","64",3,"Amir Shani",58
"AD","ED","County","EDAD Status","Event","Party/Independent Body","Office/Position Title","District Key","VoteFor","Unit Name","Tally","64","085","Kings","IN-PLAY","Primary Election - 06/28/2022","Democratic","Delegate to Judicial Convention","64",3,"Scott G. Klein",61
"AD","ED","County","EDAD Status","Event","Party/Independent Body","Office/Position Title","District Key","VoteFor","Unit Name","Tally","64","085","Kings","IN-PLAY","Primary Election - 06/28/2022","Democratic","Delegate to Judicial Convention","64",3,"Pierre A. Lehu",49
"AD","ED","County","EDAD Status","Event","Party/Independent Body","Office/Position Title","District Key","VoteFor","Unit Name","Tally","64","085","Kings","IN-PLAY","Primary Election - 06/28/2022","Democratic","Delegate to Judicial Convention","64",3,"Alan Fintz",23
"AD","ED","County","EDAD Status","Event","Party/Independent Body","Office/Position Title","District Key","VoteFor","Unit Name","Tally","64","085","Kings","IN-PLAY","Primary Election - 06/28/2022","Democratic","Delegate to Judicial Convention","64",3,"Wayne Lamont",23
"AD","ED","County","EDAD Status","Event","Party/Independent Body","Office/Position Title","District Key","VoteFor","Unit Name","Tally","64","086","Kings","IN-PLAY","Primary Election - 06/28/2022","Democratic","Delegate to Judicial Convention","64",3,"Public Counter",66
"AD","ED","County","EDAD Status","Event","Party/Independent Body","Office/Position Title","District Key","VoteFor","Unit Name","Tally","64","086","Kings","IN-PLAY","Primary Election - 06/28/2022","Democratic","Delegate to Judicial Convention","64",3,"Manually Counted Emergency",0
"AD","ED","County","EDAD Status","Event","Party/Independent Body","Office/Position Title","District Key","VoteFor","Unit Name","Tally","64","086","Kings","IN-PLAY","Primary Election - 06/28/2022","Democratic","Delegate to Judicial Convention","64",3,"Absentee / Military",2
"AD","ED","County","EDAD Status","Event","Party/Independent Body","Office/Position Title","District Key","VoteFor","Unit Name","Tally","64","086","Kings","IN-PLAY","Primary Election - 06/28/2022","Democratic","Delegate to Judicial Convention","64",3,"Affidavit",1
"AD","ED","County","EDAD Status","Event","Party/Independent Body","Office/Position Title","District Key","VoteFor","Unit Name","Tally","64","086","Kings","IN-PLAY","Primary Election - 06/28/2022","Democratic","Delegate to Judicial Convention","64",3,"Amir Shani",30
"AD","ED","County","EDAD Status","Event","Party/Independent Body","Office/Position Title","District Key","VoteFor","Unit Name","Tally","64","086","Kings","IN-PLAY","Primary Election - 06/28/2022","Democratic","Delegate to Judicial Convention","64",3,"Scott G. Klein",36
"AD","ED","County","EDAD Status","Event","Party/Independent Body","Office/Position Title","District Key","VoteFor","Unit Name","Tally","64","086","Kings","IN-PLAY","Primary Election - 06/28/2022","Democratic","Delegate to Judicial Convention","64",3,"Pierre A. Lehu",31
"AD","ED","County","EDAD Status","Event","Party/Independent Body","Office/Position Title","District Key","VoteFor","Unit Name","Tally","64","086","Kings","IN-PLAY","Primary Election - 06/28/2022","Democratic","Delegate to Judicial Convention","64",3,"Alan Fintz",11
"AD","ED","County","EDAD Status","Event","Party/Independent Body","Office/Position Title","District Key","VoteFor","Unit Name","Tally","64","086","Kings","IN-PLAY","Primary Election - 06/28/2022","Democratic","Delegate to Judicial Convention","64",3,"Wayne Lamont",13
"AD","ED","County","EDAD Status","Event","Party/Independent Body","Office/Position Title","District Key","VoteFor","Unit Name","Tally","64","087","Kings","IN-PLAY","Primary Election - 06/28/2022","Democratic","Delegate to Judicial Convention","64",3,"Public Counter",0
"AD","ED","County","EDAD Status","Event","Party/Independent Body","Office/Position Title","District Key","VoteFor","Unit Name","Tally","64","087","Kings","IN-PLAY","Primary Election - 06/28/2022","Democratic","Delegate to Judicial Convention","64",3,"Manually Counted Emergency",0
"AD","ED","County","EDAD Status","Event","Party/Independent Body","Office/Position Title","District Key","VoteFor","Unit Name","Tally","64","087","Kings","IN-PLAY","Primary Election - 06/28/2022","Democratic","Delegate to Judicial Convention","64",3,"Absentee / Military",0
"AD","ED","County","EDAD Status","Event","Party/Independent Body","Office/Position Title","District Key","VoteFor","Unit Name","Tally","64","087","Kings","IN-PLAY","Primary Election - 06/28/2022","Democratic","Delegate to Judicial Convention","64",3,"Affidavit",0
"AD","ED","County","EDAD Status","Event","Party/Independent Body","Office/Position Title","District Key","VoteFor","Unit Name","Tally","64","087","Kings","IN-PLAY","Primary Election - 06/28/2022","Democratic","Delegate to Judicial Convention","64",3,"Amir Shani",0
"AD","ED","County","EDAD Status","Event","Party/Independent Body","Office/Position Title","District Key","VoteFor","Unit Name","Tally","64","087","Kings","IN-PLAY","Primary Election - 06/28/2022","Democratic","Delegate to Judicial Convention","64",3,"Scott G. Klein",0
"AD","ED","County","EDAD Status","Event","Party/Independent Body","Office/Position Title","District Key","VoteFor","Unit Name","Tally","64","087","Kings","IN-PLAY","Primary Election - 06/28/2022","Democratic","Delegate to Judicial Convention","64",3,"Pierre A. Lehu",0
"AD","ED","County","EDAD Status","Event","Party/Independent Body","Office/Position Title","District Key","VoteFor","Unit Name","Tally","64","087","Kings","IN-PLAY","Primary Election - 06/28/2022","Democratic","Delegate to Judicial Convention","64",3,"Alan Fintz",0
"AD","ED","County","EDAD Status","Event","Party/Independent Body","Office/Position Title","District Key","VoteFor","Unit Name","Tally","64","087","Kings","IN-PLAY","Primary Election - 06/28/2022","Democratic","Delegate to Judicial Convention","64",3,"Wayne Lamont",0
"AD","ED","County","EDAD Status","Event","Party/Independent Body","Office/Position Title","District Key","VoteFor","Unit Name","Tally","64","088","Kings","IN-PLAY","Primary Election - 06/28/2022","Democratic","Delegate to Judicial Convention","64",3,"Public Counter",0
"AD","ED","County","EDAD Status","Event","Party/Independent Body","Office/Position Title","District Key","VoteFor","Unit Name","Tally","64","088","Kings","IN-PLAY","Primary Election - 06/28/2022","Democratic","Delegate to Judicial Convention","64",3,"Manually Counted Emergency",0
"AD","ED","County","EDAD Status","Event","Party/Independent Body","Office/Position Title","District Key","VoteFor","Unit Name","Tally","64","088","Kings","IN-PLAY","Primary Election - 06/28/2022","Democratic","Delegate to Judicial Convention","64",3,"Absentee / Military",0
"AD","ED","County","EDAD Status","Event","Party/Independent Body","Office/Position Title","District Key","VoteFor","Unit Name","Tally","64","088","Kings","IN-PLAY","Primary Election - 06/28/2022","Democratic","Delegate to Judicial Convention","64",3,"Affidavit",0
"AD","ED","County","EDAD Status","Event","Party/Independent Body","Office/Position Title","District Key","VoteFor","Unit Name","Tally","64","088","Kings","IN-PLAY","Primary Election - 06/28/2022","Democratic","Delegate to Judicial Convention","64",3,"Amir Shani",0
"AD","ED","County","EDAD Status","Event","Party/Independent Body","Office/Position Title","District Key","VoteFor","Unit Name","Tally","64","088","Kings","IN-PLAY","Primary Election - 06/28/2022","Democratic","Delegate to Judicial Convention","64",3,"Scott G. Klein",0
"AD","ED","County","EDAD Status","Event","Party/Independent Body","Office/Position Title","District Key","VoteFor","Unit Name","Tally","64","088","Kings","IN-PLAY","Primary Election - 06/28/2022","Democratic","Delegate to Judicial Convention","64",3,"Pierre A. Lehu",0
"AD","ED","County","EDAD Status","Event","Party/Independent Body","Office/Position Title","District Key","VoteFor","Unit Name","Tally","64","088","Kings","IN-PLAY","Primary Election - 06/28/2022","Democratic","Delegate to Judicial Convention","64",3,"Alan Fintz",0
"AD","ED","County","EDAD Status","Event","Party/Independent Body","Office/Position Title","District Key","VoteFor","Unit Name","Tally","64","088","Kings","IN-PLAY","Primary Election - 06/28/2022","Democratic","Delegate to Judicial Convention","64",3,"Wayne Lamont",0
