"AD","ED","County","EDAD Status","Event","Party/Independent Body","Office/Position Title","District Key","VoteFor","Unit Name","Tally","35","001","Queens","IN-PLAY","Primary Election - 06/28/2022","Democratic","Female District Leader","35A",1,"Public Counter",44
"AD","ED","County","EDAD Status","Event","Party/Independent Body","Office/Position Title","District Key","VoteFor","Unit Name","Tally","35","001","Queens","IN-PLAY","Primary Election - 06/28/2022","Democratic","Female District Leader","35A",1,"Manually Counted Emergency",0
"AD","ED","County","EDAD Status","Event","Party/Independent Body","Office/Position Title","District Key","VoteFor","Unit Name","Tally","35","001","Queens","IN-PLAY","Primary Election - 06/28/2022","Democratic","Female District Leader","35A",1,"Absentee / Military",8
"AD","ED","County","EDAD Status","Event","Party/Independent Body","Office/Position Title","District Key","VoteFor","Unit Name","Tally","35","001","Queens","IN-PLAY","Primary Election - 06/28/2022","Democratic","Female District Leader","35A",1,"Affidavit",0
"AD","ED","County","EDAD Status","Event","Party/Independent Body","Office/Position Title","District Key","VoteFor","Unit Name","Tally","35","001","Queens","IN-PLAY","Primary Election - 06/28/2022","Democratic","Female District Leader","35A",1,"Larinda C. Hooks",18
"AD","ED","County","EDAD Status","Event","Party/Independent Body","Office/Position Title","District Key","VoteFor","Unit Name","Tally","35","001","Queens","IN-PLAY","Primary Election - 06/28/2022","Democratic","Female District Leader","35A",1,"Sonya Harvey",28
"AD","ED","County","EDAD Status","Event","Party/Independent Body","Office/Position Title","District Key","VoteFor","Unit Name","Tally","35","002","Queens","IN-PLAY","Primary Election - 06/28/2022","Democratic","Female District Leader","35A",1,"Public Counter",45
"AD","ED","County","EDAD Status","Event","Party/Independent Body","Office/Position Title","District Key","VoteFor","Unit Name","Tally","35","002","Queens","IN-PLAY","Primary Election - 06/28/2022","Democratic","Female District Leader","35A",1,"Manually Counted Emergency",0
"AD","ED","County","EDAD Status","Event","Party/Independent Body","Office/Position Title","District Key","VoteFor","Unit Name","Tally","35","002","Queens","IN-PLAY","Primary Election - 06/28/2022","Democratic","Female District Leader","35A",1,"Absentee / Military",0
"AD","ED","County","EDAD Status","Event","Party/Independent Body","Office/Position Title","District Key","VoteFor","Unit Name","Tally","35","002","Queens","IN-PLAY","Primary Election - 06/28/2022","Democratic","Female District Leader","35A",1,"Affidavit",0
"AD","ED","County","EDAD Status","Event","Party/Independent Body","Office/Position Title","District Key","VoteFor","Unit Name","Tally","35","002","Queens","IN-PLAY","Primary Election - 06/28/2022","Democratic","Female District Leader","35A",1,"Larinda C. Hooks",17
"AD","ED","County","EDAD Status","Event","Party/Independent Body","Office/Position Title","District Key","VoteFor","Unit Name","Tally","35","002","Queens","IN-PLAY","Primary Election - 06/28/2022","Democratic","Female District Leader","35A",1,"Sonya Harvey",16
"AD","ED","County","EDAD Status","Event","Party/Independent Body","Office/Position Title","District Key","VoteFor","Unit Name","Tally","35","003","Queens","IN-PLAY","Primary Election - 06/28/2022","Democratic","Female District Leader","35A",1,"Public Counter",64
"AD","ED","County","EDAD Status","Event","Party/Independent Body","Office/Position Title","District Key","VoteFor","Unit Name","Tally","35","003","Queens","IN-PLAY","Primary Election - 06/28/2022","Democratic","Female District Leader","35A",1,"Manually Counted Emergency",0
"AD","ED","County","EDAD Status","Event","Party/Independent Body","Office/Position Title","District Key","VoteFor","Unit Name","Tally","35","003","Queens","IN-PLAY","Primary Election - 06/28/2022","Democratic","Female District Leader","35A",1,"Absentee / Military",4
"AD","ED","County","EDAD Status","Event","Party/Independent Body","Office/Position Title","District Key","VoteFor","Unit Name","Tally","35","003","Queens","IN-PLAY","Primary Election - 06/28/2022","Democratic","Female District Leader","35A",1,"Affidavit",2
"AD","ED","County","EDAD Status","Event","Party/Independent Body","Office/Position Title","District Key","VoteFor","Unit Name","Tally","35","003","Queens","IN-PLAY","Primary Election - 06/28/2022","Democratic","Female District Leader","35A",1,"Larinda C. Hooks",34
"AD","ED","County","EDAD Status","Event","Party/Independent Body","Office/Position Title","District Key","VoteFor","Unit Name","Tally","35","003","Queens","IN-PLAY","Primary Election - 06/28/2022","Democratic","Female District Leader","35A",1,"Sonya Harvey",24
"AD","ED","County","EDAD Status","Event","Party/Independent Body","Office/Position Title","District Key","VoteFor","Unit Name","Tally","35","004","Queens","IN-PLAY","Primary Election - 06/28/2022","Democratic","Female District Leader","35A",1,"Public Counter",94
"AD","ED","County","EDAD Status","Event","Party/Independent Body","Office/Position Title","District Key","VoteFor","Unit Name","Tally","35","004","Queens","IN-PLAY","Primary Election - 06/28/2022","Democratic","Female District Leader","35A",1,"Manually Counted Emergency",0
"AD","ED","County","EDAD Status","Event","Party/Independent Body","Office/Position Title","District Key","VoteFor","Unit Name","Tally","35","004","Queens","IN-PLAY","Primary Election - 06/28/2022","Democratic","Female District Leader","35A",1,"Absentee / Military",4
"AD","ED","County","EDAD Status","Event","Party/Independent Body","Office/Position Title","District Key","VoteFor","Unit Name","Tally","35","004","Queens","IN-PLAY","Primary Election - 06/28/2022","Democratic","Female District Leader","35A",1,"Affidavit",1
"AD","ED","County","EDAD Status","Event","Party/Independent Body","Office/Position Title","District Key","VoteFor","Unit Name","Tally","35","004","Queens","IN-PLAY","Primary Election - 06/28/2022","Democratic","Female District Leader","35A",1,"Larinda C. Hooks",44
"AD","ED","County","EDAD Status","Event","Party/Independent Body","Office/Position Title","District Key","VoteFor","Unit Name","Tally","35","004","Queens","IN-PLAY","Primary Election - 06/28/2022","Democratic","Female District Leader","35A",1,"Sonya Harvey",43
"AD","ED","County","EDAD Status","Event","Party/Independent Body","Office/Position Title","District Key","VoteFor","Unit Name","Tally","35","005","Queens","IN-PLAY","Primary Election - 06/28/2022","Democratic","Female District Leader","35A",1,"Public Counter",109
"AD","ED","County","EDAD Status","Event","Party/Independent Body","Office/Position Title","District Key","VoteFor","Unit Name","Tally","35","005","Queens","IN-PLAY","Primary Election - 06/28/2022","Democratic","Female District Leader","35A",1,"Manually Counted Emergency",0
"AD","ED","County","EDAD Status","Event","Party/Independent Body","Office/Position Title","District Key","VoteFor","Unit Name","Tally","35","005","Queens","IN-PLAY","Primary Election - 06/28/2022","Democratic","Female District Leader","35A",1,"Absentee / Military",13
"AD","ED","County","EDAD Status","Event","Party/Independent Body","Office/Position Title","District Key","VoteFor","Unit Name","Tally","35","005","Queens","IN-PLAY","Primary Election - 06/28/2022","Democratic","Female District Leader","35A",1,"Affidavit",2
"AD","ED","County","EDAD Status","Event","Party/Independent Body","Office/Position Title","District Key","VoteFor","Unit Name","Tally","35","005","Queens","IN-PLAY","Primary Election - 06/28/2022","Democratic","Female District Leader","35A",1,"Larinda C. Hooks",59
"AD","ED","County","EDAD Status","Event","Party/Independent Body","Office/Position Title","District Key","VoteFor","Unit Name","Tally","35","005","Queens","IN-PLAY","Primary Election - 06/28/2022","Democratic","Female District Leader","35A",1,"Sonya Harvey",49
"AD","ED","County","EDAD Status","Event","Party/Independent Body","Office/Position Title","District Key","VoteFor","Unit Name","Tally","35","005","Queens","IN-PLAY","Primary Election - 06/28/2022","Democratic","Female District Leader","35A",1,"Scattered",1
"AD","ED","County","EDAD Status","Event","Party/Independent Body","Office/Position Title","District Key","VoteFor","Unit Name","Tally","35","006","Queens","IN-PLAY","Primary Election - 06/28/2022","Democratic","Female District Leader","35A",1,"Public Counter",116
"AD","ED","County","EDAD Status","Event","Party/Independent Body","Office/Position Title","District Key","VoteFor","Unit Name","Tally","35","006","Queens","IN-PLAY","Primary Election - 06/28/2022","Democratic","Female District Leader","35A",1,"Manually Counted Emergency",0
"AD","ED","County","EDAD Status","Event","Party/Independent Body","Office/Position Title","District Key","VoteFor","Unit Name","Tally","35","006","Queens","IN-PLAY","Primary Election - 06/28/2022","Democratic","Female District Leader","35A",1,"Absentee / Military",1
"AD","ED","County","EDAD Status","Event","Party/Independent Body","Office/Position Title","District Key","VoteFor","Unit Name","Tally","35","006","Queens","IN-PLAY","Primary Election - 06/28/2022","Democratic","Female District Leader","35A",1,"Affidavit",0
"AD","ED","County","EDAD Status","Event","Party/Independent Body","Office/Position Title","District Key","VoteFor","Unit Name","Tally","35","006","Queens","IN-PLAY","Primary Election - 06/28/2022","Democratic","Female District Leader","35A",1,"Larinda C. Hooks",57
"AD","ED","County","EDAD Status","Event","Party/Independent Body","Office/Position Title","District Key","VoteFor","Unit Name","Tally","35","006","Queens","IN-PLAY","Primary Election - 06/28/2022","Democratic","Female District Leader","35A",1,"Sonya Harvey",44
"AD","ED","County","EDAD Status","Event","Party/Independent Body","Office/Position Title","District Key","VoteFor","Unit Name","Tally","35","007","Queens","IN-PLAY","Primary Election - 06/28/2022","Democratic","Female District Leader","35A",1,"Public Counter",215
"AD","ED","County","EDAD Status","Event","Party/Independent Body","Office/Position Title","District Key","VoteFor","Unit Name","Tally","35","007","Queens","IN-PLAY","Primary Election - 06/28/2022","Democratic","Female District Leader","35A",1,"Manually Counted Emergency",0
"AD","ED","County","EDAD Status","Event","Party/Independent Body","Office/Position Title","District Key","VoteFor","Unit Name","Tally","35","007","Queens","IN-PLAY","Primary Election - 06/28/2022","Democratic","Female District Leader","35A",1,"Absentee / Military",5
"AD","ED","County","EDAD Status","Event","Party/Independent Body","Office/Position Title","District Key","VoteFor","Unit Name","Tally","35","007","Queens","IN-PLAY","Primary Election - 06/28/2022","Democratic","Female District Leader","35A",1,"Affidavit",0
"AD","ED","County","EDAD Status","Event","Party/Independent Body","Office/Position Title","District Key","VoteFor","Unit Name","Tally","35","007","Queens","IN-PLAY","Primary Election - 06/28/2022","Democratic","Female District Leader","35A",1,"Larinda C. Hooks",115
"AD","ED","County","EDAD Status","Event","Party/Independent Body","Office/Position Title","District Key","VoteFor","Unit Name","Tally","35","007","Queens","IN-PLAY","Primary Election - 06/28/2022","Democratic","Female District Leader","35A",1,"Sonya Harvey",83
"AD","ED","County","EDAD Status","Event","Party/Independent Body","Office/Position Title","District Key","VoteFor","Unit Name","Tally","35","008","Queens","IN-PLAY","Primary Election - 06/28/2022","Democratic","Female District Leader","35A",1,"Public Counter",182
"AD","ED","County","EDAD Status","Event","Party/Independent Body","Office/Position Title","District Key","VoteFor","Unit Name","Tally","35","008","Queens","IN-PLAY","Primary Election - 06/28/2022","Democratic","Female District Leader","35A",1,"Manually Counted Emergency",0
"AD","ED","County","EDAD Status","Event","Party/Independent Body","Office/Position Title","District Key","VoteFor","Unit Name","Tally","35","008","Queens","IN-PLAY","Primary Election - 06/28/2022","Democratic","Female District Leader","35A",1,"Absentee / Military",9
"AD","ED","County","EDAD Status","Event","Party/Independent Body","Office/Position Title","District Key","VoteFor","Unit Name","Tally","35","008","Queens","IN-PLAY","Primary Election - 06/28/2022","Democratic","Female District Leader","35A",1,"Affidavit",1
"AD","ED","County","EDAD Status","Event","Party/Independent Body","Office/Position Title","District Key","VoteFor","Unit Name","Tally","35","008","Queens","IN-PLAY","Primary Election - 06/28/2022","Democratic","Female District Leader","35A",1,"Larinda C. Hooks",91
"AD","ED","County","EDAD Status","Event","Party/Independent Body","Office/Position Title","District Key","VoteFor","Unit Name","Tally","35","008","Queens","IN-PLAY","Primary Election - 06/28/2022","Democratic","Female District Leader","35A",1,"Sonya Harvey",81
"AD","ED","County","EDAD Status","Event","Party/Independent Body","Office/Position Title","District Key","VoteFor","Unit Name","Tally","35","008","Queens","IN-PLAY","Primary Election - 06/28/2022","Democratic","Female District Leader","35A",1,"Scattered",1
"AD","ED","County","EDAD Status","Event","Party/Independent Body","Office/Position Title","District Key","VoteFor","Unit Name","Tally","35","009","Queens","IN-PLAY","Primary Election - 06/28/2022","Democratic","Female District Leader","35A",1,"Public Counter",66
"AD","ED","County","EDAD Status","Event","Party/Independent Body","Office/Position Title","District Key","VoteFor","Unit Name","Tally","35","009","Queens","IN-PLAY","Primary Election - 06/28/2022","Democratic","Female District Leader","35A",1,"Manually Counted Emergency",0
"AD","ED","County","EDAD Status","Event","Party/Independent Body","Office/Position Title","District Key","VoteFor","Unit Name","Tally","35","009","Queens","IN-PLAY","Primary Election - 06/28/2022","Democratic","Female District Leader","35A",1,"Absentee / Military",3
"AD","ED","County","EDAD Status","Event","Party/Independent Body","Office/Position Title","District Key","VoteFor","Unit Name","Tally","35","009","Queens","IN-PLAY","Primary Election - 06/28/2022","Democratic","Female District Leader","35A",1,"Affidavit",0
"AD","ED","County","EDAD Status","Event","Party/Independent Body","Office/Position Title","District Key","VoteFor","Unit Name","Tally","35","009","Queens","IN-PLAY","Primary Election - 06/28/2022","Democratic","Female District Leader","35A",1,"Larinda C. Hooks",35
"AD","ED","County","EDAD Status","Event","Party/Independent Body","Office/Position Title","District Key","VoteFor","Unit Name","Tally","35","009","Queens","IN-PLAY","Primary Election - 06/28/2022","Democratic","Female District Leader","35A",1,"Sonya Harvey",29
"AD","ED","County","EDAD Status","Event","Party/Independent Body","Office/Position Title","District Key","VoteFor","Unit Name","Tally","35","010","Queens","IN-PLAY","Primary Election - 06/28/2022","Democratic","Female District Leader","35A",1,"Public Counter",85
"AD","ED","County","EDAD Status","Event","Party/Independent Body","Office/Position Title","District Key","VoteFor","Unit Name","Tally","35","010","Queens","IN-PLAY","Primary Election - 06/28/2022","Democratic","Female District Leader","35A",1,"Manually Counted Emergency",0
"AD","ED","County","EDAD Status","Event","Party/Independent Body","Office/Position Title","District Key","VoteFor","Unit Name","Tally","35","010","Queens","IN-PLAY","Primary Election - 06/28/2022","Democratic","Female District Leader","35A",1,"Absentee / Military",1
"AD","ED","County","EDAD Status","Event","Party/Independent Body","Office/Position Title","District Key","VoteFor","Unit Name","Tally","35","010","Queens","IN-PLAY","Primary Election - 06/28/2022","Democratic","Female District Leader","35A",1,"Affidavit",0
"AD","ED","County","EDAD Status","Event","Party/Independent Body","Office/Position Title","District Key","VoteFor","Unit Name","Tally","35","010","Queens","IN-PLAY","Primary Election - 06/28/2022","Democratic","Female District Leader","35A",1,"Larinda C. Hooks",30
"AD","ED","County","EDAD Status","Event","Party/Independent Body","Office/Position Title","District Key","VoteFor","Unit Name","Tally","35","010","Queens","IN-PLAY","Primary Election - 06/28/2022","Democratic","Female District Leader","35A",1,"Sonya Harvey",47
"AD","ED","County","EDAD Status","Event","Party/Independent Body","Office/Position Title","District Key","VoteFor","Unit Name","Tally","35","011","Queens","IN-PLAY","Primary Election - 06/28/2022","Democratic","Female District Leader","35A",1,"Public Counter",75
"AD","ED","County","EDAD Status","Event","Party/Independent Body","Office/Position Title","District Key","VoteFor","Unit Name","Tally","35","011","Queens","IN-PLAY","Primary Election - 06/28/2022","Democratic","Female District Leader","35A",1,"Manually Counted Emergency",0
"AD","ED","County","EDAD Status","Event","Party/Independent Body","Office/Position Title","District Key","VoteFor","Unit Name","Tally","35","011","Queens","IN-PLAY","Primary Election - 06/28/2022","Democratic","Female District Leader","35A",1,"Absentee / Military",1
"AD","ED","County","EDAD Status","Event","Party/Independent Body","Office/Position Title","District Key","VoteFor","Unit Name","Tally","35","011","Queens","IN-PLAY","Primary Election - 06/28/2022","Democratic","Female District Leader","35A",1,"Affidavit",0
"AD","ED","County","EDAD Status","Event","Party/Independent Body","Office/Position Title","District Key","VoteFor","Unit Name","Tally","35","011","Queens","IN-PLAY","Primary Election - 06/28/2022","Democratic","Female District Leader","35A",1,"Larinda C. Hooks",30
"AD","ED","County","EDAD Status","Event","Party/Independent Body","Office/Position Title","District Key","VoteFor","Unit Name","Tally","35","011","Queens","IN-PLAY","Primary Election - 06/28/2022","Democratic","Female District Leader","35A",1,"Sonya Harvey",31
"AD","ED","County","EDAD Status","Event","Party/Independent Body","Office/Position Title","District Key","VoteFor","Unit Name","Tally","35","011","Queens","IN-PLAY","Primary Election - 06/28/2022","Democratic","Female District Leader","35A",1,"Scattered",1
"AD","ED","County","EDAD Status","Event","Party/Independent Body","Office/Position Title","District Key","VoteFor","Unit Name","Tally","35","012","Queens","IN-PLAY","Primary Election - 06/28/2022","Democratic","Female District Leader","35A",1,"Public Counter",112
"AD","ED","County","EDAD Status","Event","Party/Independent Body","Office/Position Title","District Key","VoteFor","Unit Name","Tally","35","012","Queens","IN-PLAY","Primary Election - 06/28/2022","Democratic","Female District Leader","35A",1,"Manually Counted Emergency",0
"AD","ED","County","EDAD Status","Event","Party/Independent Body","Office/Position Title","District Key","VoteFor","Unit Name","Tally","35","012","Queens","IN-PLAY","Primary Election - 06/28/2022","Democratic","Female District Leader","35A",1,"Absentee / Military",2
"AD","ED","County","EDAD Status","Event","Party/Independent Body","Office/Position Title","District Key","VoteFor","Unit Name","Tally","35","012","Queens","IN-PLAY","Primary Election - 06/28/2022","Democratic","Female District Leader","35A",1,"Affidavit",0
"AD","ED","County","EDAD Status","Event","Party/Independent Body","Office/Position Title","District Key","VoteFor","Unit Name","Tally","35","012","Queens","IN-PLAY","Primary Election - 06/28/2022","Democratic","Female District Leader","35A",1,"Larinda C. Hooks",47
"AD","ED","County","EDAD Status","Event","Party/Independent Body","Office/Position Title","District Key","VoteFor","Unit Name","Tally","35","012","Queens","IN-PLAY","Primary Election - 06/28/2022","Democratic","Female District Leader","35A",1,"Sonya Harvey",34
"AD","ED","County","EDAD Status","Event","Party/Independent Body","Office/Position Title","District Key","VoteFor","Unit Name","Tally","35","013","Queens","IN-PLAY","Primary Election - 06/28/2022","Democratic","Female District Leader","35A",1,"Public Counter",123
"AD","ED","County","EDAD Status","Event","Party/Independent Body","Office/Position Title","District Key","VoteFor","Unit Name","Tally","35","013","Queens","IN-PLAY","Primary Election - 06/28/2022","Democratic","Female District Leader","35A",1,"Manually Counted Emergency",0
"AD","ED","County","EDAD Status","Event","Party/Independent Body","Office/Position Title","District Key","VoteFor","Unit Name","Tally","35","013","Queens","IN-PLAY","Primary Election - 06/28/2022","Democratic","Female District Leader","35A",1,"Absentee / Military",1
"AD","ED","County","EDAD Status","Event","Party/Independent Body","Office/Position Title","District Key","VoteFor","Unit Name","Tally","35","013","Queens","IN-PLAY","Primary Election - 06/28/2022","Democratic","Female District Leader","35A",1,"Affidavit",1
"AD","ED","County","EDAD Status","Event","Party/Independent Body","Office/Position Title","District Key","VoteFor","Unit Name","Tally","35","013","Queens","IN-PLAY","Primary Election - 06/28/2022","Democratic","Female District Leader","35A",1,"Larinda C. Hooks",46
"AD","ED","County","EDAD Status","Event","Party/Independent Body","Office/Position Title","District Key","VoteFor","Unit Name","Tally","35","013","Queens","IN-PLAY","Primary Election - 06/28/2022","Democratic","Female District Leader","35A",1,"Sonya Harvey",55
"AD","ED","County","EDAD Status","Event","Party/Independent Body","Office/Position Title","District Key","VoteFor","Unit Name","Tally","35","013","Queens","IN-PLAY","Primary Election - 06/28/2022","Democratic","Female District Leader","35A",1,"Scattered",1
"AD","ED","County","EDAD Status","Event","Party/Independent Body","Office/Position Title","District Key","VoteFor","Unit Name","Tally","35","014","Queens","IN-PLAY","Primary Election - 06/28/2022","Democratic","Female District Leader","35A",1,"Public Counter",141
"AD","ED","County","EDAD Status","Event","Party/Independent Body","Office/Position Title","District Key","VoteFor","Unit Name","Tally","35","014","Queens","IN-PLAY","Primary Election - 06/28/2022","Democratic","Female District Leader","35A",1,"Manually Counted Emergency",0
"AD","ED","County","EDAD Status","Event","Party/Independent Body","Office/Position Title","District Key","VoteFor","Unit Name","Tally","35","014","Queens","IN-PLAY","Primary Election - 06/28/2022","Democratic","Female District Leader","35A",1,"Absentee / Military",2
"AD","ED","County","EDAD Status","Event","Party/Independent Body","Office/Position Title","District Key","VoteFor","Unit Name","Tally","35","014","Queens","IN-PLAY","Primary Election - 06/28/2022","Democratic","Female District Leader","35A",1,"Affidavit",0
"AD","ED","County","EDAD Status","Event","Party/Independent Body","Office/Position Title","District Key","VoteFor","Unit Name","Tally","35","014","Queens","IN-PLAY","Primary Election - 06/28/2022","Democratic","Female District Leader","35A",1,"Larinda C. Hooks",61
"AD","ED","County","EDAD Status","Event","Party/Independent Body","Office/Position Title","District Key","VoteFor","Unit Name","Tally","35","014","Queens","IN-PLAY","Primary Election - 06/28/2022","Democratic","Female District Leader","35A",1,"Sonya Harvey",66
"AD","ED","County","EDAD Status","Event","Party/Independent Body","Office/Position Title","District Key","VoteFor","Unit Name","Tally","35","014","Queens","IN-PLAY","Primary Election - 06/28/2022","Democratic","Female District Leader","35A",1,"Scattered",2
"AD","ED","County","EDAD Status","Event","Party/Independent Body","Office/Position Title","District Key","VoteFor","Unit Name","Tally","35","015","Queens","IN-PLAY","Primary Election - 06/28/2022","Democratic","Female District Leader","35A",1,"Public Counter",88
"AD","ED","County","EDAD Status","Event","Party/Independent Body","Office/Position Title","District Key","VoteFor","Unit Name","Tally","35","015","Queens","IN-PLAY","Primary Election - 06/28/2022","Democratic","Female District Leader","35A",1,"Manually Counted Emergency",0
"AD","ED","County","EDAD Status","Event","Party/Independent Body","Office/Position Title","District Key","VoteFor","Unit Name","Tally","35","015","Queens","IN-PLAY","Primary Election - 06/28/2022","Democratic","Female District Leader","35A",1,"Absentee / Military",3
"AD","ED","County","EDAD Status","Event","Party/Independent Body","Office/Position Title","District Key","VoteFor","Unit Name","Tally","35","015","Queens","IN-PLAY","Primary Election - 06/28/2022","Democratic","Female District Leader","35A",1,"Affidavit",0
"AD","ED","County","EDAD Status","Event","Party/Independent Body","Office/Position Title","District Key","VoteFor","Unit Name","Tally","35","015","Queens","IN-PLAY","Primary Election - 06/28/2022","Democratic","Female District Leader","35A",1,"Larinda C. Hooks",43
"AD","ED","County","EDAD Status","Event","Party/Independent Body","Office/Position Title","District Key","VoteFor","Unit Name","Tally","35","015","Queens","IN-PLAY","Primary Election - 06/28/2022","Democratic","Female District Leader","35A",1,"Sonya Harvey",33
"AD","ED","County","EDAD Status","Event","Party/Independent Body","Office/Position Title","District Key","VoteFor","Unit Name","Tally","35","016","Queens","IN-PLAY","Primary Election - 06/28/2022","Democratic","Female District Leader","35A",1,"Public Counter",179
"AD","ED","County","EDAD Status","Event","Party/Independent Body","Office/Position Title","District Key","VoteFor","Unit Name","Tally","35","016","Queens","IN-PLAY","Primary Election - 06/28/2022","Democratic","Female District Leader","35A",1,"Manually Counted Emergency",0
"AD","ED","County","EDAD Status","Event","Party/Independent Body","Office/Position Title","District Key","VoteFor","Unit Name","Tally","35","016","Queens","IN-PLAY","Primary Election - 06/28/2022","Democratic","Female District Leader","35A",1,"Absentee / Military",9
"AD","ED","County","EDAD Status","Event","Party/Independent Body","Office/Position Title","District Key","VoteFor","Unit Name","Tally","35","016","Queens","IN-PLAY","Primary Election - 06/28/2022","Democratic","Female District Leader","35A",1,"Affidavit",0
"AD","ED","County","EDAD Status","Event","Party/Independent Body","Office/Position Title","District Key","VoteFor","Unit Name","Tally","35","016","Queens","IN-PLAY","Primary Election - 06/28/2022","Democratic","Female District Leader","35A",1,"Larinda C. Hooks",84
"AD","ED","County","EDAD Status","Event","Party/Independent Body","Office/Position Title","District Key","VoteFor","Unit Name","Tally","35","016","Queens","IN-PLAY","Primary Election - 06/28/2022","Democratic","Female District Leader","35A",1,"Sonya Harvey",74
"AD","ED","County","EDAD Status","Event","Party/Independent Body","Office/Position Title","District Key","VoteFor","Unit Name","Tally","35","017","Queens","IN-PLAY","Primary Election - 06/28/2022","Democratic","Female District Leader","35A",1,"Public Counter",69
"AD","ED","County","EDAD Status","Event","Party/Independent Body","Office/Position Title","District Key","VoteFor","Unit Name","Tally","35","017","Queens","IN-PLAY","Primary Election - 06/28/2022","Democratic","Female District Leader","35A",1,"Manually Counted Emergency",0
"AD","ED","County","EDAD Status","Event","Party/Independent Body","Office/Position Title","District Key","VoteFor","Unit Name","Tally","35","017","Queens","IN-PLAY","Primary Election - 06/28/2022","Democratic","Female District Leader","35A",1,"Absentee / Military",3
"AD","ED","County","EDAD Status","Event","Party/Independent Body","Office/Position Title","District Key","VoteFor","Unit Name","Tally","35","017","Queens","IN-PLAY","Primary Election - 06/28/2022","Democratic","Female District Leader","35A",1,"Affidavit",0
"AD","ED","County","EDAD Status","Event","Party/Independent Body","Office/Position Title","District Key","VoteFor","Unit Name","Tally","35","017","Queens","IN-PLAY","Primary Election - 06/28/2022","Democratic","Female District Leader","35A",1,"Larinda C. Hooks",29
"AD","ED","County","EDAD Status","Event","Party/Independent Body","Office/Position Title","District Key","VoteFor","Unit Name","Tally","35","017","Queens","IN-PLAY","Primary Election - 06/28/2022","Democratic","Female District Leader","35A",1,"Sonya Harvey",31
"AD","ED","County","EDAD Status","Event","Party/Independent Body","Office/Position Title","District Key","VoteFor","Unit Name","Tally","35","018","Queens","IN-PLAY","Primary Election - 06/28/2022","Democratic","Female District Leader","35A",1,"Public Counter",60
"AD","ED","County","EDAD Status","Event","Party/Independent Body","Office/Position Title","District Key","VoteFor","Unit Name","Tally","35","018","Queens","IN-PLAY","Primary Election - 06/28/2022","Democratic","Female District Leader","35A",1,"Manually Counted Emergency",0
"AD","ED","County","EDAD Status","Event","Party/Independent Body","Office/Position Title","District Key","VoteFor","Unit Name","Tally","35","018","Queens","IN-PLAY","Primary Election - 06/28/2022","Democratic","Female District Leader","35A",1,"Absentee / Military",0
"AD","ED","County","EDAD Status","Event","Party/Independent Body","Office/Position Title","District Key","VoteFor","Unit Name","Tally","35","018","Queens","IN-PLAY","Primary Election - 06/28/2022","Democratic","Female District Leader","35A",1,"Affidavit",0
"AD","ED","County","EDAD Status","Event","Party/Independent Body","Office/Position Title","District Key","VoteFor","Unit Name","Tally","35","018","Queens","IN-PLAY","Primary Election - 06/28/2022","Democratic","Female District Leader","35A",1,"Larinda C. Hooks",19
"AD","ED","County","EDAD Status","Event","Party/Independent Body","Office/Position Title","District Key","VoteFor","Unit Name","Tally","35","018","Queens","IN-PLAY","Primary Election - 06/28/2022","Democratic","Female District Leader","35A",1,"Sonya Harvey",27
"AD","ED","County","EDAD Status","Event","Party/Independent Body","Office/Position Title","District Key","VoteFor","Unit Name","Tally","35","018","Queens","IN-PLAY","Primary Election - 06/28/2022","Democratic","Female District Leader","35A",1,"Scattered",1
"AD","ED","County","EDAD Status","Event","Party/Independent Body","Office/Position Title","District Key","VoteFor","Unit Name","Tally","35","019","Queens","IN-PLAY","Primary Election - 06/28/2022","Democratic","Female District Leader","35A",1,"Public Counter",42
"AD","ED","County","EDAD Status","Event","Party/Independent Body","Office/Position Title","District Key","VoteFor","Unit Name","Tally","35","019","Queens","IN-PLAY","Primary Election - 06/28/2022","Democratic","Female District Leader","35A",1,"Manually Counted Emergency",0
"AD","ED","County","EDAD Status","Event","Party/Independent Body","Office/Position Title","District Key","VoteFor","Unit Name","Tally","35","019","Queens","IN-PLAY","Primary Election - 06/28/2022","Democratic","Female District Leader","35A",1,"Absentee / Military",6
"AD","ED","County","EDAD Status","Event","Party/Independent Body","Office/Position Title","District Key","VoteFor","Unit Name","Tally","35","019","Queens","IN-PLAY","Primary Election - 06/28/2022","Democratic","Female District Leader","35A",1,"Affidavit",0
"AD","ED","County","EDAD Status","Event","Party/Independent Body","Office/Position Title","District Key","VoteFor","Unit Name","Tally","35","019","Queens","IN-PLAY","Primary Election - 06/28/2022","Democratic","Female District Leader","35A",1,"Larinda C. Hooks",18
"AD","ED","County","EDAD Status","Event","Party/Independent Body","Office/Position Title","District Key","VoteFor","Unit Name","Tally","35","019","Queens","IN-PLAY","Primary Election - 06/28/2022","Democratic","Female District Leader","35A",1,"Sonya Harvey",22
"AD","ED","County","EDAD Status","Event","Party/Independent Body","Office/Position Title","District Key","VoteFor","Unit Name","Tally","35","020","Queens","IN-PLAY","Primary Election - 06/28/2022","Democratic","Female District Leader","35A",1,"Public Counter",25
"AD","ED","County","EDAD Status","Event","Party/Independent Body","Office/Position Title","District Key","VoteFor","Unit Name","Tally","35","020","Queens","IN-PLAY","Primary Election - 06/28/2022","Democratic","Female District Leader","35A",1,"Manually Counted Emergency",0
"AD","ED","County","EDAD Status","Event","Party/Independent Body","Office/Position Title","District Key","VoteFor","Unit Name","Tally","35","020","Queens","IN-PLAY","Primary Election - 06/28/2022","Democratic","Female District Leader","35A",1,"Absentee / Military",2
"AD","ED","County","EDAD Status","Event","Party/Independent Body","Office/Position Title","District Key","VoteFor","Unit Name","Tally","35","020","Queens","IN-PLAY","Primary Election - 06/28/2022","Democratic","Female District Leader","35A",1,"Affidavit",0
"AD","ED","County","EDAD Status","Event","Party/Independent Body","Office/Position Title","District Key","VoteFor","Unit Name","Tally","35","020","Queens","IN-PLAY","Primary Election - 06/28/2022","Democratic","Female District Leader","35A",1,"Larinda C. Hooks",14
"AD","ED","County","EDAD Status","Event","Party/Independent Body","Office/Position Title","District Key","VoteFor","Unit Name","Tally","35","020","Queens","IN-PLAY","Primary Election - 06/28/2022","Democratic","Female District Leader","35A",1,"Sonya Harvey",8
"AD","ED","County","EDAD Status","Event","Party/Independent Body","Office/Position Title","District Key","VoteFor","Unit Name","Tally","35","021","Queens","IN-PLAY","Primary Election - 06/28/2022","Democratic","Female District Leader","35A",1,"Public Counter",10
"AD","ED","County","EDAD Status","Event","Party/Independent Body","Office/Position Title","District Key","VoteFor","Unit Name","Tally","35","021","Queens","IN-PLAY","Primary Election - 06/28/2022","Democratic","Female District Leader","35A",1,"Manually Counted Emergency",0
"AD","ED","County","EDAD Status","Event","Party/Independent Body","Office/Position Title","District Key","VoteFor","Unit Name","Tally","35","021","Queens","IN-PLAY","Primary Election - 06/28/2022","Democratic","Female District Leader","35A",1,"Absentee / Military",26
"AD","ED","County","EDAD Status","Event","Party/Independent Body","Office/Position Title","District Key","VoteFor","Unit Name","Tally","35","021","Queens","IN-PLAY","Primary Election - 06/28/2022","Democratic","Female District Leader","35A",1,"Affidavit",0
"AD","ED","County","EDAD Status","Event","Party/Independent Body","Office/Position Title","District Key","VoteFor","Unit Name","Tally","35","021","Queens","IN-PLAY","Primary Election - 06/28/2022","Democratic","Female District Leader","35A",1,"Larinda C. Hooks",12
"AD","ED","County","EDAD Status","Event","Party/Independent Body","Office/Position Title","District Key","VoteFor","Unit Name","Tally","35","021","Queens","IN-PLAY","Primary Election - 06/28/2022","Democratic","Female District Leader","35A",1,"Sonya Harvey",17
"AD","ED","County","EDAD Status","Event","Party/Independent Body","Office/Position Title","District Key","VoteFor","Unit Name","Tally","35","022","Queens","IN-PLAY","Primary Election - 06/28/2022","Democratic","Female District Leader","35A",1,"Public Counter",80
"AD","ED","County","EDAD Status","Event","Party/Independent Body","Office/Position Title","District Key","VoteFor","Unit Name","Tally","35","022","Queens","IN-PLAY","Primary Election - 06/28/2022","Democratic","Female District Leader","35A",1,"Manually Counted Emergency",0
"AD","ED","County","EDAD Status","Event","Party/Independent Body","Office/Position Title","District Key","VoteFor","Unit Name","Tally","35","022","Queens","IN-PLAY","Primary Election - 06/28/2022","Democratic","Female District Leader","35A",1,"Absentee / Military",5
"AD","ED","County","EDAD Status","Event","Party/Independent Body","Office/Position Title","District Key","VoteFor","Unit Name","Tally","35","022","Queens","IN-PLAY","Primary Election - 06/28/2022","Democratic","Female District Leader","35A",1,"Affidavit",0
"AD","ED","County","EDAD Status","Event","Party/Independent Body","Office/Position Title","District Key","VoteFor","Unit Name","Tally","35","022","Queens","IN-PLAY","Primary Election - 06/28/2022","Democratic","Female District Leader","35A",1,"Larinda C. Hooks",26
"AD","ED","County","EDAD Status","Event","Party/Independent Body","Office/Position Title","District Key","VoteFor","Unit Name","Tally","35","022","Queens","IN-PLAY","Primary Election - 06/28/2022","Democratic","Female District Leader","35A",1,"Sonya Harvey",33
