"AD","ED","County","EDAD Status","Event","Party/Independent Body","Office/Position Title","District Key","VoteFor","Unit Name","Tally","39","001","Queens","IN-PLAY","Primary Election - 06/28/2022","Democratic","Female State Committee","39",1,"Public Counter",213
"AD","ED","County","EDAD Status","Event","Party/Independent Body","Office/Position Title","District Key","VoteFor","Unit Name","Tally","39","001","Queens","IN-PLAY","Primary Election - 06/28/2022","Democratic","Female State Committee","39",1,"Manually Counted Emergency",0
"AD","ED","County","EDAD Status","Event","Party/Independent Body","Office/Position Title","District Key","VoteFor","Unit Name","Tally","39","001","Queens","IN-PLAY","Primary Election - 06/28/2022","Democratic","Female State Committee","39",1,"Absentee / Military",6
"AD","ED","County","EDAD Status","Event","Party/Independent Body","Office/Position Title","District Key","VoteFor","Unit Name","Tally","39","001","Queens","IN-PLAY","Primary Election - 06/28/2022","Democratic","Female State Committee","39",1,"Affidavit",1
"AD","ED","County","EDAD Status","Event","Party/Independent Body","Office/Position Title","District Key","VoteFor","Unit Name","Tally","39","001","Queens","IN-PLAY","Primary Election - 06/28/2022","Democratic","Female State Committee","39",1,"Yanna M. Henriquez",101
"AD","ED","County","EDAD Status","Event","Party/Independent Body","Office/Position Title","District Key","VoteFor","Unit Name","Tally","39","001","Queens","IN-PLAY","Primary Election - 06/28/2022","Democratic","Female State Committee","39",1,"Tasmia Rahaman",52
"AD","ED","County","EDAD Status","Event","Party/Independent Body","Office/Position Title","District Key","VoteFor","Unit Name","Tally","39","001","Queens","IN-PLAY","Primary Election - 06/28/2022","Democratic","Female State Committee","39",1,"Scattered",3
"AD","ED","County","EDAD Status","Event","Party/Independent Body","Office/Position Title","District Key","VoteFor","Unit Name","Tally","39","002","Queens","IN-PLAY","Primary Election - 06/28/2022","Democratic","Female State Committee","39",1,"Public Counter",297
"AD","ED","County","EDAD Status","Event","Party/Independent Body","Office/Position Title","District Key","VoteFor","Unit Name","Tally","39","002","Queens","IN-PLAY","Primary Election - 06/28/2022","Democratic","Female State Committee","39",1,"Manually Counted Emergency",0
"AD","ED","County","EDAD Status","Event","Party/Independent Body","Office/Position Title","District Key","VoteFor","Unit Name","Tally","39","002","Queens","IN-PLAY","Primary Election - 06/28/2022","Democratic","Female State Committee","39",1,"Absentee / Military",25
"AD","ED","County","EDAD Status","Event","Party/Independent Body","Office/Position Title","District Key","VoteFor","Unit Name","Tally","39","002","Queens","IN-PLAY","Primary Election - 06/28/2022","Democratic","Female State Committee","39",1,"Affidavit",3
"AD","ED","County","EDAD Status","Event","Party/Independent Body","Office/Position Title","District Key","VoteFor","Unit Name","Tally","39","002","Queens","IN-PLAY","Primary Election - 06/28/2022","Democratic","Female State Committee","39",1,"Yanna M. Henriquez",139
"AD","ED","County","EDAD Status","Event","Party/Independent Body","Office/Position Title","District Key","VoteFor","Unit Name","Tally","39","002","Queens","IN-PLAY","Primary Election - 06/28/2022","Democratic","Female State Committee","39",1,"Tasmia Rahaman",89
"AD","ED","County","EDAD Status","Event","Party/Independent Body","Office/Position Title","District Key","VoteFor","Unit Name","Tally","39","003","Queens","IN-PLAY","Primary Election - 06/28/2022","Democratic","Female State Committee","39",1,"Public Counter",206
"AD","ED","County","EDAD Status","Event","Party/Independent Body","Office/Position Title","District Key","VoteFor","Unit Name","Tally","39","003","Queens","IN-PLAY","Primary Election - 06/28/2022","Democratic","Female State Committee","39",1,"Manually Counted Emergency",0
"AD","ED","County","EDAD Status","Event","Party/Independent Body","Office/Position Title","District Key","VoteFor","Unit Name","Tally","39","003","Queens","IN-PLAY","Primary Election - 06/28/2022","Democratic","Female State Committee","39",1,"Absentee / Military",11
"AD","ED","County","EDAD Status","Event","Party/Independent Body","Office/Position Title","District Key","VoteFor","Unit Name","Tally","39","003","Queens","IN-PLAY","Primary Election - 06/28/2022","Democratic","Female State Committee","39",1,"Affidavit",1
"AD","ED","County","EDAD Status","Event","Party/Independent Body","Office/Position Title","District Key","VoteFor","Unit Name","Tally","39","003","Queens","IN-PLAY","Primary Election - 06/28/2022","Democratic","Female State Committee","39",1,"Yanna M. Henriquez",102
"AD","ED","County","EDAD Status","Event","Party/Independent Body","Office/Position Title","District Key","VoteFor","Unit Name","Tally","39","003","Queens","IN-PLAY","Primary Election - 06/28/2022","Democratic","Female State Committee","39",1,"Tasmia Rahaman",67
"AD","ED","County","EDAD Status","Event","Party/Independent Body","Office/Position Title","District Key","VoteFor","Unit Name","Tally","39","003","Queens","IN-PLAY","Primary Election - 06/28/2022","Democratic","Female State Committee","39",1,"Scattered",2
"AD","ED","County","EDAD Status","Event","Party/Independent Body","Office/Position Title","District Key","VoteFor","Unit Name","Tally","39","004","Queens","IN-PLAY","Primary Election - 06/28/2022","Democratic","Female State Committee","39",1,"Public Counter",183
"AD","ED","County","EDAD Status","Event","Party/Independent Body","Office/Position Title","District Key","VoteFor","Unit Name","Tally","39","004","Queens","IN-PLAY","Primary Election - 06/28/2022","Democratic","Female State Committee","39",1,"Manually Counted Emergency",0
"AD","ED","County","EDAD Status","Event","Party/Independent Body","Office/Position Title","District Key","VoteFor","Unit Name","Tally","39","004","Queens","IN-PLAY","Primary Election - 06/28/2022","Democratic","Female State Committee","39",1,"Absentee / Military",8
"AD","ED","County","EDAD Status","Event","Party/Independent Body","Office/Position Title","District Key","VoteFor","Unit Name","Tally","39","004","Queens","IN-PLAY","Primary Election - 06/28/2022","Democratic","Female State Committee","39",1,"Affidavit",0
"AD","ED","County","EDAD Status","Event","Party/Independent Body","Office/Position Title","District Key","VoteFor","Unit Name","Tally","39","004","Queens","IN-PLAY","Primary Election - 06/28/2022","Democratic","Female State Committee","39",1,"Yanna M. Henriquez",100
"AD","ED","County","EDAD Status","Event","Party/Independent Body","Office/Position Title","District Key","VoteFor","Unit Name","Tally","39","004","Queens","IN-PLAY","Primary Election - 06/28/2022","Democratic","Female State Committee","39",1,"Tasmia Rahaman",50
"AD","ED","County","EDAD Status","Event","Party/Independent Body","Office/Position Title","District Key","VoteFor","Unit Name","Tally","39","004","Queens","IN-PLAY","Primary Election - 06/28/2022","Democratic","Female State Committee","39",1,"Scattered",2
"AD","ED","County","EDAD Status","Event","Party/Independent Body","Office/Position Title","District Key","VoteFor","Unit Name","Tally","39","005","Queens","IN-PLAY","Primary Election - 06/28/2022","Democratic","Female State Committee","39",1,"Public Counter",199
"AD","ED","County","EDAD Status","Event","Party/Independent Body","Office/Position Title","District Key","VoteFor","Unit Name","Tally","39","005","Queens","IN-PLAY","Primary Election - 06/28/2022","Democratic","Female State Committee","39",1,"Manually Counted Emergency",0
"AD","ED","County","EDAD Status","Event","Party/Independent Body","Office/Position Title","District Key","VoteFor","Unit Name","Tally","39","005","Queens","IN-PLAY","Primary Election - 06/28/2022","Democratic","Female State Committee","39",1,"Absentee / Military",8
"AD","ED","County","EDAD Status","Event","Party/Independent Body","Office/Position Title","District Key","VoteFor","Unit Name","Tally","39","005","Queens","IN-PLAY","Primary Election - 06/28/2022","Democratic","Female State Committee","39",1,"Affidavit",2
"AD","ED","County","EDAD Status","Event","Party/Independent Body","Office/Position Title","District Key","VoteFor","Unit Name","Tally","39","005","Queens","IN-PLAY","Primary Election - 06/28/2022","Democratic","Female State Committee","39",1,"Yanna M. Henriquez",100
"AD","ED","County","EDAD Status","Event","Party/Independent Body","Office/Position Title","District Key","VoteFor","Unit Name","Tally","39","005","Queens","IN-PLAY","Primary Election - 06/28/2022","Democratic","Female State Committee","39",1,"Tasmia Rahaman",50
"AD","ED","County","EDAD Status","Event","Party/Independent Body","Office/Position Title","District Key","VoteFor","Unit Name","Tally","39","005","Queens","IN-PLAY","Primary Election - 06/28/2022","Democratic","Female State Committee","39",1,"Scattered",3
"AD","ED","County","EDAD Status","Event","Party/Independent Body","Office/Position Title","District Key","VoteFor","Unit Name","Tally","39","006","Queens","IN-PLAY","Primary Election - 06/28/2022","Democratic","Female State Committee","39",1,"Public Counter",363
"AD","ED","County","EDAD Status","Event","Party/Independent Body","Office/Position Title","District Key","VoteFor","Unit Name","Tally","39","006","Queens","IN-PLAY","Primary Election - 06/28/2022","Democratic","Female State Committee","39",1,"Manually Counted Emergency",0
"AD","ED","County","EDAD Status","Event","Party/Independent Body","Office/Position Title","District Key","VoteFor","Unit Name","Tally","39","006","Queens","IN-PLAY","Primary Election - 06/28/2022","Democratic","Female State Committee","39",1,"Absentee / Military",25
"AD","ED","County","EDAD Status","Event","Party/Independent Body","Office/Position Title","District Key","VoteFor","Unit Name","Tally","39","006","Queens","IN-PLAY","Primary Election - 06/28/2022","Democratic","Female State Committee","39",1,"Affidavit",2
"AD","ED","County","EDAD Status","Event","Party/Independent Body","Office/Position Title","District Key","VoteFor","Unit Name","Tally","39","006","Queens","IN-PLAY","Primary Election - 06/28/2022","Democratic","Female State Committee","39",1,"Yanna M. Henriquez",164
"AD","ED","County","EDAD Status","Event","Party/Independent Body","Office/Position Title","District Key","VoteFor","Unit Name","Tally","39","006","Queens","IN-PLAY","Primary Election - 06/28/2022","Democratic","Female State Committee","39",1,"Tasmia Rahaman",117
"AD","ED","County","EDAD Status","Event","Party/Independent Body","Office/Position Title","District Key","VoteFor","Unit Name","Tally","39","006","Queens","IN-PLAY","Primary Election - 06/28/2022","Democratic","Female State Committee","39",1,"Scattered",4
"AD","ED","County","EDAD Status","Event","Party/Independent Body","Office/Position Title","District Key","VoteFor","Unit Name","Tally","39","007","Queens","IN-PLAY","Primary Election - 06/28/2022","Democratic","Female State Committee","39",1,"Public Counter",210
"AD","ED","County","EDAD Status","Event","Party/Independent Body","Office/Position Title","District Key","VoteFor","Unit Name","Tally","39","007","Queens","IN-PLAY","Primary Election - 06/28/2022","Democratic","Female State Committee","39",1,"Manually Counted Emergency",0
"AD","ED","County","EDAD Status","Event","Party/Independent Body","Office/Position Title","District Key","VoteFor","Unit Name","Tally","39","007","Queens","IN-PLAY","Primary Election - 06/28/2022","Democratic","Female State Committee","39",1,"Absentee / Military",5
"AD","ED","County","EDAD Status","Event","Party/Independent Body","Office/Position Title","District Key","VoteFor","Unit Name","Tally","39","007","Queens","IN-PLAY","Primary Election - 06/28/2022","Democratic","Female State Committee","39",1,"Affidavit",1
"AD","ED","County","EDAD Status","Event","Party/Independent Body","Office/Position Title","District Key","VoteFor","Unit Name","Tally","39","007","Queens","IN-PLAY","Primary Election - 06/28/2022","Democratic","Female State Committee","39",1,"Yanna M. Henriquez",104
"AD","ED","County","EDAD Status","Event","Party/Independent Body","Office/Position Title","District Key","VoteFor","Unit Name","Tally","39","007","Queens","IN-PLAY","Primary Election - 06/28/2022","Democratic","Female State Committee","39",1,"Tasmia Rahaman",65
"AD","ED","County","EDAD Status","Event","Party/Independent Body","Office/Position Title","District Key","VoteFor","Unit Name","Tally","39","007","Queens","IN-PLAY","Primary Election - 06/28/2022","Democratic","Female State Committee","39",1,"Scattered",2
"AD","ED","County","EDAD Status","Event","Party/Independent Body","Office/Position Title","District Key","VoteFor","Unit Name","Tally","39","008","Queens","IN-PLAY","Primary Election - 06/28/2022","Democratic","Female State Committee","39",1,"Public Counter",210
"AD","ED","County","EDAD Status","Event","Party/Independent Body","Office/Position Title","District Key","VoteFor","Unit Name","Tally","39","008","Queens","IN-PLAY","Primary Election - 06/28/2022","Democratic","Female State Committee","39",1,"Manually Counted Emergency",0
"AD","ED","County","EDAD Status","Event","Party/Independent Body","Office/Position Title","District Key","VoteFor","Unit Name","Tally","39","008","Queens","IN-PLAY","Primary Election - 06/28/2022","Democratic","Female State Committee","39",1,"Absentee / Military",3
"AD","ED","County","EDAD Status","Event","Party/Independent Body","Office/Position Title","District Key","VoteFor","Unit Name","Tally","39","008","Queens","IN-PLAY","Primary Election - 06/28/2022","Democratic","Female State Committee","39",1,"Affidavit",1
"AD","ED","County","EDAD Status","Event","Party/Independent Body","Office/Position Title","District Key","VoteFor","Unit Name","Tally","39","008","Queens","IN-PLAY","Primary Election - 06/28/2022","Democratic","Female State Committee","39",1,"Yanna M. Henriquez",116
"AD","ED","County","EDAD Status","Event","Party/Independent Body","Office/Position Title","District Key","VoteFor","Unit Name","Tally","39","008","Queens","IN-PLAY","Primary Election - 06/28/2022","Democratic","Female State Committee","39",1,"Tasmia Rahaman",47
"AD","ED","County","EDAD Status","Event","Party/Independent Body","Office/Position Title","District Key","VoteFor","Unit Name","Tally","39","008","Queens","IN-PLAY","Primary Election - 06/28/2022","Democratic","Female State Committee","39",1,"Scattered",2
"AD","ED","County","EDAD Status","Event","Party/Independent Body","Office/Position Title","District Key","VoteFor","Unit Name","Tally","39","009","Queens","IN-PLAY","Primary Election - 06/28/2022","Democratic","Female State Committee","39",1,"Public Counter",194
"AD","ED","County","EDAD Status","Event","Party/Independent Body","Office/Position Title","District Key","VoteFor","Unit Name","Tally","39","009","Queens","IN-PLAY","Primary Election - 06/28/2022","Democratic","Female State Committee","39",1,"Manually Counted Emergency",0
"AD","ED","County","EDAD Status","Event","Party/Independent Body","Office/Position Title","District Key","VoteFor","Unit Name","Tally","39","009","Queens","IN-PLAY","Primary Election - 06/28/2022","Democratic","Female State Committee","39",1,"Absentee / Military",7
"AD","ED","County","EDAD Status","Event","Party/Independent Body","Office/Position Title","District Key","VoteFor","Unit Name","Tally","39","009","Queens","IN-PLAY","Primary Election - 06/28/2022","Democratic","Female State Committee","39",1,"Affidavit",1
"AD","ED","County","EDAD Status","Event","Party/Independent Body","Office/Position Title","District Key","VoteFor","Unit Name","Tally","39","009","Queens","IN-PLAY","Primary Election - 06/28/2022","Democratic","Female State Committee","39",1,"Yanna M. Henriquez",96
"AD","ED","County","EDAD Status","Event","Party/Independent Body","Office/Position Title","District Key","VoteFor","Unit Name","Tally","39","009","Queens","IN-PLAY","Primary Election - 06/28/2022","Democratic","Female State Committee","39",1,"Tasmia Rahaman",39
"AD","ED","County","EDAD Status","Event","Party/Independent Body","Office/Position Title","District Key","VoteFor","Unit Name","Tally","39","009","Queens","IN-PLAY","Primary Election - 06/28/2022","Democratic","Female State Committee","39",1,"Scattered",3
"AD","ED","County","EDAD Status","Event","Party/Independent Body","Office/Position Title","District Key","VoteFor","Unit Name","Tally","39","010","Queens","IN-PLAY","Primary Election - 06/28/2022","Democratic","Female State Committee","39",1,"Public Counter",138
"AD","ED","County","EDAD Status","Event","Party/Independent Body","Office/Position Title","District Key","VoteFor","Unit Name","Tally","39","010","Queens","IN-PLAY","Primary Election - 06/28/2022","Democratic","Female State Committee","39",1,"Manually Counted Emergency",0
"AD","ED","County","EDAD Status","Event","Party/Independent Body","Office/Position Title","District Key","VoteFor","Unit Name","Tally","39","010","Queens","IN-PLAY","Primary Election - 06/28/2022","Democratic","Female State Committee","39",1,"Absentee / Military",2
"AD","ED","County","EDAD Status","Event","Party/Independent Body","Office/Position Title","District Key","VoteFor","Unit Name","Tally","39","010","Queens","IN-PLAY","Primary Election - 06/28/2022","Democratic","Female State Committee","39",1,"Affidavit",3
"AD","ED","County","EDAD Status","Event","Party/Independent Body","Office/Position Title","District Key","VoteFor","Unit Name","Tally","39","010","Queens","IN-PLAY","Primary Election - 06/28/2022","Democratic","Female State Committee","39",1,"Yanna M. Henriquez",65
"AD","ED","County","EDAD Status","Event","Party/Independent Body","Office/Position Title","District Key","VoteFor","Unit Name","Tally","39","010","Queens","IN-PLAY","Primary Election - 06/28/2022","Democratic","Female State Committee","39",1,"Tasmia Rahaman",36
"AD","ED","County","EDAD Status","Event","Party/Independent Body","Office/Position Title","District Key","VoteFor","Unit Name","Tally","39","010","Queens","IN-PLAY","Primary Election - 06/28/2022","Democratic","Female State Committee","39",1,"Scattered",1
"AD","ED","County","EDAD Status","Event","Party/Independent Body","Office/Position Title","District Key","VoteFor","Unit Name","Tally","39","011","Queens","COMBINED INTO 017/39","Primary Election - 06/28/2022","Democratic","Female State Committee","39",1,"Public Counter",0
"AD","ED","County","EDAD Status","Event","Party/Independent Body","Office/Position Title","District Key","VoteFor","Unit Name","Tally","39","011","Queens","COMBINED INTO 017/39","Primary Election - 06/28/2022","Democratic","Female State Committee","39",1,"Manually Counted Emergency",0
"AD","ED","County","EDAD Status","Event","Party/Independent Body","Office/Position Title","District Key","VoteFor","Unit Name","Tally","39","011","Queens","COMBINED INTO 017/39","Primary Election - 06/28/2022","Democratic","Female State Committee","39",1,"Absentee / Military",0
"AD","ED","County","EDAD Status","Event","Party/Independent Body","Office/Position Title","District Key","VoteFor","Unit Name","Tally","39","011","Queens","COMBINED INTO 017/39","Primary Election - 06/28/2022","Democratic","Female State Committee","39",1,"Affidavit",0
"AD","ED","County","EDAD Status","Event","Party/Independent Body","Office/Position Title","District Key","VoteFor","Unit Name","Tally","39","012","Queens","COMBINED INTO 017/39","Primary Election - 06/28/2022","Democratic","Female State Committee","39",1,"Public Counter",0
"AD","ED","County","EDAD Status","Event","Party/Independent Body","Office/Position Title","District Key","VoteFor","Unit Name","Tally","39","012","Queens","COMBINED INTO 017/39","Primary Election - 06/28/2022","Democratic","Female State Committee","39",1,"Manually Counted Emergency",0
"AD","ED","County","EDAD Status","Event","Party/Independent Body","Office/Position Title","District Key","VoteFor","Unit Name","Tally","39","012","Queens","COMBINED INTO 017/39","Primary Election - 06/28/2022","Democratic","Female State Committee","39",1,"Absentee / Military",0
"AD","ED","County","EDAD Status","Event","Party/Independent Body","Office/Position Title","District Key","VoteFor","Unit Name","Tally","39","012","Queens","COMBINED INTO 017/39","Primary Election - 06/28/2022","Democratic","Female State Committee","39",1,"Affidavit",0
"AD","ED","County","EDAD Status","Event","Party/Independent Body","Office/Position Title","District Key","VoteFor","Unit Name","Tally","39","013","Queens","IN-PLAY","Primary Election - 06/28/2022","Democratic","Female State Committee","39",1,"Public Counter",38
"AD","ED","County","EDAD Status","Event","Party/Independent Body","Office/Position Title","District Key","VoteFor","Unit Name","Tally","39","013","Queens","IN-PLAY","Primary Election - 06/28/2022","Democratic","Female State Committee","39",1,"Manually Counted Emergency",0
"AD","ED","County","EDAD Status","Event","Party/Independent Body","Office/Position Title","District Key","VoteFor","Unit Name","Tally","39","013","Queens","IN-PLAY","Primary Election - 06/28/2022","Democratic","Female State Committee","39",1,"Absentee / Military",0
"AD","ED","County","EDAD Status","Event","Party/Independent Body","Office/Position Title","District Key","VoteFor","Unit Name","Tally","39","013","Queens","IN-PLAY","Primary Election - 06/28/2022","Democratic","Female State Committee","39",1,"Affidavit",0
"AD","ED","County","EDAD Status","Event","Party/Independent Body","Office/Position Title","District Key","VoteFor","Unit Name","Tally","39","013","Queens","IN-PLAY","Primary Election - 06/28/2022","Democratic","Female State Committee","39",1,"Yanna M. Henriquez",17
"AD","ED","County","EDAD Status","Event","Party/Independent Body","Office/Position Title","District Key","VoteFor","Unit Name","Tally","39","013","Queens","IN-PLAY","Primary Election - 06/28/2022","Democratic","Female State Committee","39",1,"Tasmia Rahaman",14
"AD","ED","County","EDAD Status","Event","Party/Independent Body","Office/Position Title","District Key","VoteFor","Unit Name","Tally","39","014","Queens","IN-PLAY","Primary Election - 06/28/2022","Democratic","Female State Committee","39",1,"Public Counter",40
"AD","ED","County","EDAD Status","Event","Party/Independent Body","Office/Position Title","District Key","VoteFor","Unit Name","Tally","39","014","Queens","IN-PLAY","Primary Election - 06/28/2022","Democratic","Female State Committee","39",1,"Manually Counted Emergency",0
"AD","ED","County","EDAD Status","Event","Party/Independent Body","Office/Position Title","District Key","VoteFor","Unit Name","Tally","39","014","Queens","IN-PLAY","Primary Election - 06/28/2022","Democratic","Female State Committee","39",1,"Absentee / Military",2
"AD","ED","County","EDAD Status","Event","Party/Independent Body","Office/Position Title","District Key","VoteFor","Unit Name","Tally","39","014","Queens","IN-PLAY","Primary Election - 06/28/2022","Democratic","Female State Committee","39",1,"Affidavit",0
"AD","ED","County","EDAD Status","Event","Party/Independent Body","Office/Position Title","District Key","VoteFor","Unit Name","Tally","39","014","Queens","IN-PLAY","Primary Election - 06/28/2022","Democratic","Female State Committee","39",1,"Yanna M. Henriquez",27
"AD","ED","County","EDAD Status","Event","Party/Independent Body","Office/Position Title","District Key","VoteFor","Unit Name","Tally","39","014","Queens","IN-PLAY","Primary Election - 06/28/2022","Democratic","Female State Committee","39",1,"Tasmia Rahaman",6
"AD","ED","County","EDAD Status","Event","Party/Independent Body","Office/Position Title","District Key","VoteFor","Unit Name","Tally","39","014","Queens","IN-PLAY","Primary Election - 06/28/2022","Democratic","Female State Committee","39",1,"Scattered",1
"AD","ED","County","EDAD Status","Event","Party/Independent Body","Office/Position Title","District Key","VoteFor","Unit Name","Tally","39","015","Queens","IN-PLAY","Primary Election - 06/28/2022","Democratic","Female State Committee","39",1,"Public Counter",90
"AD","ED","County","EDAD Status","Event","Party/Independent Body","Office/Position Title","District Key","VoteFor","Unit Name","Tally","39","015","Queens","IN-PLAY","Primary Election - 06/28/2022","Democratic","Female State Committee","39",1,"Manually Counted Emergency",0
"AD","ED","County","EDAD Status","Event","Party/Independent Body","Office/Position Title","District Key","VoteFor","Unit Name","Tally","39","015","Queens","IN-PLAY","Primary Election - 06/28/2022","Democratic","Female State Committee","39",1,"Absentee / Military",3
"AD","ED","County","EDAD Status","Event","Party/Independent Body","Office/Position Title","District Key","VoteFor","Unit Name","Tally","39","015","Queens","IN-PLAY","Primary Election - 06/28/2022","Democratic","Female State Committee","39",1,"Affidavit",0
"AD","ED","County","EDAD Status","Event","Party/Independent Body","Office/Position Title","District Key","VoteFor","Unit Name","Tally","39","015","Queens","IN-PLAY","Primary Election - 06/28/2022","Democratic","Female State Committee","39",1,"Yanna M. Henriquez",50
"AD","ED","County","EDAD Status","Event","Party/Independent Body","Office/Position Title","District Key","VoteFor","Unit Name","Tally","39","015","Queens","IN-PLAY","Primary Election - 06/28/2022","Democratic","Female State Committee","39",1,"Tasmia Rahaman",28
"AD","ED","County","EDAD Status","Event","Party/Independent Body","Office/Position Title","District Key","VoteFor","Unit Name","Tally","39","016","Queens","COMBINED INTO 017/39","Primary Election - 06/28/2022","Democratic","Female State Committee","39",1,"Public Counter",0
"AD","ED","County","EDAD Status","Event","Party/Independent Body","Office/Position Title","District Key","VoteFor","Unit Name","Tally","39","016","Queens","COMBINED INTO 017/39","Primary Election - 06/28/2022","Democratic","Female State Committee","39",1,"Manually Counted Emergency",0
"AD","ED","County","EDAD Status","Event","Party/Independent Body","Office/Position Title","District Key","VoteFor","Unit Name","Tally","39","016","Queens","COMBINED INTO 017/39","Primary Election - 06/28/2022","Democratic","Female State Committee","39",1,"Absentee / Military",0
"AD","ED","County","EDAD Status","Event","Party/Independent Body","Office/Position Title","District Key","VoteFor","Unit Name","Tally","39","016","Queens","COMBINED INTO 017/39","Primary Election - 06/28/2022","Democratic","Female State Committee","39",1,"Affidavit",0
"AD","ED","County","EDAD Status","Event","Party/Independent Body","Office/Position Title","District Key","VoteFor","Unit Name","Tally","39","017","Queens","IN-PLAY","Primary Election - 06/28/2022","Democratic","Female State Committee","39",1,"Public Counter",21
"AD","ED","County","EDAD Status","Event","Party/Independent Body","Office/Position Title","District Key","VoteFor","Unit Name","Tally","39","017","Queens","IN-PLAY","Primary Election - 06/28/2022","Democratic","Female State Committee","39",1,"Manually Counted Emergency",0
"AD","ED","County","EDAD Status","Event","Party/Independent Body","Office/Position Title","District Key","VoteFor","Unit Name","Tally","39","017","Queens","IN-PLAY","Primary Election - 06/28/2022","Democratic","Female State Committee","39",1,"Absentee / Military",1
"AD","ED","County","EDAD Status","Event","Party/Independent Body","Office/Position Title","District Key","VoteFor","Unit Name","Tally","39","017","Queens","IN-PLAY","Primary Election - 06/28/2022","Democratic","Female State Committee","39",1,"Affidavit",2
"AD","ED","County","EDAD Status","Event","Party/Independent Body","Office/Position Title","District Key","VoteFor","Unit Name","Tally","39","017","Queens","IN-PLAY","Primary Election - 06/28/2022","Democratic","Female State Committee","39",1,"Yanna M. Henriquez",13
"AD","ED","County","EDAD Status","Event","Party/Independent Body","Office/Position Title","District Key","VoteFor","Unit Name","Tally","39","017","Queens","IN-PLAY","Primary Election - 06/28/2022","Democratic","Female State Committee","39",1,"Tasmia Rahaman",10
"AD","ED","County","EDAD Status","Event","Party/Independent Body","Office/Position Title","District Key","VoteFor","Unit Name","Tally","39","018","Queens","IN-PLAY","Primary Election - 06/28/2022","Democratic","Female State Committee","39",1,"Public Counter",67
"AD","ED","County","EDAD Status","Event","Party/Independent Body","Office/Position Title","District Key","VoteFor","Unit Name","Tally","39","018","Queens","IN-PLAY","Primary Election - 06/28/2022","Democratic","Female State Committee","39",1,"Manually Counted Emergency",0
"AD","ED","County","EDAD Status","Event","Party/Independent Body","Office/Position Title","District Key","VoteFor","Unit Name","Tally","39","018","Queens","IN-PLAY","Primary Election - 06/28/2022","Democratic","Female State Committee","39",1,"Absentee / Military",4
"AD","ED","County","EDAD Status","Event","Party/Independent Body","Office/Position Title","District Key","VoteFor","Unit Name","Tally","39","018","Queens","IN-PLAY","Primary Election - 06/28/2022","Democratic","Female State Committee","39",1,"Affidavit",0
"AD","ED","County","EDAD Status","Event","Party/Independent Body","Office/Position Title","District Key","VoteFor","Unit Name","Tally","39","018","Queens","IN-PLAY","Primary Election - 06/28/2022","Democratic","Female State Committee","39",1,"Yanna M. Henriquez",35
"AD","ED","County","EDAD Status","Event","Party/Independent Body","Office/Position Title","District Key","VoteFor","Unit Name","Tally","39","018","Queens","IN-PLAY","Primary Election - 06/28/2022","Democratic","Female State Committee","39",1,"Tasmia Rahaman",25
"AD","ED","County","EDAD Status","Event","Party/Independent Body","Office/Position Title","District Key","VoteFor","Unit Name","Tally","39","019","Queens","IN-PLAY","Primary Election - 06/28/2022","Democratic","Female State Committee","39",1,"Public Counter",77
"AD","ED","County","EDAD Status","Event","Party/Independent Body","Office/Position Title","District Key","VoteFor","Unit Name","Tally","39","019","Queens","IN-PLAY","Primary Election - 06/28/2022","Democratic","Female State Committee","39",1,"Manually Counted Emergency",0
"AD","ED","County","EDAD Status","Event","Party/Independent Body","Office/Position Title","District Key","VoteFor","Unit Name","Tally","39","019","Queens","IN-PLAY","Primary Election - 06/28/2022","Democratic","Female State Committee","39",1,"Absentee / Military",8
"AD","ED","County","EDAD Status","Event","Party/Independent Body","Office/Position Title","District Key","VoteFor","Unit Name","Tally","39","019","Queens","IN-PLAY","Primary Election - 06/28/2022","Democratic","Female State Committee","39",1,"Affidavit",1
"AD","ED","County","EDAD Status","Event","Party/Independent Body","Office/Position Title","District Key","VoteFor","Unit Name","Tally","39","019","Queens","IN-PLAY","Primary Election - 06/28/2022","Democratic","Female State Committee","39",1,"Yanna M. Henriquez",51
"AD","ED","County","EDAD Status","Event","Party/Independent Body","Office/Position Title","District Key","VoteFor","Unit Name","Tally","39","019","Queens","IN-PLAY","Primary Election - 06/28/2022","Democratic","Female State Committee","39",1,"Tasmia Rahaman",18
"AD","ED","County","EDAD Status","Event","Party/Independent Body","Office/Position Title","District Key","VoteFor","Unit Name","Tally","39","020","Queens","IN-PLAY","Primary Election - 06/28/2022","Democratic","Female State Committee","39",1,"Public Counter",21
"AD","ED","County","EDAD Status","Event","Party/Independent Body","Office/Position Title","District Key","VoteFor","Unit Name","Tally","39","020","Queens","IN-PLAY","Primary Election - 06/28/2022","Democratic","Female State Committee","39",1,"Manually Counted Emergency",0
"AD","ED","County","EDAD Status","Event","Party/Independent Body","Office/Position Title","District Key","VoteFor","Unit Name","Tally","39","020","Queens","IN-PLAY","Primary Election - 06/28/2022","Democratic","Female State Committee","39",1,"Absentee / Military",4
"AD","ED","County","EDAD Status","Event","Party/Independent Body","Office/Position Title","District Key","VoteFor","Unit Name","Tally","39","020","Queens","IN-PLAY","Primary Election - 06/28/2022","Democratic","Female State Committee","39",1,"Affidavit",0
"AD","ED","County","EDAD Status","Event","Party/Independent Body","Office/Position Title","District Key","VoteFor","Unit Name","Tally","39","020","Queens","IN-PLAY","Primary Election - 06/28/2022","Democratic","Female State Committee","39",1,"Yanna M. Henriquez",13
"AD","ED","County","EDAD Status","Event","Party/Independent Body","Office/Position Title","District Key","VoteFor","Unit Name","Tally","39","020","Queens","IN-PLAY","Primary Election - 06/28/2022","Democratic","Female State Committee","39",1,"Tasmia Rahaman",8
"AD","ED","County","EDAD Status","Event","Party/Independent Body","Office/Position Title","District Key","VoteFor","Unit Name","Tally","39","021","Queens","IN-PLAY","Primary Election - 06/28/2022","Democratic","Female State Committee","39",1,"Public Counter",42
"AD","ED","County","EDAD Status","Event","Party/Independent Body","Office/Position Title","District Key","VoteFor","Unit Name","Tally","39","021","Queens","IN-PLAY","Primary Election - 06/28/2022","Democratic","Female State Committee","39",1,"Manually Counted Emergency",0
"AD","ED","County","EDAD Status","Event","Party/Independent Body","Office/Position Title","District Key","VoteFor","Unit Name","Tally","39","021","Queens","IN-PLAY","Primary Election - 06/28/2022","Democratic","Female State Committee","39",1,"Absentee / Military",3
"AD","ED","County","EDAD Status","Event","Party/Independent Body","Office/Position Title","District Key","VoteFor","Unit Name","Tally","39","021","Queens","IN-PLAY","Primary Election - 06/28/2022","Democratic","Female State Committee","39",1,"Affidavit",0
"AD","ED","County","EDAD Status","Event","Party/Independent Body","Office/Position Title","District Key","VoteFor","Unit Name","Tally","39","021","Queens","IN-PLAY","Primary Election - 06/28/2022","Democratic","Female State Committee","39",1,"Yanna M. Henriquez",24
"AD","ED","County","EDAD Status","Event","Party/Independent Body","Office/Position Title","District Key","VoteFor","Unit Name","Tally","39","021","Queens","IN-PLAY","Primary Election - 06/28/2022","Democratic","Female State Committee","39",1,"Tasmia Rahaman",14
"AD","ED","County","EDAD Status","Event","Party/Independent Body","Office/Position Title","District Key","VoteFor","Unit Name","Tally","39","021","Queens","IN-PLAY","Primary Election - 06/28/2022","Democratic","Female State Committee","39",1,"Scattered",1
"AD","ED","County","EDAD Status","Event","Party/Independent Body","Office/Position Title","District Key","VoteFor","Unit Name","Tally","39","022","Queens","IN-PLAY","Primary Election - 06/28/2022","Democratic","Female State Committee","39",1,"Public Counter",32
"AD","ED","County","EDAD Status","Event","Party/Independent Body","Office/Position Title","District Key","VoteFor","Unit Name","Tally","39","022","Queens","IN-PLAY","Primary Election - 06/28/2022","Democratic","Female State Committee","39",1,"Manually Counted Emergency",0
"AD","ED","County","EDAD Status","Event","Party/Independent Body","Office/Position Title","District Key","VoteFor","Unit Name","Tally","39","022","Queens","IN-PLAY","Primary Election - 06/28/2022","Democratic","Female State Committee","39",1,"Absentee / Military",4
"AD","ED","County","EDAD Status","Event","Party/Independent Body","Office/Position Title","District Key","VoteFor","Unit Name","Tally","39","022","Queens","IN-PLAY","Primary Election - 06/28/2022","Democratic","Female State Committee","39",1,"Affidavit",0
"AD","ED","County","EDAD Status","Event","Party/Independent Body","Office/Position Title","District Key","VoteFor","Unit Name","Tally","39","022","Queens","IN-PLAY","Primary Election - 06/28/2022","Democratic","Female State Committee","39",1,"Yanna M. Henriquez",24
"AD","ED","County","EDAD Status","Event","Party/Independent Body","Office/Position Title","District Key","VoteFor","Unit Name","Tally","39","022","Queens","IN-PLAY","Primary Election - 06/28/2022","Democratic","Female State Committee","39",1,"Tasmia Rahaman",5
"AD","ED","County","EDAD Status","Event","Party/Independent Body","Office/Position Title","District Key","VoteFor","Unit Name","Tally","39","023","Queens","IN-PLAY","Primary Election - 06/28/2022","Democratic","Female State Committee","39",1,"Public Counter",38
"AD","ED","County","EDAD Status","Event","Party/Independent Body","Office/Position Title","District Key","VoteFor","Unit Name","Tally","39","023","Queens","IN-PLAY","Primary Election - 06/28/2022","Democratic","Female State Committee","39",1,"Manually Counted Emergency",0
"AD","ED","County","EDAD Status","Event","Party/Independent Body","Office/Position Title","District Key","VoteFor","Unit Name","Tally","39","023","Queens","IN-PLAY","Primary Election - 06/28/2022","Democratic","Female State Committee","39",1,"Absentee / Military",3
"AD","ED","County","EDAD Status","Event","Party/Independent Body","Office/Position Title","District Key","VoteFor","Unit Name","Tally","39","023","Queens","IN-PLAY","Primary Election - 06/28/2022","Democratic","Female State Committee","39",1,"Affidavit",0
"AD","ED","County","EDAD Status","Event","Party/Independent Body","Office/Position Title","District Key","VoteFor","Unit Name","Tally","39","023","Queens","IN-PLAY","Primary Election - 06/28/2022","Democratic","Female State Committee","39",1,"Yanna M. Henriquez",25
"AD","ED","County","EDAD Status","Event","Party/Independent Body","Office/Position Title","District Key","VoteFor","Unit Name","Tally","39","023","Queens","IN-PLAY","Primary Election - 06/28/2022","Democratic","Female State Committee","39",1,"Tasmia Rahaman",7
"AD","ED","County","EDAD Status","Event","Party/Independent Body","Office/Position Title","District Key","VoteFor","Unit Name","Tally","39","024","Queens","IN-PLAY","Primary Election - 06/28/2022","Democratic","Female State Committee","39",1,"Public Counter",35
"AD","ED","County","EDAD Status","Event","Party/Independent Body","Office/Position Title","District Key","VoteFor","Unit Name","Tally","39","024","Queens","IN-PLAY","Primary Election - 06/28/2022","Democratic","Female State Committee","39",1,"Manually Counted Emergency",0
"AD","ED","County","EDAD Status","Event","Party/Independent Body","Office/Position Title","District Key","VoteFor","Unit Name","Tally","39","024","Queens","IN-PLAY","Primary Election - 06/28/2022","Democratic","Female State Committee","39",1,"Absentee / Military",1
"AD","ED","County","EDAD Status","Event","Party/Independent Body","Office/Position Title","District Key","VoteFor","Unit Name","Tally","39","024","Queens","IN-PLAY","Primary Election - 06/28/2022","Democratic","Female State Committee","39",1,"Affidavit",0
"AD","ED","County","EDAD Status","Event","Party/Independent Body","Office/Position Title","District Key","VoteFor","Unit Name","Tally","39","024","Queens","IN-PLAY","Primary Election - 06/28/2022","Democratic","Female State Committee","39",1,"Yanna M. Henriquez",23
"AD","ED","County","EDAD Status","Event","Party/Independent Body","Office/Position Title","District Key","VoteFor","Unit Name","Tally","39","024","Queens","IN-PLAY","Primary Election - 06/28/2022","Democratic","Female State Committee","39",1,"Tasmia Rahaman",10
"AD","ED","County","EDAD Status","Event","Party/Independent Body","Office/Position Title","District Key","VoteFor","Unit Name","Tally","39","025","Queens","IN-PLAY","Primary Election - 06/28/2022","Democratic","Female State Committee","39",1,"Public Counter",62
"AD","ED","County","EDAD Status","Event","Party/Independent Body","Office/Position Title","District Key","VoteFor","Unit Name","Tally","39","025","Queens","IN-PLAY","Primary Election - 06/28/2022","Democratic","Female State Committee","39",1,"Manually Counted Emergency",0
"AD","ED","County","EDAD Status","Event","Party/Independent Body","Office/Position Title","District Key","VoteFor","Unit Name","Tally","39","025","Queens","IN-PLAY","Primary Election - 06/28/2022","Democratic","Female State Committee","39",1,"Absentee / Military",1
"AD","ED","County","EDAD Status","Event","Party/Independent Body","Office/Position Title","District Key","VoteFor","Unit Name","Tally","39","025","Queens","IN-PLAY","Primary Election - 06/28/2022","Democratic","Female State Committee","39",1,"Affidavit",0
"AD","ED","County","EDAD Status","Event","Party/Independent Body","Office/Position Title","District Key","VoteFor","Unit Name","Tally","39","025","Queens","IN-PLAY","Primary Election - 06/28/2022","Democratic","Female State Committee","39",1,"Yanna M. Henriquez",27
"AD","ED","County","EDAD Status","Event","Party/Independent Body","Office/Position Title","District Key","VoteFor","Unit Name","Tally","39","025","Queens","IN-PLAY","Primary Election - 06/28/2022","Democratic","Female State Committee","39",1,"Tasmia Rahaman",23
"AD","ED","County","EDAD Status","Event","Party/Independent Body","Office/Position Title","District Key","VoteFor","Unit Name","Tally","39","025","Queens","IN-PLAY","Primary Election - 06/28/2022","Democratic","Female State Committee","39",1,"Scattered",1
"AD","ED","County","EDAD Status","Event","Party/Independent Body","Office/Position Title","District Key","VoteFor","Unit Name","Tally","39","026","Queens","IN-PLAY","Primary Election - 06/28/2022","Democratic","Female State Committee","39",1,"Public Counter",54
"AD","ED","County","EDAD Status","Event","Party/Independent Body","Office/Position Title","District Key","VoteFor","Unit Name","Tally","39","026","Queens","IN-PLAY","Primary Election - 06/28/2022","Democratic","Female State Committee","39",1,"Manually Counted Emergency",0
"AD","ED","County","EDAD Status","Event","Party/Independent Body","Office/Position Title","District Key","VoteFor","Unit Name","Tally","39","026","Queens","IN-PLAY","Primary Election - 06/28/2022","Democratic","Female State Committee","39",1,"Absentee / Military",2
"AD","ED","County","EDAD Status","Event","Party/Independent Body","Office/Position Title","District Key","VoteFor","Unit Name","Tally","39","026","Queens","IN-PLAY","Primary Election - 06/28/2022","Democratic","Female State Committee","39",1,"Affidavit",1
"AD","ED","County","EDAD Status","Event","Party/Independent Body","Office/Position Title","District Key","VoteFor","Unit Name","Tally","39","026","Queens","IN-PLAY","Primary Election - 06/28/2022","Democratic","Female State Committee","39",1,"Yanna M. Henriquez",29
"AD","ED","County","EDAD Status","Event","Party/Independent Body","Office/Position Title","District Key","VoteFor","Unit Name","Tally","39","026","Queens","IN-PLAY","Primary Election - 06/28/2022","Democratic","Female State Committee","39",1,"Tasmia Rahaman",18
"AD","ED","County","EDAD Status","Event","Party/Independent Body","Office/Position Title","District Key","VoteFor","Unit Name","Tally","39","027","Queens","IN-PLAY","Primary Election - 06/28/2022","Democratic","Female State Committee","39",1,"Public Counter",12
"AD","ED","County","EDAD Status","Event","Party/Independent Body","Office/Position Title","District Key","VoteFor","Unit Name","Tally","39","027","Queens","IN-PLAY","Primary Election - 06/28/2022","Democratic","Female State Committee","39",1,"Manually Counted Emergency",0
"AD","ED","County","EDAD Status","Event","Party/Independent Body","Office/Position Title","District Key","VoteFor","Unit Name","Tally","39","027","Queens","IN-PLAY","Primary Election - 06/28/2022","Democratic","Female State Committee","39",1,"Absentee / Military",0
"AD","ED","County","EDAD Status","Event","Party/Independent Body","Office/Position Title","District Key","VoteFor","Unit Name","Tally","39","027","Queens","IN-PLAY","Primary Election - 06/28/2022","Democratic","Female State Committee","39",1,"Affidavit",0
"AD","ED","County","EDAD Status","Event","Party/Independent Body","Office/Position Title","District Key","VoteFor","Unit Name","Tally","39","027","Queens","IN-PLAY","Primary Election - 06/28/2022","Democratic","Female State Committee","39",1,"Yanna M. Henriquez",8
"AD","ED","County","EDAD Status","Event","Party/Independent Body","Office/Position Title","District Key","VoteFor","Unit Name","Tally","39","027","Queens","IN-PLAY","Primary Election - 06/28/2022","Democratic","Female State Committee","39",1,"Tasmia Rahaman",0
"AD","ED","County","EDAD Status","Event","Party/Independent Body","Office/Position Title","District Key","VoteFor","Unit Name","Tally","39","028","Queens","IN-PLAY","Primary Election - 06/28/2022","Democratic","Female State Committee","39",1,"Public Counter",15
"AD","ED","County","EDAD Status","Event","Party/Independent Body","Office/Position Title","District Key","VoteFor","Unit Name","Tally","39","028","Queens","IN-PLAY","Primary Election - 06/28/2022","Democratic","Female State Committee","39",1,"Manually Counted Emergency",0
"AD","ED","County","EDAD Status","Event","Party/Independent Body","Office/Position Title","District Key","VoteFor","Unit Name","Tally","39","028","Queens","IN-PLAY","Primary Election - 06/28/2022","Democratic","Female State Committee","39",1,"Absentee / Military",1
"AD","ED","County","EDAD Status","Event","Party/Independent Body","Office/Position Title","District Key","VoteFor","Unit Name","Tally","39","028","Queens","IN-PLAY","Primary Election - 06/28/2022","Democratic","Female State Committee","39",1,"Affidavit",0
"AD","ED","County","EDAD Status","Event","Party/Independent Body","Office/Position Title","District Key","VoteFor","Unit Name","Tally","39","028","Queens","IN-PLAY","Primary Election - 06/28/2022","Democratic","Female State Committee","39",1,"Yanna M. Henriquez",11
"AD","ED","County","EDAD Status","Event","Party/Independent Body","Office/Position Title","District Key","VoteFor","Unit Name","Tally","39","028","Queens","IN-PLAY","Primary Election - 06/28/2022","Democratic","Female State Committee","39",1,"Tasmia Rahaman",2
"AD","ED","County","EDAD Status","Event","Party/Independent Body","Office/Position Title","District Key","VoteFor","Unit Name","Tally","39","029","Queens","IN-PLAY","Primary Election - 06/28/2022","Democratic","Female State Committee","39",1,"Public Counter",35
"AD","ED","County","EDAD Status","Event","Party/Independent Body","Office/Position Title","District Key","VoteFor","Unit Name","Tally","39","029","Queens","IN-PLAY","Primary Election - 06/28/2022","Democratic","Female State Committee","39",1,"Manually Counted Emergency",0
"AD","ED","County","EDAD Status","Event","Party/Independent Body","Office/Position Title","District Key","VoteFor","Unit Name","Tally","39","029","Queens","IN-PLAY","Primary Election - 06/28/2022","Democratic","Female State Committee","39",1,"Absentee / Military",5
"AD","ED","County","EDAD Status","Event","Party/Independent Body","Office/Position Title","District Key","VoteFor","Unit Name","Tally","39","029","Queens","IN-PLAY","Primary Election - 06/28/2022","Democratic","Female State Committee","39",1,"Affidavit",0
"AD","ED","County","EDAD Status","Event","Party/Independent Body","Office/Position Title","District Key","VoteFor","Unit Name","Tally","39","029","Queens","IN-PLAY","Primary Election - 06/28/2022","Democratic","Female State Committee","39",1,"Yanna M. Henriquez",19
"AD","ED","County","EDAD Status","Event","Party/Independent Body","Office/Position Title","District Key","VoteFor","Unit Name","Tally","39","029","Queens","IN-PLAY","Primary Election - 06/28/2022","Democratic","Female State Committee","39",1,"Tasmia Rahaman",13
"AD","ED","County","EDAD Status","Event","Party/Independent Body","Office/Position Title","District Key","VoteFor","Unit Name","Tally","39","030","Queens","IN-PLAY","Primary Election - 06/28/2022","Democratic","Female State Committee","39",1,"Public Counter",43
"AD","ED","County","EDAD Status","Event","Party/Independent Body","Office/Position Title","District Key","VoteFor","Unit Name","Tally","39","030","Queens","IN-PLAY","Primary Election - 06/28/2022","Democratic","Female State Committee","39",1,"Manually Counted Emergency",0
"AD","ED","County","EDAD Status","Event","Party/Independent Body","Office/Position Title","District Key","VoteFor","Unit Name","Tally","39","030","Queens","IN-PLAY","Primary Election - 06/28/2022","Democratic","Female State Committee","39",1,"Absentee / Military",4
"AD","ED","County","EDAD Status","Event","Party/Independent Body","Office/Position Title","District Key","VoteFor","Unit Name","Tally","39","030","Queens","IN-PLAY","Primary Election - 06/28/2022","Democratic","Female State Committee","39",1,"Affidavit",0
"AD","ED","County","EDAD Status","Event","Party/Independent Body","Office/Position Title","District Key","VoteFor","Unit Name","Tally","39","030","Queens","IN-PLAY","Primary Election - 06/28/2022","Democratic","Female State Committee","39",1,"Yanna M. Henriquez",26
"AD","ED","County","EDAD Status","Event","Party/Independent Body","Office/Position Title","District Key","VoteFor","Unit Name","Tally","39","030","Queens","IN-PLAY","Primary Election - 06/28/2022","Democratic","Female State Committee","39",1,"Tasmia Rahaman",12
"AD","ED","County","EDAD Status","Event","Party/Independent Body","Office/Position Title","District Key","VoteFor","Unit Name","Tally","39","031","Queens","IN-PLAY","Primary Election - 06/28/2022","Democratic","Female State Committee","39",1,"Public Counter",52
"AD","ED","County","EDAD Status","Event","Party/Independent Body","Office/Position Title","District Key","VoteFor","Unit Name","Tally","39","031","Queens","IN-PLAY","Primary Election - 06/28/2022","Democratic","Female State Committee","39",1,"Manually Counted Emergency",0
"AD","ED","County","EDAD Status","Event","Party/Independent Body","Office/Position Title","District Key","VoteFor","Unit Name","Tally","39","031","Queens","IN-PLAY","Primary Election - 06/28/2022","Democratic","Female State Committee","39",1,"Absentee / Military",1
"AD","ED","County","EDAD Status","Event","Party/Independent Body","Office/Position Title","District Key","VoteFor","Unit Name","Tally","39","031","Queens","IN-PLAY","Primary Election - 06/28/2022","Democratic","Female State Committee","39",1,"Affidavit",0
"AD","ED","County","EDAD Status","Event","Party/Independent Body","Office/Position Title","District Key","VoteFor","Unit Name","Tally","39","031","Queens","IN-PLAY","Primary Election - 06/28/2022","Democratic","Female State Committee","39",1,"Yanna M. Henriquez",38
"AD","ED","County","EDAD Status","Event","Party/Independent Body","Office/Position Title","District Key","VoteFor","Unit Name","Tally","39","031","Queens","IN-PLAY","Primary Election - 06/28/2022","Democratic","Female State Committee","39",1,"Tasmia Rahaman",7
"AD","ED","County","EDAD Status","Event","Party/Independent Body","Office/Position Title","District Key","VoteFor","Unit Name","Tally","39","031","Queens","IN-PLAY","Primary Election - 06/28/2022","Democratic","Female State Committee","39",1,"Scattered",1
"AD","ED","County","EDAD Status","Event","Party/Independent Body","Office/Position Title","District Key","VoteFor","Unit Name","Tally","39","032","Queens","IN-PLAY","Primary Election - 06/28/2022","Democratic","Female State Committee","39",1,"Public Counter",72
"AD","ED","County","EDAD Status","Event","Party/Independent Body","Office/Position Title","District Key","VoteFor","Unit Name","Tally","39","032","Queens","IN-PLAY","Primary Election - 06/28/2022","Democratic","Female State Committee","39",1,"Manually Counted Emergency",0
"AD","ED","County","EDAD Status","Event","Party/Independent Body","Office/Position Title","District Key","VoteFor","Unit Name","Tally","39","032","Queens","IN-PLAY","Primary Election - 06/28/2022","Democratic","Female State Committee","39",1,"Absentee / Military",5
"AD","ED","County","EDAD Status","Event","Party/Independent Body","Office/Position Title","District Key","VoteFor","Unit Name","Tally","39","032","Queens","IN-PLAY","Primary Election - 06/28/2022","Democratic","Female State Committee","39",1,"Affidavit",0
"AD","ED","County","EDAD Status","Event","Party/Independent Body","Office/Position Title","District Key","VoteFor","Unit Name","Tally","39","032","Queens","IN-PLAY","Primary Election - 06/28/2022","Democratic","Female State Committee","39",1,"Yanna M. Henriquez",57
"AD","ED","County","EDAD Status","Event","Party/Independent Body","Office/Position Title","District Key","VoteFor","Unit Name","Tally","39","032","Queens","IN-PLAY","Primary Election - 06/28/2022","Democratic","Female State Committee","39",1,"Tasmia Rahaman",7
"AD","ED","County","EDAD Status","Event","Party/Independent Body","Office/Position Title","District Key","VoteFor","Unit Name","Tally","39","032","Queens","IN-PLAY","Primary Election - 06/28/2022","Democratic","Female State Committee","39",1,"Scattered",1
"AD","ED","County","EDAD Status","Event","Party/Independent Body","Office/Position Title","District Key","VoteFor","Unit Name","Tally","39","033","Queens","IN-PLAY","Primary Election - 06/28/2022","Democratic","Female State Committee","39",1,"Public Counter",47
"AD","ED","County","EDAD Status","Event","Party/Independent Body","Office/Position Title","District Key","VoteFor","Unit Name","Tally","39","033","Queens","IN-PLAY","Primary Election - 06/28/2022","Democratic","Female State Committee","39",1,"Manually Counted Emergency",0
"AD","ED","County","EDAD Status","Event","Party/Independent Body","Office/Position Title","District Key","VoteFor","Unit Name","Tally","39","033","Queens","IN-PLAY","Primary Election - 06/28/2022","Democratic","Female State Committee","39",1,"Absentee / Military",6
"AD","ED","County","EDAD Status","Event","Party/Independent Body","Office/Position Title","District Key","VoteFor","Unit Name","Tally","39","033","Queens","IN-PLAY","Primary Election - 06/28/2022","Democratic","Female State Committee","39",1,"Affidavit",0
"AD","ED","County","EDAD Status","Event","Party/Independent Body","Office/Position Title","District Key","VoteFor","Unit Name","Tally","39","033","Queens","IN-PLAY","Primary Election - 06/28/2022","Democratic","Female State Committee","39",1,"Yanna M. Henriquez",28
"AD","ED","County","EDAD Status","Event","Party/Independent Body","Office/Position Title","District Key","VoteFor","Unit Name","Tally","39","033","Queens","IN-PLAY","Primary Election - 06/28/2022","Democratic","Female State Committee","39",1,"Tasmia Rahaman",13
"AD","ED","County","EDAD Status","Event","Party/Independent Body","Office/Position Title","District Key","VoteFor","Unit Name","Tally","39","033","Queens","IN-PLAY","Primary Election - 06/28/2022","Democratic","Female State Committee","39",1,"Scattered",1
"AD","ED","County","EDAD Status","Event","Party/Independent Body","Office/Position Title","District Key","VoteFor","Unit Name","Tally","39","034","Queens","IN-PLAY","Primary Election - 06/28/2022","Democratic","Female State Committee","39",1,"Public Counter",46
"AD","ED","County","EDAD Status","Event","Party/Independent Body","Office/Position Title","District Key","VoteFor","Unit Name","Tally","39","034","Queens","IN-PLAY","Primary Election - 06/28/2022","Democratic","Female State Committee","39",1,"Manually Counted Emergency",0
"AD","ED","County","EDAD Status","Event","Party/Independent Body","Office/Position Title","District Key","VoteFor","Unit Name","Tally","39","034","Queens","IN-PLAY","Primary Election - 06/28/2022","Democratic","Female State Committee","39",1,"Absentee / Military",1
"AD","ED","County","EDAD Status","Event","Party/Independent Body","Office/Position Title","District Key","VoteFor","Unit Name","Tally","39","034","Queens","IN-PLAY","Primary Election - 06/28/2022","Democratic","Female State Committee","39",1,"Affidavit",0
"AD","ED","County","EDAD Status","Event","Party/Independent Body","Office/Position Title","District Key","VoteFor","Unit Name","Tally","39","034","Queens","IN-PLAY","Primary Election - 06/28/2022","Democratic","Female State Committee","39",1,"Yanna M. Henriquez",29
"AD","ED","County","EDAD Status","Event","Party/Independent Body","Office/Position Title","District Key","VoteFor","Unit Name","Tally","39","034","Queens","IN-PLAY","Primary Election - 06/28/2022","Democratic","Female State Committee","39",1,"Tasmia Rahaman",6
"AD","ED","County","EDAD Status","Event","Party/Independent Body","Office/Position Title","District Key","VoteFor","Unit Name","Tally","39","034","Queens","IN-PLAY","Primary Election - 06/28/2022","Democratic","Female State Committee","39",1,"Scattered",2
"AD","ED","County","EDAD Status","Event","Party/Independent Body","Office/Position Title","District Key","VoteFor","Unit Name","Tally","39","035","Queens","IN-PLAY","Primary Election - 06/28/2022","Democratic","Female State Committee","39",1,"Public Counter",59
"AD","ED","County","EDAD Status","Event","Party/Independent Body","Office/Position Title","District Key","VoteFor","Unit Name","Tally","39","035","Queens","IN-PLAY","Primary Election - 06/28/2022","Democratic","Female State Committee","39",1,"Manually Counted Emergency",0
"AD","ED","County","EDAD Status","Event","Party/Independent Body","Office/Position Title","District Key","VoteFor","Unit Name","Tally","39","035","Queens","IN-PLAY","Primary Election - 06/28/2022","Democratic","Female State Committee","39",1,"Absentee / Military",5
"AD","ED","County","EDAD Status","Event","Party/Independent Body","Office/Position Title","District Key","VoteFor","Unit Name","Tally","39","035","Queens","IN-PLAY","Primary Election - 06/28/2022","Democratic","Female State Committee","39",1,"Affidavit",0
"AD","ED","County","EDAD Status","Event","Party/Independent Body","Office/Position Title","District Key","VoteFor","Unit Name","Tally","39","035","Queens","IN-PLAY","Primary Election - 06/28/2022","Democratic","Female State Committee","39",1,"Yanna M. Henriquez",35
"AD","ED","County","EDAD Status","Event","Party/Independent Body","Office/Position Title","District Key","VoteFor","Unit Name","Tally","39","035","Queens","IN-PLAY","Primary Election - 06/28/2022","Democratic","Female State Committee","39",1,"Tasmia Rahaman",17
"AD","ED","County","EDAD Status","Event","Party/Independent Body","Office/Position Title","District Key","VoteFor","Unit Name","Tally","39","035","Queens","IN-PLAY","Primary Election - 06/28/2022","Democratic","Female State Committee","39",1,"Scattered",1
"AD","ED","County","EDAD Status","Event","Party/Independent Body","Office/Position Title","District Key","VoteFor","Unit Name","Tally","39","036","Queens","IN-PLAY","Primary Election - 06/28/2022","Democratic","Female State Committee","39",1,"Public Counter",42
"AD","ED","County","EDAD Status","Event","Party/Independent Body","Office/Position Title","District Key","VoteFor","Unit Name","Tally","39","036","Queens","IN-PLAY","Primary Election - 06/28/2022","Democratic","Female State Committee","39",1,"Manually Counted Emergency",0
"AD","ED","County","EDAD Status","Event","Party/Independent Body","Office/Position Title","District Key","VoteFor","Unit Name","Tally","39","036","Queens","IN-PLAY","Primary Election - 06/28/2022","Democratic","Female State Committee","39",1,"Absentee / Military",3
"AD","ED","County","EDAD Status","Event","Party/Independent Body","Office/Position Title","District Key","VoteFor","Unit Name","Tally","39","036","Queens","IN-PLAY","Primary Election - 06/28/2022","Democratic","Female State Committee","39",1,"Affidavit",0
"AD","ED","County","EDAD Status","Event","Party/Independent Body","Office/Position Title","District Key","VoteFor","Unit Name","Tally","39","036","Queens","IN-PLAY","Primary Election - 06/28/2022","Democratic","Female State Committee","39",1,"Yanna M. Henriquez",28
"AD","ED","County","EDAD Status","Event","Party/Independent Body","Office/Position Title","District Key","VoteFor","Unit Name","Tally","39","036","Queens","IN-PLAY","Primary Election - 06/28/2022","Democratic","Female State Committee","39",1,"Tasmia Rahaman",11
"AD","ED","County","EDAD Status","Event","Party/Independent Body","Office/Position Title","District Key","VoteFor","Unit Name","Tally","39","036","Queens","IN-PLAY","Primary Election - 06/28/2022","Democratic","Female State Committee","39",1,"Scattered",1
"AD","ED","County","EDAD Status","Event","Party/Independent Body","Office/Position Title","District Key","VoteFor","Unit Name","Tally","39","037","Queens","IN-PLAY","Primary Election - 06/28/2022","Democratic","Female State Committee","39",1,"Public Counter",98
"AD","ED","County","EDAD Status","Event","Party/Independent Body","Office/Position Title","District Key","VoteFor","Unit Name","Tally","39","037","Queens","IN-PLAY","Primary Election - 06/28/2022","Democratic","Female State Committee","39",1,"Manually Counted Emergency",0
"AD","ED","County","EDAD Status","Event","Party/Independent Body","Office/Position Title","District Key","VoteFor","Unit Name","Tally","39","037","Queens","IN-PLAY","Primary Election - 06/28/2022","Democratic","Female State Committee","39",1,"Absentee / Military",4
"AD","ED","County","EDAD Status","Event","Party/Independent Body","Office/Position Title","District Key","VoteFor","Unit Name","Tally","39","037","Queens","IN-PLAY","Primary Election - 06/28/2022","Democratic","Female State Committee","39",1,"Affidavit",1
"AD","ED","County","EDAD Status","Event","Party/Independent Body","Office/Position Title","District Key","VoteFor","Unit Name","Tally","39","037","Queens","IN-PLAY","Primary Election - 06/28/2022","Democratic","Female State Committee","39",1,"Yanna M. Henriquez",48
"AD","ED","County","EDAD Status","Event","Party/Independent Body","Office/Position Title","District Key","VoteFor","Unit Name","Tally","39","037","Queens","IN-PLAY","Primary Election - 06/28/2022","Democratic","Female State Committee","39",1,"Tasmia Rahaman",30
"AD","ED","County","EDAD Status","Event","Party/Independent Body","Office/Position Title","District Key","VoteFor","Unit Name","Tally","39","037","Queens","IN-PLAY","Primary Election - 06/28/2022","Democratic","Female State Committee","39",1,"Scattered",1
"AD","ED","County","EDAD Status","Event","Party/Independent Body","Office/Position Title","District Key","VoteFor","Unit Name","Tally","39","038","Queens","IN-PLAY","Primary Election - 06/28/2022","Democratic","Female State Committee","39",1,"Public Counter",27
"AD","ED","County","EDAD Status","Event","Party/Independent Body","Office/Position Title","District Key","VoteFor","Unit Name","Tally","39","038","Queens","IN-PLAY","Primary Election - 06/28/2022","Democratic","Female State Committee","39",1,"Manually Counted Emergency",0
"AD","ED","County","EDAD Status","Event","Party/Independent Body","Office/Position Title","District Key","VoteFor","Unit Name","Tally","39","038","Queens","IN-PLAY","Primary Election - 06/28/2022","Democratic","Female State Committee","39",1,"Absentee / Military",8
"AD","ED","County","EDAD Status","Event","Party/Independent Body","Office/Position Title","District Key","VoteFor","Unit Name","Tally","39","038","Queens","IN-PLAY","Primary Election - 06/28/2022","Democratic","Female State Committee","39",1,"Affidavit",0
"AD","ED","County","EDAD Status","Event","Party/Independent Body","Office/Position Title","District Key","VoteFor","Unit Name","Tally","39","038","Queens","IN-PLAY","Primary Election - 06/28/2022","Democratic","Female State Committee","39",1,"Yanna M. Henriquez",19
"AD","ED","County","EDAD Status","Event","Party/Independent Body","Office/Position Title","District Key","VoteFor","Unit Name","Tally","39","038","Queens","IN-PLAY","Primary Election - 06/28/2022","Democratic","Female State Committee","39",1,"Tasmia Rahaman",10
"AD","ED","County","EDAD Status","Event","Party/Independent Body","Office/Position Title","District Key","VoteFor","Unit Name","Tally","39","039","Queens","IN-PLAY","Primary Election - 06/28/2022","Democratic","Female State Committee","39",1,"Public Counter",29
"AD","ED","County","EDAD Status","Event","Party/Independent Body","Office/Position Title","District Key","VoteFor","Unit Name","Tally","39","039","Queens","IN-PLAY","Primary Election - 06/28/2022","Democratic","Female State Committee","39",1,"Manually Counted Emergency",0
"AD","ED","County","EDAD Status","Event","Party/Independent Body","Office/Position Title","District Key","VoteFor","Unit Name","Tally","39","039","Queens","IN-PLAY","Primary Election - 06/28/2022","Democratic","Female State Committee","39",1,"Absentee / Military",3
"AD","ED","County","EDAD Status","Event","Party/Independent Body","Office/Position Title","District Key","VoteFor","Unit Name","Tally","39","039","Queens","IN-PLAY","Primary Election - 06/28/2022","Democratic","Female State Committee","39",1,"Affidavit",0
"AD","ED","County","EDAD Status","Event","Party/Independent Body","Office/Position Title","District Key","VoteFor","Unit Name","Tally","39","039","Queens","IN-PLAY","Primary Election - 06/28/2022","Democratic","Female State Committee","39",1,"Yanna M. Henriquez",24
"AD","ED","County","EDAD Status","Event","Party/Independent Body","Office/Position Title","District Key","VoteFor","Unit Name","Tally","39","039","Queens","IN-PLAY","Primary Election - 06/28/2022","Democratic","Female State Committee","39",1,"Tasmia Rahaman",5
"AD","ED","County","EDAD Status","Event","Party/Independent Body","Office/Position Title","District Key","VoteFor","Unit Name","Tally","39","040","Queens","IN-PLAY","Primary Election - 06/28/2022","Democratic","Female State Committee","39",1,"Public Counter",3
"AD","ED","County","EDAD Status","Event","Party/Independent Body","Office/Position Title","District Key","VoteFor","Unit Name","Tally","39","040","Queens","IN-PLAY","Primary Election - 06/28/2022","Democratic","Female State Committee","39",1,"Manually Counted Emergency",0
"AD","ED","County","EDAD Status","Event","Party/Independent Body","Office/Position Title","District Key","VoteFor","Unit Name","Tally","39","040","Queens","IN-PLAY","Primary Election - 06/28/2022","Democratic","Female State Committee","39",1,"Absentee / Military",2
"AD","ED","County","EDAD Status","Event","Party/Independent Body","Office/Position Title","District Key","VoteFor","Unit Name","Tally","39","040","Queens","IN-PLAY","Primary Election - 06/28/2022","Democratic","Female State Committee","39",1,"Affidavit",0
"AD","ED","County","EDAD Status","Event","Party/Independent Body","Office/Position Title","District Key","VoteFor","Unit Name","Tally","39","040","Queens","IN-PLAY","Primary Election - 06/28/2022","Democratic","Female State Committee","39",1,"Yanna M. Henriquez",2
"AD","ED","County","EDAD Status","Event","Party/Independent Body","Office/Position Title","District Key","VoteFor","Unit Name","Tally","39","040","Queens","IN-PLAY","Primary Election - 06/28/2022","Democratic","Female State Committee","39",1,"Tasmia Rahaman",3
"AD","ED","County","EDAD Status","Event","Party/Independent Body","Office/Position Title","District Key","VoteFor","Unit Name","Tally","39","041","Queens","IN-PLAY","Primary Election - 06/28/2022","Democratic","Female State Committee","39",1,"Public Counter",74
"AD","ED","County","EDAD Status","Event","Party/Independent Body","Office/Position Title","District Key","VoteFor","Unit Name","Tally","39","041","Queens","IN-PLAY","Primary Election - 06/28/2022","Democratic","Female State Committee","39",1,"Manually Counted Emergency",0
"AD","ED","County","EDAD Status","Event","Party/Independent Body","Office/Position Title","District Key","VoteFor","Unit Name","Tally","39","041","Queens","IN-PLAY","Primary Election - 06/28/2022","Democratic","Female State Committee","39",1,"Absentee / Military",4
"AD","ED","County","EDAD Status","Event","Party/Independent Body","Office/Position Title","District Key","VoteFor","Unit Name","Tally","39","041","Queens","IN-PLAY","Primary Election - 06/28/2022","Democratic","Female State Committee","39",1,"Affidavit",1
"AD","ED","County","EDAD Status","Event","Party/Independent Body","Office/Position Title","District Key","VoteFor","Unit Name","Tally","39","041","Queens","IN-PLAY","Primary Election - 06/28/2022","Democratic","Female State Committee","39",1,"Yanna M. Henriquez",42
"AD","ED","County","EDAD Status","Event","Party/Independent Body","Office/Position Title","District Key","VoteFor","Unit Name","Tally","39","041","Queens","IN-PLAY","Primary Election - 06/28/2022","Democratic","Female State Committee","39",1,"Tasmia Rahaman",23
"AD","ED","County","EDAD Status","Event","Party/Independent Body","Office/Position Title","District Key","VoteFor","Unit Name","Tally","39","041","Queens","IN-PLAY","Primary Election - 06/28/2022","Democratic","Female State Committee","39",1,"Scattered",2
"AD","ED","County","EDAD Status","Event","Party/Independent Body","Office/Position Title","District Key","VoteFor","Unit Name","Tally","39","042","Queens","IN-PLAY","Primary Election - 06/28/2022","Democratic","Female State Committee","39",1,"Public Counter",30
"AD","ED","County","EDAD Status","Event","Party/Independent Body","Office/Position Title","District Key","VoteFor","Unit Name","Tally","39","042","Queens","IN-PLAY","Primary Election - 06/28/2022","Democratic","Female State Committee","39",1,"Manually Counted Emergency",0
"AD","ED","County","EDAD Status","Event","Party/Independent Body","Office/Position Title","District Key","VoteFor","Unit Name","Tally","39","042","Queens","IN-PLAY","Primary Election - 06/28/2022","Democratic","Female State Committee","39",1,"Absentee / Military",2
"AD","ED","County","EDAD Status","Event","Party/Independent Body","Office/Position Title","District Key","VoteFor","Unit Name","Tally","39","042","Queens","IN-PLAY","Primary Election - 06/28/2022","Democratic","Female State Committee","39",1,"Affidavit",0
"AD","ED","County","EDAD Status","Event","Party/Independent Body","Office/Position Title","District Key","VoteFor","Unit Name","Tally","39","042","Queens","IN-PLAY","Primary Election - 06/28/2022","Democratic","Female State Committee","39",1,"Yanna M. Henriquez",16
"AD","ED","County","EDAD Status","Event","Party/Independent Body","Office/Position Title","District Key","VoteFor","Unit Name","Tally","39","042","Queens","IN-PLAY","Primary Election - 06/28/2022","Democratic","Female State Committee","39",1,"Tasmia Rahaman",10
"AD","ED","County","EDAD Status","Event","Party/Independent Body","Office/Position Title","District Key","VoteFor","Unit Name","Tally","39","042","Queens","IN-PLAY","Primary Election - 06/28/2022","Democratic","Female State Committee","39",1,"Scattered",1
"AD","ED","County","EDAD Status","Event","Party/Independent Body","Office/Position Title","District Key","VoteFor","Unit Name","Tally","39","043","Queens","IN-PLAY","Primary Election - 06/28/2022","Democratic","Female State Committee","39",1,"Public Counter",44
"AD","ED","County","EDAD Status","Event","Party/Independent Body","Office/Position Title","District Key","VoteFor","Unit Name","Tally","39","043","Queens","IN-PLAY","Primary Election - 06/28/2022","Democratic","Female State Committee","39",1,"Manually Counted Emergency",0
"AD","ED","County","EDAD Status","Event","Party/Independent Body","Office/Position Title","District Key","VoteFor","Unit Name","Tally","39","043","Queens","IN-PLAY","Primary Election - 06/28/2022","Democratic","Female State Committee","39",1,"Absentee / Military",2
"AD","ED","County","EDAD Status","Event","Party/Independent Body","Office/Position Title","District Key","VoteFor","Unit Name","Tally","39","043","Queens","IN-PLAY","Primary Election - 06/28/2022","Democratic","Female State Committee","39",1,"Affidavit",1
"AD","ED","County","EDAD Status","Event","Party/Independent Body","Office/Position Title","District Key","VoteFor","Unit Name","Tally","39","043","Queens","IN-PLAY","Primary Election - 06/28/2022","Democratic","Female State Committee","39",1,"Yanna M. Henriquez",21
"AD","ED","County","EDAD Status","Event","Party/Independent Body","Office/Position Title","District Key","VoteFor","Unit Name","Tally","39","043","Queens","IN-PLAY","Primary Election - 06/28/2022","Democratic","Female State Committee","39",1,"Tasmia Rahaman",14
"AD","ED","County","EDAD Status","Event","Party/Independent Body","Office/Position Title","District Key","VoteFor","Unit Name","Tally","39","043","Queens","IN-PLAY","Primary Election - 06/28/2022","Democratic","Female State Committee","39",1,"Scattered",1
"AD","ED","County","EDAD Status","Event","Party/Independent Body","Office/Position Title","District Key","VoteFor","Unit Name","Tally","39","044","Queens","IN-PLAY","Primary Election - 06/28/2022","Democratic","Female State Committee","39",1,"Public Counter",46
"AD","ED","County","EDAD Status","Event","Party/Independent Body","Office/Position Title","District Key","VoteFor","Unit Name","Tally","39","044","Queens","IN-PLAY","Primary Election - 06/28/2022","Democratic","Female State Committee","39",1,"Manually Counted Emergency",0
"AD","ED","County","EDAD Status","Event","Party/Independent Body","Office/Position Title","District Key","VoteFor","Unit Name","Tally","39","044","Queens","IN-PLAY","Primary Election - 06/28/2022","Democratic","Female State Committee","39",1,"Absentee / Military",18
"AD","ED","County","EDAD Status","Event","Party/Independent Body","Office/Position Title","District Key","VoteFor","Unit Name","Tally","39","044","Queens","IN-PLAY","Primary Election - 06/28/2022","Democratic","Female State Committee","39",1,"Affidavit",2
"AD","ED","County","EDAD Status","Event","Party/Independent Body","Office/Position Title","District Key","VoteFor","Unit Name","Tally","39","044","Queens","IN-PLAY","Primary Election - 06/28/2022","Democratic","Female State Committee","39",1,"Yanna M. Henriquez",33
"AD","ED","County","EDAD Status","Event","Party/Independent Body","Office/Position Title","District Key","VoteFor","Unit Name","Tally","39","044","Queens","IN-PLAY","Primary Election - 06/28/2022","Democratic","Female State Committee","39",1,"Tasmia Rahaman",23
"AD","ED","County","EDAD Status","Event","Party/Independent Body","Office/Position Title","District Key","VoteFor","Unit Name","Tally","39","045","Queens","IN-PLAY","Primary Election - 06/28/2022","Democratic","Female State Committee","39",1,"Public Counter",48
"AD","ED","County","EDAD Status","Event","Party/Independent Body","Office/Position Title","District Key","VoteFor","Unit Name","Tally","39","045","Queens","IN-PLAY","Primary Election - 06/28/2022","Democratic","Female State Committee","39",1,"Manually Counted Emergency",0
"AD","ED","County","EDAD Status","Event","Party/Independent Body","Office/Position Title","District Key","VoteFor","Unit Name","Tally","39","045","Queens","IN-PLAY","Primary Election - 06/28/2022","Democratic","Female State Committee","39",1,"Absentee / Military",6
"AD","ED","County","EDAD Status","Event","Party/Independent Body","Office/Position Title","District Key","VoteFor","Unit Name","Tally","39","045","Queens","IN-PLAY","Primary Election - 06/28/2022","Democratic","Female State Committee","39",1,"Affidavit",1
"AD","ED","County","EDAD Status","Event","Party/Independent Body","Office/Position Title","District Key","VoteFor","Unit Name","Tally","39","045","Queens","IN-PLAY","Primary Election - 06/28/2022","Democratic","Female State Committee","39",1,"Yanna M. Henriquez",33
"AD","ED","County","EDAD Status","Event","Party/Independent Body","Office/Position Title","District Key","VoteFor","Unit Name","Tally","39","045","Queens","IN-PLAY","Primary Election - 06/28/2022","Democratic","Female State Committee","39",1,"Tasmia Rahaman",14
"AD","ED","County","EDAD Status","Event","Party/Independent Body","Office/Position Title","District Key","VoteFor","Unit Name","Tally","39","046","Queens","IN-PLAY","Primary Election - 06/28/2022","Democratic","Female State Committee","39",1,"Public Counter",94
"AD","ED","County","EDAD Status","Event","Party/Independent Body","Office/Position Title","District Key","VoteFor","Unit Name","Tally","39","046","Queens","IN-PLAY","Primary Election - 06/28/2022","Democratic","Female State Committee","39",1,"Manually Counted Emergency",0
"AD","ED","County","EDAD Status","Event","Party/Independent Body","Office/Position Title","District Key","VoteFor","Unit Name","Tally","39","046","Queens","IN-PLAY","Primary Election - 06/28/2022","Democratic","Female State Committee","39",1,"Absentee / Military",12
"AD","ED","County","EDAD Status","Event","Party/Independent Body","Office/Position Title","District Key","VoteFor","Unit Name","Tally","39","046","Queens","IN-PLAY","Primary Election - 06/28/2022","Democratic","Female State Committee","39",1,"Affidavit",0
"AD","ED","County","EDAD Status","Event","Party/Independent Body","Office/Position Title","District Key","VoteFor","Unit Name","Tally","39","046","Queens","IN-PLAY","Primary Election - 06/28/2022","Democratic","Female State Committee","39",1,"Yanna M. Henriquez",39
"AD","ED","County","EDAD Status","Event","Party/Independent Body","Office/Position Title","District Key","VoteFor","Unit Name","Tally","39","046","Queens","IN-PLAY","Primary Election - 06/28/2022","Democratic","Female State Committee","39",1,"Tasmia Rahaman",26
"AD","ED","County","EDAD Status","Event","Party/Independent Body","Office/Position Title","District Key","VoteFor","Unit Name","Tally","39","047","Queens","IN-PLAY","Primary Election - 06/28/2022","Democratic","Female State Committee","39",1,"Public Counter",87
"AD","ED","County","EDAD Status","Event","Party/Independent Body","Office/Position Title","District Key","VoteFor","Unit Name","Tally","39","047","Queens","IN-PLAY","Primary Election - 06/28/2022","Democratic","Female State Committee","39",1,"Manually Counted Emergency",0
"AD","ED","County","EDAD Status","Event","Party/Independent Body","Office/Position Title","District Key","VoteFor","Unit Name","Tally","39","047","Queens","IN-PLAY","Primary Election - 06/28/2022","Democratic","Female State Committee","39",1,"Absentee / Military",8
"AD","ED","County","EDAD Status","Event","Party/Independent Body","Office/Position Title","District Key","VoteFor","Unit Name","Tally","39","047","Queens","IN-PLAY","Primary Election - 06/28/2022","Democratic","Female State Committee","39",1,"Affidavit",0
"AD","ED","County","EDAD Status","Event","Party/Independent Body","Office/Position Title","District Key","VoteFor","Unit Name","Tally","39","047","Queens","IN-PLAY","Primary Election - 06/28/2022","Democratic","Female State Committee","39",1,"Yanna M. Henriquez",38
"AD","ED","County","EDAD Status","Event","Party/Independent Body","Office/Position Title","District Key","VoteFor","Unit Name","Tally","39","047","Queens","IN-PLAY","Primary Election - 06/28/2022","Democratic","Female State Committee","39",1,"Tasmia Rahaman",20
"AD","ED","County","EDAD Status","Event","Party/Independent Body","Office/Position Title","District Key","VoteFor","Unit Name","Tally","39","047","Queens","IN-PLAY","Primary Election - 06/28/2022","Democratic","Female State Committee","39",1,"Scattered",4
"AD","ED","County","EDAD Status","Event","Party/Independent Body","Office/Position Title","District Key","VoteFor","Unit Name","Tally","39","048","Queens","IN-PLAY","Primary Election - 06/28/2022","Democratic","Female State Committee","39",1,"Public Counter",97
"AD","ED","County","EDAD Status","Event","Party/Independent Body","Office/Position Title","District Key","VoteFor","Unit Name","Tally","39","048","Queens","IN-PLAY","Primary Election - 06/28/2022","Democratic","Female State Committee","39",1,"Manually Counted Emergency",0
"AD","ED","County","EDAD Status","Event","Party/Independent Body","Office/Position Title","District Key","VoteFor","Unit Name","Tally","39","048","Queens","IN-PLAY","Primary Election - 06/28/2022","Democratic","Female State Committee","39",1,"Absentee / Military",3
"AD","ED","County","EDAD Status","Event","Party/Independent Body","Office/Position Title","District Key","VoteFor","Unit Name","Tally","39","048","Queens","IN-PLAY","Primary Election - 06/28/2022","Democratic","Female State Committee","39",1,"Affidavit",0
"AD","ED","County","EDAD Status","Event","Party/Independent Body","Office/Position Title","District Key","VoteFor","Unit Name","Tally","39","048","Queens","IN-PLAY","Primary Election - 06/28/2022","Democratic","Female State Committee","39",1,"Yanna M. Henriquez",37
"AD","ED","County","EDAD Status","Event","Party/Independent Body","Office/Position Title","District Key","VoteFor","Unit Name","Tally","39","048","Queens","IN-PLAY","Primary Election - 06/28/2022","Democratic","Female State Committee","39",1,"Tasmia Rahaman",24
"AD","ED","County","EDAD Status","Event","Party/Independent Body","Office/Position Title","District Key","VoteFor","Unit Name","Tally","39","201","Queens","IN-PLAY","Primary Election - 06/28/2022","Democratic","Female State Committee","39",1,"Public Counter",0
"AD","ED","County","EDAD Status","Event","Party/Independent Body","Office/Position Title","District Key","VoteFor","Unit Name","Tally","39","201","Queens","IN-PLAY","Primary Election - 06/28/2022","Democratic","Female State Committee","39",1,"Manually Counted Emergency",0
"AD","ED","County","EDAD Status","Event","Party/Independent Body","Office/Position Title","District Key","VoteFor","Unit Name","Tally","39","201","Queens","IN-PLAY","Primary Election - 06/28/2022","Democratic","Female State Committee","39",1,"Absentee / Military",0
"AD","ED","County","EDAD Status","Event","Party/Independent Body","Office/Position Title","District Key","VoteFor","Unit Name","Tally","39","201","Queens","IN-PLAY","Primary Election - 06/28/2022","Democratic","Female State Committee","39",1,"Affidavit",0
"AD","ED","County","EDAD Status","Event","Party/Independent Body","Office/Position Title","District Key","VoteFor","Unit Name","Tally","39","201","Queens","IN-PLAY","Primary Election - 06/28/2022","Democratic","Female State Committee","39",1,"Yanna M. Henriquez",0
"AD","ED","County","EDAD Status","Event","Party/Independent Body","Office/Position Title","District Key","VoteFor","Unit Name","Tally","39","201","Queens","IN-PLAY","Primary Election - 06/28/2022","Democratic","Female State Committee","39",1,"Tasmia Rahaman",0
"AD","ED","County","EDAD Status","Event","Party/Independent Body","Office/Position Title","District Key","VoteFor","Unit Name","Tally","39","202","Queens","IN-PLAY","Primary Election - 06/28/2022","Democratic","Female State Committee","39",1,"Public Counter",0
"AD","ED","County","EDAD Status","Event","Party/Independent Body","Office/Position Title","District Key","VoteFor","Unit Name","Tally","39","202","Queens","IN-PLAY","Primary Election - 06/28/2022","Democratic","Female State Committee","39",1,"Manually Counted Emergency",0
"AD","ED","County","EDAD Status","Event","Party/Independent Body","Office/Position Title","District Key","VoteFor","Unit Name","Tally","39","202","Queens","IN-PLAY","Primary Election - 06/28/2022","Democratic","Female State Committee","39",1,"Absentee / Military",0
"AD","ED","County","EDAD Status","Event","Party/Independent Body","Office/Position Title","District Key","VoteFor","Unit Name","Tally","39","202","Queens","IN-PLAY","Primary Election - 06/28/2022","Democratic","Female State Committee","39",1,"Affidavit",0
"AD","ED","County","EDAD Status","Event","Party/Independent Body","Office/Position Title","District Key","VoteFor","Unit Name","Tally","39","202","Queens","IN-PLAY","Primary Election - 06/28/2022","Democratic","Female State Committee","39",1,"Yanna M. Henriquez",0
"AD","ED","County","EDAD Status","Event","Party/Independent Body","Office/Position Title","District Key","VoteFor","Unit Name","Tally","39","202","Queens","IN-PLAY","Primary Election - 06/28/2022","Democratic","Female State Committee","39",1,"Tasmia Rahaman",0
