"AD","ED","County","EDAD Status","Event","Party/Independent Body","Office/Position Title","District Key","VoteFor","Unit Name","Tally","61","001","Richmond","IN-PLAY","Primary Election - 06/28/2022","Democratic","Member of the Assembly","61",1,"Public Counter",88
"AD","ED","County","EDAD Status","Event","Party/Independent Body","Office/Position Title","District Key","VoteFor","Unit Name","Tally","61","001","Richmond","IN-PLAY","Primary Election - 06/28/2022","Democratic","Member of the Assembly","61",1,"Manually Counted Emergency",0
"AD","ED","County","EDAD Status","Event","Party/Independent Body","Office/Position Title","District Key","VoteFor","Unit Name","Tally","61","001","Richmond","IN-PLAY","Primary Election - 06/28/2022","Democratic","Member of the Assembly","61",1,"Absentee / Military",11
"AD","ED","County","EDAD Status","Event","Party/Independent Body","Office/Position Title","District Key","VoteFor","Unit Name","Tally","61","001","Richmond","IN-PLAY","Primary Election - 06/28/2022","Democratic","Member of the Assembly","61",1,"Affidavit",0
"AD","ED","County","EDAD Status","Event","Party/Independent Body","Office/Position Title","District Key","VoteFor","Unit Name","Tally","61","001","Richmond","IN-PLAY","Primary Election - 06/28/2022","Democratic","Member of the Assembly","61",1,"Charles D. Fall",87
"AD","ED","County","EDAD Status","Event","Party/Independent Body","Office/Position Title","District Key","VoteFor","Unit Name","Tally","61","001","Richmond","IN-PLAY","Primary Election - 06/28/2022","Democratic","Member of the Assembly","61",1,"Justine Cuccia",9
"AD","ED","County","EDAD Status","Event","Party/Independent Body","Office/Position Title","District Key","VoteFor","Unit Name","Tally","61","002","Richmond","IN-PLAY","Primary Election - 06/28/2022","Democratic","Member of the Assembly","61",1,"Public Counter",106
"AD","ED","County","EDAD Status","Event","Party/Independent Body","Office/Position Title","District Key","VoteFor","Unit Name","Tally","61","002","Richmond","IN-PLAY","Primary Election - 06/28/2022","Democratic","Member of the Assembly","61",1,"Manually Counted Emergency",0
"AD","ED","County","EDAD Status","Event","Party/Independent Body","Office/Position Title","District Key","VoteFor","Unit Name","Tally","61","002","Richmond","IN-PLAY","Primary Election - 06/28/2022","Democratic","Member of the Assembly","61",1,"Absentee / Military",11
"AD","ED","County","EDAD Status","Event","Party/Independent Body","Office/Position Title","District Key","VoteFor","Unit Name","Tally","61","002","Richmond","IN-PLAY","Primary Election - 06/28/2022","Democratic","Member of the Assembly","61",1,"Affidavit",0
"AD","ED","County","EDAD Status","Event","Party/Independent Body","Office/Position Title","District Key","VoteFor","Unit Name","Tally","61","002","Richmond","IN-PLAY","Primary Election - 06/28/2022","Democratic","Member of the Assembly","61",1,"Charles D. Fall",97
"AD","ED","County","EDAD Status","Event","Party/Independent Body","Office/Position Title","District Key","VoteFor","Unit Name","Tally","61","002","Richmond","IN-PLAY","Primary Election - 06/28/2022","Democratic","Member of the Assembly","61",1,"Justine Cuccia",19
"AD","ED","County","EDAD Status","Event","Party/Independent Body","Office/Position Title","District Key","VoteFor","Unit Name","Tally","61","003","Richmond","IN-PLAY","Primary Election - 06/28/2022","Democratic","Member of the Assembly","61",1,"Public Counter",131
"AD","ED","County","EDAD Status","Event","Party/Independent Body","Office/Position Title","District Key","VoteFor","Unit Name","Tally","61","003","Richmond","IN-PLAY","Primary Election - 06/28/2022","Democratic","Member of the Assembly","61",1,"Manually Counted Emergency",0
"AD","ED","County","EDAD Status","Event","Party/Independent Body","Office/Position Title","District Key","VoteFor","Unit Name","Tally","61","003","Richmond","IN-PLAY","Primary Election - 06/28/2022","Democratic","Member of the Assembly","61",1,"Absentee / Military",9
"AD","ED","County","EDAD Status","Event","Party/Independent Body","Office/Position Title","District Key","VoteFor","Unit Name","Tally","61","003","Richmond","IN-PLAY","Primary Election - 06/28/2022","Democratic","Member of the Assembly","61",1,"Affidavit",1
"AD","ED","County","EDAD Status","Event","Party/Independent Body","Office/Position Title","District Key","VoteFor","Unit Name","Tally","61","003","Richmond","IN-PLAY","Primary Election - 06/28/2022","Democratic","Member of the Assembly","61",1,"Charles D. Fall",136
"AD","ED","County","EDAD Status","Event","Party/Independent Body","Office/Position Title","District Key","VoteFor","Unit Name","Tally","61","003","Richmond","IN-PLAY","Primary Election - 06/28/2022","Democratic","Member of the Assembly","61",1,"Justine Cuccia",2
"AD","ED","County","EDAD Status","Event","Party/Independent Body","Office/Position Title","District Key","VoteFor","Unit Name","Tally","61","004","Richmond","IN-PLAY","Primary Election - 06/28/2022","Democratic","Member of the Assembly","61",1,"Public Counter",125
"AD","ED","County","EDAD Status","Event","Party/Independent Body","Office/Position Title","District Key","VoteFor","Unit Name","Tally","61","004","Richmond","IN-PLAY","Primary Election - 06/28/2022","Democratic","Member of the Assembly","61",1,"Manually Counted Emergency",0
"AD","ED","County","EDAD Status","Event","Party/Independent Body","Office/Position Title","District Key","VoteFor","Unit Name","Tally","61","004","Richmond","IN-PLAY","Primary Election - 06/28/2022","Democratic","Member of the Assembly","61",1,"Absentee / Military",13
"AD","ED","County","EDAD Status","Event","Party/Independent Body","Office/Position Title","District Key","VoteFor","Unit Name","Tally","61","004","Richmond","IN-PLAY","Primary Election - 06/28/2022","Democratic","Member of the Assembly","61",1,"Affidavit",0
"AD","ED","County","EDAD Status","Event","Party/Independent Body","Office/Position Title","District Key","VoteFor","Unit Name","Tally","61","004","Richmond","IN-PLAY","Primary Election - 06/28/2022","Democratic","Member of the Assembly","61",1,"Charles D. Fall",116
"AD","ED","County","EDAD Status","Event","Party/Independent Body","Office/Position Title","District Key","VoteFor","Unit Name","Tally","61","004","Richmond","IN-PLAY","Primary Election - 06/28/2022","Democratic","Member of the Assembly","61",1,"Justine Cuccia",16
"AD","ED","County","EDAD Status","Event","Party/Independent Body","Office/Position Title","District Key","VoteFor","Unit Name","Tally","61","005","Richmond","IN-PLAY","Primary Election - 06/28/2022","Democratic","Member of the Assembly","61",1,"Public Counter",104
"AD","ED","County","EDAD Status","Event","Party/Independent Body","Office/Position Title","District Key","VoteFor","Unit Name","Tally","61","005","Richmond","IN-PLAY","Primary Election - 06/28/2022","Democratic","Member of the Assembly","61",1,"Manually Counted Emergency",0
"AD","ED","County","EDAD Status","Event","Party/Independent Body","Office/Position Title","District Key","VoteFor","Unit Name","Tally","61","005","Richmond","IN-PLAY","Primary Election - 06/28/2022","Democratic","Member of the Assembly","61",1,"Absentee / Military",22
"AD","ED","County","EDAD Status","Event","Party/Independent Body","Office/Position Title","District Key","VoteFor","Unit Name","Tally","61","005","Richmond","IN-PLAY","Primary Election - 06/28/2022","Democratic","Member of the Assembly","61",1,"Affidavit",0
"AD","ED","County","EDAD Status","Event","Party/Independent Body","Office/Position Title","District Key","VoteFor","Unit Name","Tally","61","005","Richmond","IN-PLAY","Primary Election - 06/28/2022","Democratic","Member of the Assembly","61",1,"Charles D. Fall",103
"AD","ED","County","EDAD Status","Event","Party/Independent Body","Office/Position Title","District Key","VoteFor","Unit Name","Tally","61","005","Richmond","IN-PLAY","Primary Election - 06/28/2022","Democratic","Member of the Assembly","61",1,"Justine Cuccia",19
"AD","ED","County","EDAD Status","Event","Party/Independent Body","Office/Position Title","District Key","VoteFor","Unit Name","Tally","61","006","Richmond","IN-PLAY","Primary Election - 06/28/2022","Democratic","Member of the Assembly","61",1,"Public Counter",78
"AD","ED","County","EDAD Status","Event","Party/Independent Body","Office/Position Title","District Key","VoteFor","Unit Name","Tally","61","006","Richmond","IN-PLAY","Primary Election - 06/28/2022","Democratic","Member of the Assembly","61",1,"Manually Counted Emergency",0
"AD","ED","County","EDAD Status","Event","Party/Independent Body","Office/Position Title","District Key","VoteFor","Unit Name","Tally","61","006","Richmond","IN-PLAY","Primary Election - 06/28/2022","Democratic","Member of the Assembly","61",1,"Absentee / Military",7
"AD","ED","County","EDAD Status","Event","Party/Independent Body","Office/Position Title","District Key","VoteFor","Unit Name","Tally","61","006","Richmond","IN-PLAY","Primary Election - 06/28/2022","Democratic","Member of the Assembly","61",1,"Affidavit",3
"AD","ED","County","EDAD Status","Event","Party/Independent Body","Office/Position Title","District Key","VoteFor","Unit Name","Tally","61","006","Richmond","IN-PLAY","Primary Election - 06/28/2022","Democratic","Member of the Assembly","61",1,"Charles D. Fall",74
"AD","ED","County","EDAD Status","Event","Party/Independent Body","Office/Position Title","District Key","VoteFor","Unit Name","Tally","61","006","Richmond","IN-PLAY","Primary Election - 06/28/2022","Democratic","Member of the Assembly","61",1,"Justine Cuccia",11
"AD","ED","County","EDAD Status","Event","Party/Independent Body","Office/Position Title","District Key","VoteFor","Unit Name","Tally","61","007","Richmond","IN-PLAY","Primary Election - 06/28/2022","Democratic","Member of the Assembly","61",1,"Public Counter",90
"AD","ED","County","EDAD Status","Event","Party/Independent Body","Office/Position Title","District Key","VoteFor","Unit Name","Tally","61","007","Richmond","IN-PLAY","Primary Election - 06/28/2022","Democratic","Member of the Assembly","61",1,"Manually Counted Emergency",0
"AD","ED","County","EDAD Status","Event","Party/Independent Body","Office/Position Title","District Key","VoteFor","Unit Name","Tally","61","007","Richmond","IN-PLAY","Primary Election - 06/28/2022","Democratic","Member of the Assembly","61",1,"Absentee / Military",11
"AD","ED","County","EDAD Status","Event","Party/Independent Body","Office/Position Title","District Key","VoteFor","Unit Name","Tally","61","007","Richmond","IN-PLAY","Primary Election - 06/28/2022","Democratic","Member of the Assembly","61",1,"Affidavit",2
"AD","ED","County","EDAD Status","Event","Party/Independent Body","Office/Position Title","District Key","VoteFor","Unit Name","Tally","61","007","Richmond","IN-PLAY","Primary Election - 06/28/2022","Democratic","Member of the Assembly","61",1,"Charles D. Fall",87
"AD","ED","County","EDAD Status","Event","Party/Independent Body","Office/Position Title","District Key","VoteFor","Unit Name","Tally","61","007","Richmond","IN-PLAY","Primary Election - 06/28/2022","Democratic","Member of the Assembly","61",1,"Justine Cuccia",15
"AD","ED","County","EDAD Status","Event","Party/Independent Body","Office/Position Title","District Key","VoteFor","Unit Name","Tally","61","008","Richmond","IN-PLAY","Primary Election - 06/28/2022","Democratic","Member of the Assembly","61",1,"Public Counter",125
"AD","ED","County","EDAD Status","Event","Party/Independent Body","Office/Position Title","District Key","VoteFor","Unit Name","Tally","61","008","Richmond","IN-PLAY","Primary Election - 06/28/2022","Democratic","Member of the Assembly","61",1,"Manually Counted Emergency",0
"AD","ED","County","EDAD Status","Event","Party/Independent Body","Office/Position Title","District Key","VoteFor","Unit Name","Tally","61","008","Richmond","IN-PLAY","Primary Election - 06/28/2022","Democratic","Member of the Assembly","61",1,"Absentee / Military",14
"AD","ED","County","EDAD Status","Event","Party/Independent Body","Office/Position Title","District Key","VoteFor","Unit Name","Tally","61","008","Richmond","IN-PLAY","Primary Election - 06/28/2022","Democratic","Member of the Assembly","61",1,"Affidavit",0
"AD","ED","County","EDAD Status","Event","Party/Independent Body","Office/Position Title","District Key","VoteFor","Unit Name","Tally","61","008","Richmond","IN-PLAY","Primary Election - 06/28/2022","Democratic","Member of the Assembly","61",1,"Charles D. Fall",114
"AD","ED","County","EDAD Status","Event","Party/Independent Body","Office/Position Title","District Key","VoteFor","Unit Name","Tally","61","008","Richmond","IN-PLAY","Primary Election - 06/28/2022","Democratic","Member of the Assembly","61",1,"Justine Cuccia",22
"AD","ED","County","EDAD Status","Event","Party/Independent Body","Office/Position Title","District Key","VoteFor","Unit Name","Tally","61","009","Richmond","IN-PLAY","Primary Election - 06/28/2022","Democratic","Member of the Assembly","61",1,"Public Counter",131
"AD","ED","County","EDAD Status","Event","Party/Independent Body","Office/Position Title","District Key","VoteFor","Unit Name","Tally","61","009","Richmond","IN-PLAY","Primary Election - 06/28/2022","Democratic","Member of the Assembly","61",1,"Manually Counted Emergency",0
"AD","ED","County","EDAD Status","Event","Party/Independent Body","Office/Position Title","District Key","VoteFor","Unit Name","Tally","61","009","Richmond","IN-PLAY","Primary Election - 06/28/2022","Democratic","Member of the Assembly","61",1,"Absentee / Military",27
"AD","ED","County","EDAD Status","Event","Party/Independent Body","Office/Position Title","District Key","VoteFor","Unit Name","Tally","61","009","Richmond","IN-PLAY","Primary Election - 06/28/2022","Democratic","Member of the Assembly","61",1,"Affidavit",1
"AD","ED","County","EDAD Status","Event","Party/Independent Body","Office/Position Title","District Key","VoteFor","Unit Name","Tally","61","009","Richmond","IN-PLAY","Primary Election - 06/28/2022","Democratic","Member of the Assembly","61",1,"Charles D. Fall",117
"AD","ED","County","EDAD Status","Event","Party/Independent Body","Office/Position Title","District Key","VoteFor","Unit Name","Tally","61","009","Richmond","IN-PLAY","Primary Election - 06/28/2022","Democratic","Member of the Assembly","61",1,"Justine Cuccia",37
"AD","ED","County","EDAD Status","Event","Party/Independent Body","Office/Position Title","District Key","VoteFor","Unit Name","Tally","61","009","Richmond","IN-PLAY","Primary Election - 06/28/2022","Democratic","Member of the Assembly","61",1,"Scattered",2
"AD","ED","County","EDAD Status","Event","Party/Independent Body","Office/Position Title","District Key","VoteFor","Unit Name","Tally","61","010","Richmond","IN-PLAY","Primary Election - 06/28/2022","Democratic","Member of the Assembly","61",1,"Public Counter",106
"AD","ED","County","EDAD Status","Event","Party/Independent Body","Office/Position Title","District Key","VoteFor","Unit Name","Tally","61","010","Richmond","IN-PLAY","Primary Election - 06/28/2022","Democratic","Member of the Assembly","61",1,"Manually Counted Emergency",0
"AD","ED","County","EDAD Status","Event","Party/Independent Body","Office/Position Title","District Key","VoteFor","Unit Name","Tally","61","010","Richmond","IN-PLAY","Primary Election - 06/28/2022","Democratic","Member of the Assembly","61",1,"Absentee / Military",6
"AD","ED","County","EDAD Status","Event","Party/Independent Body","Office/Position Title","District Key","VoteFor","Unit Name","Tally","61","010","Richmond","IN-PLAY","Primary Election - 06/28/2022","Democratic","Member of the Assembly","61",1,"Affidavit",0
"AD","ED","County","EDAD Status","Event","Party/Independent Body","Office/Position Title","District Key","VoteFor","Unit Name","Tally","61","010","Richmond","IN-PLAY","Primary Election - 06/28/2022","Democratic","Member of the Assembly","61",1,"Charles D. Fall",83
"AD","ED","County","EDAD Status","Event","Party/Independent Body","Office/Position Title","District Key","VoteFor","Unit Name","Tally","61","010","Richmond","IN-PLAY","Primary Election - 06/28/2022","Democratic","Member of the Assembly","61",1,"Justine Cuccia",24
"AD","ED","County","EDAD Status","Event","Party/Independent Body","Office/Position Title","District Key","VoteFor","Unit Name","Tally","61","010","Richmond","IN-PLAY","Primary Election - 06/28/2022","Democratic","Member of the Assembly","61",1,"Scattered",1
"AD","ED","County","EDAD Status","Event","Party/Independent Body","Office/Position Title","District Key","VoteFor","Unit Name","Tally","61","011","Richmond","IN-PLAY","Primary Election - 06/28/2022","Democratic","Member of the Assembly","61",1,"Public Counter",214
"AD","ED","County","EDAD Status","Event","Party/Independent Body","Office/Position Title","District Key","VoteFor","Unit Name","Tally","61","011","Richmond","IN-PLAY","Primary Election - 06/28/2022","Democratic","Member of the Assembly","61",1,"Manually Counted Emergency",0
"AD","ED","County","EDAD Status","Event","Party/Independent Body","Office/Position Title","District Key","VoteFor","Unit Name","Tally","61","011","Richmond","IN-PLAY","Primary Election - 06/28/2022","Democratic","Member of the Assembly","61",1,"Absentee / Military",21
"AD","ED","County","EDAD Status","Event","Party/Independent Body","Office/Position Title","District Key","VoteFor","Unit Name","Tally","61","011","Richmond","IN-PLAY","Primary Election - 06/28/2022","Democratic","Member of the Assembly","61",1,"Affidavit",0
"AD","ED","County","EDAD Status","Event","Party/Independent Body","Office/Position Title","District Key","VoteFor","Unit Name","Tally","61","011","Richmond","IN-PLAY","Primary Election - 06/28/2022","Democratic","Member of the Assembly","61",1,"Charles D. Fall",186
"AD","ED","County","EDAD Status","Event","Party/Independent Body","Office/Position Title","District Key","VoteFor","Unit Name","Tally","61","011","Richmond","IN-PLAY","Primary Election - 06/28/2022","Democratic","Member of the Assembly","61",1,"Justine Cuccia",45
"AD","ED","County","EDAD Status","Event","Party/Independent Body","Office/Position Title","District Key","VoteFor","Unit Name","Tally","61","012","Richmond","IN-PLAY","Primary Election - 06/28/2022","Democratic","Member of the Assembly","61",1,"Public Counter",203
"AD","ED","County","EDAD Status","Event","Party/Independent Body","Office/Position Title","District Key","VoteFor","Unit Name","Tally","61","012","Richmond","IN-PLAY","Primary Election - 06/28/2022","Democratic","Member of the Assembly","61",1,"Manually Counted Emergency",0
"AD","ED","County","EDAD Status","Event","Party/Independent Body","Office/Position Title","District Key","VoteFor","Unit Name","Tally","61","012","Richmond","IN-PLAY","Primary Election - 06/28/2022","Democratic","Member of the Assembly","61",1,"Absentee / Military",12
"AD","ED","County","EDAD Status","Event","Party/Independent Body","Office/Position Title","District Key","VoteFor","Unit Name","Tally","61","012","Richmond","IN-PLAY","Primary Election - 06/28/2022","Democratic","Member of the Assembly","61",1,"Affidavit",0
"AD","ED","County","EDAD Status","Event","Party/Independent Body","Office/Position Title","District Key","VoteFor","Unit Name","Tally","61","012","Richmond","IN-PLAY","Primary Election - 06/28/2022","Democratic","Member of the Assembly","61",1,"Charles D. Fall",164
"AD","ED","County","EDAD Status","Event","Party/Independent Body","Office/Position Title","District Key","VoteFor","Unit Name","Tally","61","012","Richmond","IN-PLAY","Primary Election - 06/28/2022","Democratic","Member of the Assembly","61",1,"Justine Cuccia",46
"AD","ED","County","EDAD Status","Event","Party/Independent Body","Office/Position Title","District Key","VoteFor","Unit Name","Tally","61","013","Richmond","IN-PLAY","Primary Election - 06/28/2022","Democratic","Member of the Assembly","61",1,"Public Counter",202
"AD","ED","County","EDAD Status","Event","Party/Independent Body","Office/Position Title","District Key","VoteFor","Unit Name","Tally","61","013","Richmond","IN-PLAY","Primary Election - 06/28/2022","Democratic","Member of the Assembly","61",1,"Manually Counted Emergency",0
"AD","ED","County","EDAD Status","Event","Party/Independent Body","Office/Position Title","District Key","VoteFor","Unit Name","Tally","61","013","Richmond","IN-PLAY","Primary Election - 06/28/2022","Democratic","Member of the Assembly","61",1,"Absentee / Military",35
"AD","ED","County","EDAD Status","Event","Party/Independent Body","Office/Position Title","District Key","VoteFor","Unit Name","Tally","61","013","Richmond","IN-PLAY","Primary Election - 06/28/2022","Democratic","Member of the Assembly","61",1,"Affidavit",0
"AD","ED","County","EDAD Status","Event","Party/Independent Body","Office/Position Title","District Key","VoteFor","Unit Name","Tally","61","013","Richmond","IN-PLAY","Primary Election - 06/28/2022","Democratic","Member of the Assembly","61",1,"Charles D. Fall",176
"AD","ED","County","EDAD Status","Event","Party/Independent Body","Office/Position Title","District Key","VoteFor","Unit Name","Tally","61","013","Richmond","IN-PLAY","Primary Election - 06/28/2022","Democratic","Member of the Assembly","61",1,"Justine Cuccia",54
"AD","ED","County","EDAD Status","Event","Party/Independent Body","Office/Position Title","District Key","VoteFor","Unit Name","Tally","61","014","Richmond","IN-PLAY","Primary Election - 06/28/2022","Democratic","Member of the Assembly","61",1,"Public Counter",118
"AD","ED","County","EDAD Status","Event","Party/Independent Body","Office/Position Title","District Key","VoteFor","Unit Name","Tally","61","014","Richmond","IN-PLAY","Primary Election - 06/28/2022","Democratic","Member of the Assembly","61",1,"Manually Counted Emergency",0
"AD","ED","County","EDAD Status","Event","Party/Independent Body","Office/Position Title","District Key","VoteFor","Unit Name","Tally","61","014","Richmond","IN-PLAY","Primary Election - 06/28/2022","Democratic","Member of the Assembly","61",1,"Absentee / Military",10
"AD","ED","County","EDAD Status","Event","Party/Independent Body","Office/Position Title","District Key","VoteFor","Unit Name","Tally","61","014","Richmond","IN-PLAY","Primary Election - 06/28/2022","Democratic","Member of the Assembly","61",1,"Affidavit",1
"AD","ED","County","EDAD Status","Event","Party/Independent Body","Office/Position Title","District Key","VoteFor","Unit Name","Tally","61","014","Richmond","IN-PLAY","Primary Election - 06/28/2022","Democratic","Member of the Assembly","61",1,"Charles D. Fall",102
"AD","ED","County","EDAD Status","Event","Party/Independent Body","Office/Position Title","District Key","VoteFor","Unit Name","Tally","61","014","Richmond","IN-PLAY","Primary Election - 06/28/2022","Democratic","Member of the Assembly","61",1,"Justine Cuccia",24
"AD","ED","County","EDAD Status","Event","Party/Independent Body","Office/Position Title","District Key","VoteFor","Unit Name","Tally","61","014","Richmond","IN-PLAY","Primary Election - 06/28/2022","Democratic","Member of the Assembly","61",1,"Scattered",2
"AD","ED","County","EDAD Status","Event","Party/Independent Body","Office/Position Title","District Key","VoteFor","Unit Name","Tally","61","015","Richmond","IN-PLAY","Primary Election - 06/28/2022","Democratic","Member of the Assembly","61",1,"Public Counter",108
"AD","ED","County","EDAD Status","Event","Party/Independent Body","Office/Position Title","District Key","VoteFor","Unit Name","Tally","61","015","Richmond","IN-PLAY","Primary Election - 06/28/2022","Democratic","Member of the Assembly","61",1,"Manually Counted Emergency",0
"AD","ED","County","EDAD Status","Event","Party/Independent Body","Office/Position Title","District Key","VoteFor","Unit Name","Tally","61","015","Richmond","IN-PLAY","Primary Election - 06/28/2022","Democratic","Member of the Assembly","61",1,"Absentee / Military",9
"AD","ED","County","EDAD Status","Event","Party/Independent Body","Office/Position Title","District Key","VoteFor","Unit Name","Tally","61","015","Richmond","IN-PLAY","Primary Election - 06/28/2022","Democratic","Member of the Assembly","61",1,"Affidavit",0
"AD","ED","County","EDAD Status","Event","Party/Independent Body","Office/Position Title","District Key","VoteFor","Unit Name","Tally","61","015","Richmond","IN-PLAY","Primary Election - 06/28/2022","Democratic","Member of the Assembly","61",1,"Charles D. Fall",84
"AD","ED","County","EDAD Status","Event","Party/Independent Body","Office/Position Title","District Key","VoteFor","Unit Name","Tally","61","015","Richmond","IN-PLAY","Primary Election - 06/28/2022","Democratic","Member of the Assembly","61",1,"Justine Cuccia",30
"AD","ED","County","EDAD Status","Event","Party/Independent Body","Office/Position Title","District Key","VoteFor","Unit Name","Tally","61","015","Richmond","IN-PLAY","Primary Election - 06/28/2022","Democratic","Member of the Assembly","61",1,"Scattered",1
"AD","ED","County","EDAD Status","Event","Party/Independent Body","Office/Position Title","District Key","VoteFor","Unit Name","Tally","61","016","Richmond","IN-PLAY","Primary Election - 06/28/2022","Democratic","Member of the Assembly","61",1,"Public Counter",77
"AD","ED","County","EDAD Status","Event","Party/Independent Body","Office/Position Title","District Key","VoteFor","Unit Name","Tally","61","016","Richmond","IN-PLAY","Primary Election - 06/28/2022","Democratic","Member of the Assembly","61",1,"Manually Counted Emergency",0
"AD","ED","County","EDAD Status","Event","Party/Independent Body","Office/Position Title","District Key","VoteFor","Unit Name","Tally","61","016","Richmond","IN-PLAY","Primary Election - 06/28/2022","Democratic","Member of the Assembly","61",1,"Absentee / Military",31
"AD","ED","County","EDAD Status","Event","Party/Independent Body","Office/Position Title","District Key","VoteFor","Unit Name","Tally","61","016","Richmond","IN-PLAY","Primary Election - 06/28/2022","Democratic","Member of the Assembly","61",1,"Affidavit",0
"AD","ED","County","EDAD Status","Event","Party/Independent Body","Office/Position Title","District Key","VoteFor","Unit Name","Tally","61","016","Richmond","IN-PLAY","Primary Election - 06/28/2022","Democratic","Member of the Assembly","61",1,"Charles D. Fall",86
"AD","ED","County","EDAD Status","Event","Party/Independent Body","Office/Position Title","District Key","VoteFor","Unit Name","Tally","61","016","Richmond","IN-PLAY","Primary Election - 06/28/2022","Democratic","Member of the Assembly","61",1,"Justine Cuccia",18
"AD","ED","County","EDAD Status","Event","Party/Independent Body","Office/Position Title","District Key","VoteFor","Unit Name","Tally","61","017","Richmond","IN-PLAY","Primary Election - 06/28/2022","Democratic","Member of the Assembly","61",1,"Public Counter",139
"AD","ED","County","EDAD Status","Event","Party/Independent Body","Office/Position Title","District Key","VoteFor","Unit Name","Tally","61","017","Richmond","IN-PLAY","Primary Election - 06/28/2022","Democratic","Member of the Assembly","61",1,"Manually Counted Emergency",0
"AD","ED","County","EDAD Status","Event","Party/Independent Body","Office/Position Title","District Key","VoteFor","Unit Name","Tally","61","017","Richmond","IN-PLAY","Primary Election - 06/28/2022","Democratic","Member of the Assembly","61",1,"Absentee / Military",11
"AD","ED","County","EDAD Status","Event","Party/Independent Body","Office/Position Title","District Key","VoteFor","Unit Name","Tally","61","017","Richmond","IN-PLAY","Primary Election - 06/28/2022","Democratic","Member of the Assembly","61",1,"Affidavit",2
"AD","ED","County","EDAD Status","Event","Party/Independent Body","Office/Position Title","District Key","VoteFor","Unit Name","Tally","61","017","Richmond","IN-PLAY","Primary Election - 06/28/2022","Democratic","Member of the Assembly","61",1,"Charles D. Fall",117
"AD","ED","County","EDAD Status","Event","Party/Independent Body","Office/Position Title","District Key","VoteFor","Unit Name","Tally","61","017","Richmond","IN-PLAY","Primary Election - 06/28/2022","Democratic","Member of the Assembly","61",1,"Justine Cuccia",28
"AD","ED","County","EDAD Status","Event","Party/Independent Body","Office/Position Title","District Key","VoteFor","Unit Name","Tally","61","018","Richmond","IN-PLAY","Primary Election - 06/28/2022","Democratic","Member of the Assembly","61",1,"Public Counter",107
"AD","ED","County","EDAD Status","Event","Party/Independent Body","Office/Position Title","District Key","VoteFor","Unit Name","Tally","61","018","Richmond","IN-PLAY","Primary Election - 06/28/2022","Democratic","Member of the Assembly","61",1,"Manually Counted Emergency",0
"AD","ED","County","EDAD Status","Event","Party/Independent Body","Office/Position Title","District Key","VoteFor","Unit Name","Tally","61","018","Richmond","IN-PLAY","Primary Election - 06/28/2022","Democratic","Member of the Assembly","61",1,"Absentee / Military",5
"AD","ED","County","EDAD Status","Event","Party/Independent Body","Office/Position Title","District Key","VoteFor","Unit Name","Tally","61","018","Richmond","IN-PLAY","Primary Election - 06/28/2022","Democratic","Member of the Assembly","61",1,"Affidavit",1
"AD","ED","County","EDAD Status","Event","Party/Independent Body","Office/Position Title","District Key","VoteFor","Unit Name","Tally","61","018","Richmond","IN-PLAY","Primary Election - 06/28/2022","Democratic","Member of the Assembly","61",1,"Charles D. Fall",84
"AD","ED","County","EDAD Status","Event","Party/Independent Body","Office/Position Title","District Key","VoteFor","Unit Name","Tally","61","018","Richmond","IN-PLAY","Primary Election - 06/28/2022","Democratic","Member of the Assembly","61",1,"Justine Cuccia",24
"AD","ED","County","EDAD Status","Event","Party/Independent Body","Office/Position Title","District Key","VoteFor","Unit Name","Tally","61","019","Richmond","IN-PLAY","Primary Election - 06/28/2022","Democratic","Member of the Assembly","61",1,"Public Counter",138
"AD","ED","County","EDAD Status","Event","Party/Independent Body","Office/Position Title","District Key","VoteFor","Unit Name","Tally","61","019","Richmond","IN-PLAY","Primary Election - 06/28/2022","Democratic","Member of the Assembly","61",1,"Manually Counted Emergency",0
"AD","ED","County","EDAD Status","Event","Party/Independent Body","Office/Position Title","District Key","VoteFor","Unit Name","Tally","61","019","Richmond","IN-PLAY","Primary Election - 06/28/2022","Democratic","Member of the Assembly","61",1,"Absentee / Military",16
"AD","ED","County","EDAD Status","Event","Party/Independent Body","Office/Position Title","District Key","VoteFor","Unit Name","Tally","61","019","Richmond","IN-PLAY","Primary Election - 06/28/2022","Democratic","Member of the Assembly","61",1,"Affidavit",0
"AD","ED","County","EDAD Status","Event","Party/Independent Body","Office/Position Title","District Key","VoteFor","Unit Name","Tally","61","019","Richmond","IN-PLAY","Primary Election - 06/28/2022","Democratic","Member of the Assembly","61",1,"Charles D. Fall",124
"AD","ED","County","EDAD Status","Event","Party/Independent Body","Office/Position Title","District Key","VoteFor","Unit Name","Tally","61","019","Richmond","IN-PLAY","Primary Election - 06/28/2022","Democratic","Member of the Assembly","61",1,"Justine Cuccia",24
"AD","ED","County","EDAD Status","Event","Party/Independent Body","Office/Position Title","District Key","VoteFor","Unit Name","Tally","61","020","Richmond","IN-PLAY","Primary Election - 06/28/2022","Democratic","Member of the Assembly","61",1,"Public Counter",113
"AD","ED","County","EDAD Status","Event","Party/Independent Body","Office/Position Title","District Key","VoteFor","Unit Name","Tally","61","020","Richmond","IN-PLAY","Primary Election - 06/28/2022","Democratic","Member of the Assembly","61",1,"Manually Counted Emergency",0
"AD","ED","County","EDAD Status","Event","Party/Independent Body","Office/Position Title","District Key","VoteFor","Unit Name","Tally","61","020","Richmond","IN-PLAY","Primary Election - 06/28/2022","Democratic","Member of the Assembly","61",1,"Absentee / Military",18
"AD","ED","County","EDAD Status","Event","Party/Independent Body","Office/Position Title","District Key","VoteFor","Unit Name","Tally","61","020","Richmond","IN-PLAY","Primary Election - 06/28/2022","Democratic","Member of the Assembly","61",1,"Affidavit",3
"AD","ED","County","EDAD Status","Event","Party/Independent Body","Office/Position Title","District Key","VoteFor","Unit Name","Tally","61","020","Richmond","IN-PLAY","Primary Election - 06/28/2022","Democratic","Member of the Assembly","61",1,"Charles D. Fall",109
"AD","ED","County","EDAD Status","Event","Party/Independent Body","Office/Position Title","District Key","VoteFor","Unit Name","Tally","61","020","Richmond","IN-PLAY","Primary Election - 06/28/2022","Democratic","Member of the Assembly","61",1,"Justine Cuccia",20
"AD","ED","County","EDAD Status","Event","Party/Independent Body","Office/Position Title","District Key","VoteFor","Unit Name","Tally","61","021","Richmond","IN-PLAY","Primary Election - 06/28/2022","Democratic","Member of the Assembly","61",1,"Public Counter",163
"AD","ED","County","EDAD Status","Event","Party/Independent Body","Office/Position Title","District Key","VoteFor","Unit Name","Tally","61","021","Richmond","IN-PLAY","Primary Election - 06/28/2022","Democratic","Member of the Assembly","61",1,"Manually Counted Emergency",0
"AD","ED","County","EDAD Status","Event","Party/Independent Body","Office/Position Title","District Key","VoteFor","Unit Name","Tally","61","021","Richmond","IN-PLAY","Primary Election - 06/28/2022","Democratic","Member of the Assembly","61",1,"Absentee / Military",13
"AD","ED","County","EDAD Status","Event","Party/Independent Body","Office/Position Title","District Key","VoteFor","Unit Name","Tally","61","021","Richmond","IN-PLAY","Primary Election - 06/28/2022","Democratic","Member of the Assembly","61",1,"Affidavit",0
"AD","ED","County","EDAD Status","Event","Party/Independent Body","Office/Position Title","District Key","VoteFor","Unit Name","Tally","61","021","Richmond","IN-PLAY","Primary Election - 06/28/2022","Democratic","Member of the Assembly","61",1,"Charles D. Fall",145
"AD","ED","County","EDAD Status","Event","Party/Independent Body","Office/Position Title","District Key","VoteFor","Unit Name","Tally","61","021","Richmond","IN-PLAY","Primary Election - 06/28/2022","Democratic","Member of the Assembly","61",1,"Justine Cuccia",25
"AD","ED","County","EDAD Status","Event","Party/Independent Body","Office/Position Title","District Key","VoteFor","Unit Name","Tally","61","022","Richmond","IN-PLAY","Primary Election - 06/28/2022","Democratic","Member of the Assembly","61",1,"Public Counter",154
"AD","ED","County","EDAD Status","Event","Party/Independent Body","Office/Position Title","District Key","VoteFor","Unit Name","Tally","61","022","Richmond","IN-PLAY","Primary Election - 06/28/2022","Democratic","Member of the Assembly","61",1,"Manually Counted Emergency",0
"AD","ED","County","EDAD Status","Event","Party/Independent Body","Office/Position Title","District Key","VoteFor","Unit Name","Tally","61","022","Richmond","IN-PLAY","Primary Election - 06/28/2022","Democratic","Member of the Assembly","61",1,"Absentee / Military",9
"AD","ED","County","EDAD Status","Event","Party/Independent Body","Office/Position Title","District Key","VoteFor","Unit Name","Tally","61","022","Richmond","IN-PLAY","Primary Election - 06/28/2022","Democratic","Member of the Assembly","61",1,"Affidavit",3
"AD","ED","County","EDAD Status","Event","Party/Independent Body","Office/Position Title","District Key","VoteFor","Unit Name","Tally","61","022","Richmond","IN-PLAY","Primary Election - 06/28/2022","Democratic","Member of the Assembly","61",1,"Charles D. Fall",131
"AD","ED","County","EDAD Status","Event","Party/Independent Body","Office/Position Title","District Key","VoteFor","Unit Name","Tally","61","022","Richmond","IN-PLAY","Primary Election - 06/28/2022","Democratic","Member of the Assembly","61",1,"Justine Cuccia",30
"AD","ED","County","EDAD Status","Event","Party/Independent Body","Office/Position Title","District Key","VoteFor","Unit Name","Tally","61","022","Richmond","IN-PLAY","Primary Election - 06/28/2022","Democratic","Member of the Assembly","61",1,"Scattered",1
"AD","ED","County","EDAD Status","Event","Party/Independent Body","Office/Position Title","District Key","VoteFor","Unit Name","Tally","61","023","Richmond","IN-PLAY","Primary Election - 06/28/2022","Democratic","Member of the Assembly","61",1,"Public Counter",120
"AD","ED","County","EDAD Status","Event","Party/Independent Body","Office/Position Title","District Key","VoteFor","Unit Name","Tally","61","023","Richmond","IN-PLAY","Primary Election - 06/28/2022","Democratic","Member of the Assembly","61",1,"Manually Counted Emergency",0
"AD","ED","County","EDAD Status","Event","Party/Independent Body","Office/Position Title","District Key","VoteFor","Unit Name","Tally","61","023","Richmond","IN-PLAY","Primary Election - 06/28/2022","Democratic","Member of the Assembly","61",1,"Absentee / Military",9
"AD","ED","County","EDAD Status","Event","Party/Independent Body","Office/Position Title","District Key","VoteFor","Unit Name","Tally","61","023","Richmond","IN-PLAY","Primary Election - 06/28/2022","Democratic","Member of the Assembly","61",1,"Affidavit",2
"AD","ED","County","EDAD Status","Event","Party/Independent Body","Office/Position Title","District Key","VoteFor","Unit Name","Tally","61","023","Richmond","IN-PLAY","Primary Election - 06/28/2022","Democratic","Member of the Assembly","61",1,"Charles D. Fall",107
"AD","ED","County","EDAD Status","Event","Party/Independent Body","Office/Position Title","District Key","VoteFor","Unit Name","Tally","61","023","Richmond","IN-PLAY","Primary Election - 06/28/2022","Democratic","Member of the Assembly","61",1,"Justine Cuccia",22
"AD","ED","County","EDAD Status","Event","Party/Independent Body","Office/Position Title","District Key","VoteFor","Unit Name","Tally","61","024","Richmond","IN-PLAY","Primary Election - 06/28/2022","Democratic","Member of the Assembly","61",1,"Public Counter",71
"AD","ED","County","EDAD Status","Event","Party/Independent Body","Office/Position Title","District Key","VoteFor","Unit Name","Tally","61","024","Richmond","IN-PLAY","Primary Election - 06/28/2022","Democratic","Member of the Assembly","61",1,"Manually Counted Emergency",0
"AD","ED","County","EDAD Status","Event","Party/Independent Body","Office/Position Title","District Key","VoteFor","Unit Name","Tally","61","024","Richmond","IN-PLAY","Primary Election - 06/28/2022","Democratic","Member of the Assembly","61",1,"Absentee / Military",10
"AD","ED","County","EDAD Status","Event","Party/Independent Body","Office/Position Title","District Key","VoteFor","Unit Name","Tally","61","024","Richmond","IN-PLAY","Primary Election - 06/28/2022","Democratic","Member of the Assembly","61",1,"Affidavit",3
"AD","ED","County","EDAD Status","Event","Party/Independent Body","Office/Position Title","District Key","VoteFor","Unit Name","Tally","61","024","Richmond","IN-PLAY","Primary Election - 06/28/2022","Democratic","Member of the Assembly","61",1,"Charles D. Fall",58
"AD","ED","County","EDAD Status","Event","Party/Independent Body","Office/Position Title","District Key","VoteFor","Unit Name","Tally","61","024","Richmond","IN-PLAY","Primary Election - 06/28/2022","Democratic","Member of the Assembly","61",1,"Justine Cuccia",20
"AD","ED","County","EDAD Status","Event","Party/Independent Body","Office/Position Title","District Key","VoteFor","Unit Name","Tally","61","024","Richmond","IN-PLAY","Primary Election - 06/28/2022","Democratic","Member of the Assembly","61",1,"Scattered",1
"AD","ED","County","EDAD Status","Event","Party/Independent Body","Office/Position Title","District Key","VoteFor","Unit Name","Tally","61","025","Richmond","IN-PLAY","Primary Election - 06/28/2022","Democratic","Member of the Assembly","61",1,"Public Counter",115
"AD","ED","County","EDAD Status","Event","Party/Independent Body","Office/Position Title","District Key","VoteFor","Unit Name","Tally","61","025","Richmond","IN-PLAY","Primary Election - 06/28/2022","Democratic","Member of the Assembly","61",1,"Manually Counted Emergency",0
"AD","ED","County","EDAD Status","Event","Party/Independent Body","Office/Position Title","District Key","VoteFor","Unit Name","Tally","61","025","Richmond","IN-PLAY","Primary Election - 06/28/2022","Democratic","Member of the Assembly","61",1,"Absentee / Military",13
"AD","ED","County","EDAD Status","Event","Party/Independent Body","Office/Position Title","District Key","VoteFor","Unit Name","Tally","61","025","Richmond","IN-PLAY","Primary Election - 06/28/2022","Democratic","Member of the Assembly","61",1,"Affidavit",1
"AD","ED","County","EDAD Status","Event","Party/Independent Body","Office/Position Title","District Key","VoteFor","Unit Name","Tally","61","025","Richmond","IN-PLAY","Primary Election - 06/28/2022","Democratic","Member of the Assembly","61",1,"Charles D. Fall",84
"AD","ED","County","EDAD Status","Event","Party/Independent Body","Office/Position Title","District Key","VoteFor","Unit Name","Tally","61","025","Richmond","IN-PLAY","Primary Election - 06/28/2022","Democratic","Member of the Assembly","61",1,"Justine Cuccia",40
"AD","ED","County","EDAD Status","Event","Party/Independent Body","Office/Position Title","District Key","VoteFor","Unit Name","Tally","61","026","Richmond","IN-PLAY","Primary Election - 06/28/2022","Democratic","Member of the Assembly","61",1,"Public Counter",57
"AD","ED","County","EDAD Status","Event","Party/Independent Body","Office/Position Title","District Key","VoteFor","Unit Name","Tally","61","026","Richmond","IN-PLAY","Primary Election - 06/28/2022","Democratic","Member of the Assembly","61",1,"Manually Counted Emergency",0
"AD","ED","County","EDAD Status","Event","Party/Independent Body","Office/Position Title","District Key","VoteFor","Unit Name","Tally","61","026","Richmond","IN-PLAY","Primary Election - 06/28/2022","Democratic","Member of the Assembly","61",1,"Absentee / Military",10
"AD","ED","County","EDAD Status","Event","Party/Independent Body","Office/Position Title","District Key","VoteFor","Unit Name","Tally","61","026","Richmond","IN-PLAY","Primary Election - 06/28/2022","Democratic","Member of the Assembly","61",1,"Affidavit",0
"AD","ED","County","EDAD Status","Event","Party/Independent Body","Office/Position Title","District Key","VoteFor","Unit Name","Tally","61","026","Richmond","IN-PLAY","Primary Election - 06/28/2022","Democratic","Member of the Assembly","61",1,"Charles D. Fall",44
"AD","ED","County","EDAD Status","Event","Party/Independent Body","Office/Position Title","District Key","VoteFor","Unit Name","Tally","61","026","Richmond","IN-PLAY","Primary Election - 06/28/2022","Democratic","Member of the Assembly","61",1,"Justine Cuccia",21
"AD","ED","County","EDAD Status","Event","Party/Independent Body","Office/Position Title","District Key","VoteFor","Unit Name","Tally","61","027","Richmond","IN-PLAY","Primary Election - 06/28/2022","Democratic","Member of the Assembly","61",1,"Public Counter",65
"AD","ED","County","EDAD Status","Event","Party/Independent Body","Office/Position Title","District Key","VoteFor","Unit Name","Tally","61","027","Richmond","IN-PLAY","Primary Election - 06/28/2022","Democratic","Member of the Assembly","61",1,"Manually Counted Emergency",0
"AD","ED","County","EDAD Status","Event","Party/Independent Body","Office/Position Title","District Key","VoteFor","Unit Name","Tally","61","027","Richmond","IN-PLAY","Primary Election - 06/28/2022","Democratic","Member of the Assembly","61",1,"Absentee / Military",12
"AD","ED","County","EDAD Status","Event","Party/Independent Body","Office/Position Title","District Key","VoteFor","Unit Name","Tally","61","027","Richmond","IN-PLAY","Primary Election - 06/28/2022","Democratic","Member of the Assembly","61",1,"Affidavit",1
"AD","ED","County","EDAD Status","Event","Party/Independent Body","Office/Position Title","District Key","VoteFor","Unit Name","Tally","61","027","Richmond","IN-PLAY","Primary Election - 06/28/2022","Democratic","Member of the Assembly","61",1,"Charles D. Fall",58
"AD","ED","County","EDAD Status","Event","Party/Independent Body","Office/Position Title","District Key","VoteFor","Unit Name","Tally","61","027","Richmond","IN-PLAY","Primary Election - 06/28/2022","Democratic","Member of the Assembly","61",1,"Justine Cuccia",17
"AD","ED","County","EDAD Status","Event","Party/Independent Body","Office/Position Title","District Key","VoteFor","Unit Name","Tally","61","028","Richmond","IN-PLAY","Primary Election - 06/28/2022","Democratic","Member of the Assembly","61",1,"Public Counter",94
"AD","ED","County","EDAD Status","Event","Party/Independent Body","Office/Position Title","District Key","VoteFor","Unit Name","Tally","61","028","Richmond","IN-PLAY","Primary Election - 06/28/2022","Democratic","Member of the Assembly","61",1,"Manually Counted Emergency",0
"AD","ED","County","EDAD Status","Event","Party/Independent Body","Office/Position Title","District Key","VoteFor","Unit Name","Tally","61","028","Richmond","IN-PLAY","Primary Election - 06/28/2022","Democratic","Member of the Assembly","61",1,"Absentee / Military",8
"AD","ED","County","EDAD Status","Event","Party/Independent Body","Office/Position Title","District Key","VoteFor","Unit Name","Tally","61","028","Richmond","IN-PLAY","Primary Election - 06/28/2022","Democratic","Member of the Assembly","61",1,"Affidavit",0
"AD","ED","County","EDAD Status","Event","Party/Independent Body","Office/Position Title","District Key","VoteFor","Unit Name","Tally","61","028","Richmond","IN-PLAY","Primary Election - 06/28/2022","Democratic","Member of the Assembly","61",1,"Charles D. Fall",69
"AD","ED","County","EDAD Status","Event","Party/Independent Body","Office/Position Title","District Key","VoteFor","Unit Name","Tally","61","028","Richmond","IN-PLAY","Primary Election - 06/28/2022","Democratic","Member of the Assembly","61",1,"Justine Cuccia",29
"AD","ED","County","EDAD Status","Event","Party/Independent Body","Office/Position Title","District Key","VoteFor","Unit Name","Tally","61","028","Richmond","IN-PLAY","Primary Election - 06/28/2022","Democratic","Member of the Assembly","61",1,"Scattered",2
"AD","ED","County","EDAD Status","Event","Party/Independent Body","Office/Position Title","District Key","VoteFor","Unit Name","Tally","61","029","Richmond","IN-PLAY","Primary Election - 06/28/2022","Democratic","Member of the Assembly","61",1,"Public Counter",88
"AD","ED","County","EDAD Status","Event","Party/Independent Body","Office/Position Title","District Key","VoteFor","Unit Name","Tally","61","029","Richmond","IN-PLAY","Primary Election - 06/28/2022","Democratic","Member of the Assembly","61",1,"Manually Counted Emergency",0
"AD","ED","County","EDAD Status","Event","Party/Independent Body","Office/Position Title","District Key","VoteFor","Unit Name","Tally","61","029","Richmond","IN-PLAY","Primary Election - 06/28/2022","Democratic","Member of the Assembly","61",1,"Absentee / Military",3
"AD","ED","County","EDAD Status","Event","Party/Independent Body","Office/Position Title","District Key","VoteFor","Unit Name","Tally","61","029","Richmond","IN-PLAY","Primary Election - 06/28/2022","Democratic","Member of the Assembly","61",1,"Affidavit",0
"AD","ED","County","EDAD Status","Event","Party/Independent Body","Office/Position Title","District Key","VoteFor","Unit Name","Tally","61","029","Richmond","IN-PLAY","Primary Election - 06/28/2022","Democratic","Member of the Assembly","61",1,"Charles D. Fall",75
"AD","ED","County","EDAD Status","Event","Party/Independent Body","Office/Position Title","District Key","VoteFor","Unit Name","Tally","61","029","Richmond","IN-PLAY","Primary Election - 06/28/2022","Democratic","Member of the Assembly","61",1,"Justine Cuccia",14
"AD","ED","County","EDAD Status","Event","Party/Independent Body","Office/Position Title","District Key","VoteFor","Unit Name","Tally","61","030","Richmond","IN-PLAY","Primary Election - 06/28/2022","Democratic","Member of the Assembly","61",1,"Public Counter",108
"AD","ED","County","EDAD Status","Event","Party/Independent Body","Office/Position Title","District Key","VoteFor","Unit Name","Tally","61","030","Richmond","IN-PLAY","Primary Election - 06/28/2022","Democratic","Member of the Assembly","61",1,"Manually Counted Emergency",0
"AD","ED","County","EDAD Status","Event","Party/Independent Body","Office/Position Title","District Key","VoteFor","Unit Name","Tally","61","030","Richmond","IN-PLAY","Primary Election - 06/28/2022","Democratic","Member of the Assembly","61",1,"Absentee / Military",11
"AD","ED","County","EDAD Status","Event","Party/Independent Body","Office/Position Title","District Key","VoteFor","Unit Name","Tally","61","030","Richmond","IN-PLAY","Primary Election - 06/28/2022","Democratic","Member of the Assembly","61",1,"Affidavit",1
"AD","ED","County","EDAD Status","Event","Party/Independent Body","Office/Position Title","District Key","VoteFor","Unit Name","Tally","61","030","Richmond","IN-PLAY","Primary Election - 06/28/2022","Democratic","Member of the Assembly","61",1,"Charles D. Fall",95
"AD","ED","County","EDAD Status","Event","Party/Independent Body","Office/Position Title","District Key","VoteFor","Unit Name","Tally","61","030","Richmond","IN-PLAY","Primary Election - 06/28/2022","Democratic","Member of the Assembly","61",1,"Justine Cuccia",21
"AD","ED","County","EDAD Status","Event","Party/Independent Body","Office/Position Title","District Key","VoteFor","Unit Name","Tally","61","031","Richmond","IN-PLAY","Primary Election - 06/28/2022","Democratic","Member of the Assembly","61",1,"Public Counter",90
"AD","ED","County","EDAD Status","Event","Party/Independent Body","Office/Position Title","District Key","VoteFor","Unit Name","Tally","61","031","Richmond","IN-PLAY","Primary Election - 06/28/2022","Democratic","Member of the Assembly","61",1,"Manually Counted Emergency",0
"AD","ED","County","EDAD Status","Event","Party/Independent Body","Office/Position Title","District Key","VoteFor","Unit Name","Tally","61","031","Richmond","IN-PLAY","Primary Election - 06/28/2022","Democratic","Member of the Assembly","61",1,"Absentee / Military",8
"AD","ED","County","EDAD Status","Event","Party/Independent Body","Office/Position Title","District Key","VoteFor","Unit Name","Tally","61","031","Richmond","IN-PLAY","Primary Election - 06/28/2022","Democratic","Member of the Assembly","61",1,"Affidavit",0
"AD","ED","County","EDAD Status","Event","Party/Independent Body","Office/Position Title","District Key","VoteFor","Unit Name","Tally","61","031","Richmond","IN-PLAY","Primary Election - 06/28/2022","Democratic","Member of the Assembly","61",1,"Charles D. Fall",80
"AD","ED","County","EDAD Status","Event","Party/Independent Body","Office/Position Title","District Key","VoteFor","Unit Name","Tally","61","031","Richmond","IN-PLAY","Primary Election - 06/28/2022","Democratic","Member of the Assembly","61",1,"Justine Cuccia",14
"AD","ED","County","EDAD Status","Event","Party/Independent Body","Office/Position Title","District Key","VoteFor","Unit Name","Tally","61","031","Richmond","IN-PLAY","Primary Election - 06/28/2022","Democratic","Member of the Assembly","61",1,"Scattered",2
"AD","ED","County","EDAD Status","Event","Party/Independent Body","Office/Position Title","District Key","VoteFor","Unit Name","Tally","61","032","Richmond","IN-PLAY","Primary Election - 06/28/2022","Democratic","Member of the Assembly","61",1,"Public Counter",85
"AD","ED","County","EDAD Status","Event","Party/Independent Body","Office/Position Title","District Key","VoteFor","Unit Name","Tally","61","032","Richmond","IN-PLAY","Primary Election - 06/28/2022","Democratic","Member of the Assembly","61",1,"Manually Counted Emergency",0
"AD","ED","County","EDAD Status","Event","Party/Independent Body","Office/Position Title","District Key","VoteFor","Unit Name","Tally","61","032","Richmond","IN-PLAY","Primary Election - 06/28/2022","Democratic","Member of the Assembly","61",1,"Absentee / Military",8
"AD","ED","County","EDAD Status","Event","Party/Independent Body","Office/Position Title","District Key","VoteFor","Unit Name","Tally","61","032","Richmond","IN-PLAY","Primary Election - 06/28/2022","Democratic","Member of the Assembly","61",1,"Affidavit",0
"AD","ED","County","EDAD Status","Event","Party/Independent Body","Office/Position Title","District Key","VoteFor","Unit Name","Tally","61","032","Richmond","IN-PLAY","Primary Election - 06/28/2022","Democratic","Member of the Assembly","61",1,"Charles D. Fall",77
"AD","ED","County","EDAD Status","Event","Party/Independent Body","Office/Position Title","District Key","VoteFor","Unit Name","Tally","61","032","Richmond","IN-PLAY","Primary Election - 06/28/2022","Democratic","Member of the Assembly","61",1,"Justine Cuccia",13
"AD","ED","County","EDAD Status","Event","Party/Independent Body","Office/Position Title","District Key","VoteFor","Unit Name","Tally","61","033","Richmond","IN-PLAY","Primary Election - 06/28/2022","Democratic","Member of the Assembly","61",1,"Public Counter",98
"AD","ED","County","EDAD Status","Event","Party/Independent Body","Office/Position Title","District Key","VoteFor","Unit Name","Tally","61","033","Richmond","IN-PLAY","Primary Election - 06/28/2022","Democratic","Member of the Assembly","61",1,"Manually Counted Emergency",0
"AD","ED","County","EDAD Status","Event","Party/Independent Body","Office/Position Title","District Key","VoteFor","Unit Name","Tally","61","033","Richmond","IN-PLAY","Primary Election - 06/28/2022","Democratic","Member of the Assembly","61",1,"Absentee / Military",10
"AD","ED","County","EDAD Status","Event","Party/Independent Body","Office/Position Title","District Key","VoteFor","Unit Name","Tally","61","033","Richmond","IN-PLAY","Primary Election - 06/28/2022","Democratic","Member of the Assembly","61",1,"Affidavit",2
"AD","ED","County","EDAD Status","Event","Party/Independent Body","Office/Position Title","District Key","VoteFor","Unit Name","Tally","61","033","Richmond","IN-PLAY","Primary Election - 06/28/2022","Democratic","Member of the Assembly","61",1,"Charles D. Fall",98
"AD","ED","County","EDAD Status","Event","Party/Independent Body","Office/Position Title","District Key","VoteFor","Unit Name","Tally","61","033","Richmond","IN-PLAY","Primary Election - 06/28/2022","Democratic","Member of the Assembly","61",1,"Justine Cuccia",10
"AD","ED","County","EDAD Status","Event","Party/Independent Body","Office/Position Title","District Key","VoteFor","Unit Name","Tally","61","034","Richmond","IN-PLAY","Primary Election - 06/28/2022","Democratic","Member of the Assembly","61",1,"Public Counter",69
"AD","ED","County","EDAD Status","Event","Party/Independent Body","Office/Position Title","District Key","VoteFor","Unit Name","Tally","61","034","Richmond","IN-PLAY","Primary Election - 06/28/2022","Democratic","Member of the Assembly","61",1,"Manually Counted Emergency",0
"AD","ED","County","EDAD Status","Event","Party/Independent Body","Office/Position Title","District Key","VoteFor","Unit Name","Tally","61","034","Richmond","IN-PLAY","Primary Election - 06/28/2022","Democratic","Member of the Assembly","61",1,"Absentee / Military",6
"AD","ED","County","EDAD Status","Event","Party/Independent Body","Office/Position Title","District Key","VoteFor","Unit Name","Tally","61","034","Richmond","IN-PLAY","Primary Election - 06/28/2022","Democratic","Member of the Assembly","61",1,"Affidavit",0
"AD","ED","County","EDAD Status","Event","Party/Independent Body","Office/Position Title","District Key","VoteFor","Unit Name","Tally","61","034","Richmond","IN-PLAY","Primary Election - 06/28/2022","Democratic","Member of the Assembly","61",1,"Charles D. Fall",65
"AD","ED","County","EDAD Status","Event","Party/Independent Body","Office/Position Title","District Key","VoteFor","Unit Name","Tally","61","034","Richmond","IN-PLAY","Primary Election - 06/28/2022","Democratic","Member of the Assembly","61",1,"Justine Cuccia",8
"AD","ED","County","EDAD Status","Event","Party/Independent Body","Office/Position Title","District Key","VoteFor","Unit Name","Tally","61","035","Richmond","IN-PLAY","Primary Election - 06/28/2022","Democratic","Member of the Assembly","61",1,"Public Counter",94
"AD","ED","County","EDAD Status","Event","Party/Independent Body","Office/Position Title","District Key","VoteFor","Unit Name","Tally","61","035","Richmond","IN-PLAY","Primary Election - 06/28/2022","Democratic","Member of the Assembly","61",1,"Manually Counted Emergency",0
"AD","ED","County","EDAD Status","Event","Party/Independent Body","Office/Position Title","District Key","VoteFor","Unit Name","Tally","61","035","Richmond","IN-PLAY","Primary Election - 06/28/2022","Democratic","Member of the Assembly","61",1,"Absentee / Military",12
"AD","ED","County","EDAD Status","Event","Party/Independent Body","Office/Position Title","District Key","VoteFor","Unit Name","Tally","61","035","Richmond","IN-PLAY","Primary Election - 06/28/2022","Democratic","Member of the Assembly","61",1,"Affidavit",0
"AD","ED","County","EDAD Status","Event","Party/Independent Body","Office/Position Title","District Key","VoteFor","Unit Name","Tally","61","035","Richmond","IN-PLAY","Primary Election - 06/28/2022","Democratic","Member of the Assembly","61",1,"Charles D. Fall",92
"AD","ED","County","EDAD Status","Event","Party/Independent Body","Office/Position Title","District Key","VoteFor","Unit Name","Tally","61","035","Richmond","IN-PLAY","Primary Election - 06/28/2022","Democratic","Member of the Assembly","61",1,"Justine Cuccia",13
"AD","ED","County","EDAD Status","Event","Party/Independent Body","Office/Position Title","District Key","VoteFor","Unit Name","Tally","61","035","Richmond","IN-PLAY","Primary Election - 06/28/2022","Democratic","Member of the Assembly","61",1,"Scattered",1
"AD","ED","County","EDAD Status","Event","Party/Independent Body","Office/Position Title","District Key","VoteFor","Unit Name","Tally","61","036","Richmond","IN-PLAY","Primary Election - 06/28/2022","Democratic","Member of the Assembly","61",1,"Public Counter",103
"AD","ED","County","EDAD Status","Event","Party/Independent Body","Office/Position Title","District Key","VoteFor","Unit Name","Tally","61","036","Richmond","IN-PLAY","Primary Election - 06/28/2022","Democratic","Member of the Assembly","61",1,"Manually Counted Emergency",0
"AD","ED","County","EDAD Status","Event","Party/Independent Body","Office/Position Title","District Key","VoteFor","Unit Name","Tally","61","036","Richmond","IN-PLAY","Primary Election - 06/28/2022","Democratic","Member of the Assembly","61",1,"Absentee / Military",3
"AD","ED","County","EDAD Status","Event","Party/Independent Body","Office/Position Title","District Key","VoteFor","Unit Name","Tally","61","036","Richmond","IN-PLAY","Primary Election - 06/28/2022","Democratic","Member of the Assembly","61",1,"Affidavit",1
"AD","ED","County","EDAD Status","Event","Party/Independent Body","Office/Position Title","District Key","VoteFor","Unit Name","Tally","61","036","Richmond","IN-PLAY","Primary Election - 06/28/2022","Democratic","Member of the Assembly","61",1,"Charles D. Fall",99
"AD","ED","County","EDAD Status","Event","Party/Independent Body","Office/Position Title","District Key","VoteFor","Unit Name","Tally","61","036","Richmond","IN-PLAY","Primary Election - 06/28/2022","Democratic","Member of the Assembly","61",1,"Justine Cuccia",7
"AD","ED","County","EDAD Status","Event","Party/Independent Body","Office/Position Title","District Key","VoteFor","Unit Name","Tally","61","037","Richmond","IN-PLAY","Primary Election - 06/28/2022","Democratic","Member of the Assembly","61",1,"Public Counter",117
"AD","ED","County","EDAD Status","Event","Party/Independent Body","Office/Position Title","District Key","VoteFor","Unit Name","Tally","61","037","Richmond","IN-PLAY","Primary Election - 06/28/2022","Democratic","Member of the Assembly","61",1,"Manually Counted Emergency",0
"AD","ED","County","EDAD Status","Event","Party/Independent Body","Office/Position Title","District Key","VoteFor","Unit Name","Tally","61","037","Richmond","IN-PLAY","Primary Election - 06/28/2022","Democratic","Member of the Assembly","61",1,"Absentee / Military",9
"AD","ED","County","EDAD Status","Event","Party/Independent Body","Office/Position Title","District Key","VoteFor","Unit Name","Tally","61","037","Richmond","IN-PLAY","Primary Election - 06/28/2022","Democratic","Member of the Assembly","61",1,"Affidavit",0
"AD","ED","County","EDAD Status","Event","Party/Independent Body","Office/Position Title","District Key","VoteFor","Unit Name","Tally","61","037","Richmond","IN-PLAY","Primary Election - 06/28/2022","Democratic","Member of the Assembly","61",1,"Charles D. Fall",108
"AD","ED","County","EDAD Status","Event","Party/Independent Body","Office/Position Title","District Key","VoteFor","Unit Name","Tally","61","037","Richmond","IN-PLAY","Primary Election - 06/28/2022","Democratic","Member of the Assembly","61",1,"Justine Cuccia",15
"AD","ED","County","EDAD Status","Event","Party/Independent Body","Office/Position Title","District Key","VoteFor","Unit Name","Tally","61","037","Richmond","IN-PLAY","Primary Election - 06/28/2022","Democratic","Member of the Assembly","61",1,"Scattered",1
"AD","ED","County","EDAD Status","Event","Party/Independent Body","Office/Position Title","District Key","VoteFor","Unit Name","Tally","61","038","Richmond","IN-PLAY","Primary Election - 06/28/2022","Democratic","Member of the Assembly","61",1,"Public Counter",80
"AD","ED","County","EDAD Status","Event","Party/Independent Body","Office/Position Title","District Key","VoteFor","Unit Name","Tally","61","038","Richmond","IN-PLAY","Primary Election - 06/28/2022","Democratic","Member of the Assembly","61",1,"Manually Counted Emergency",0
"AD","ED","County","EDAD Status","Event","Party/Independent Body","Office/Position Title","District Key","VoteFor","Unit Name","Tally","61","038","Richmond","IN-PLAY","Primary Election - 06/28/2022","Democratic","Member of the Assembly","61",1,"Absentee / Military",9
"AD","ED","County","EDAD Status","Event","Party/Independent Body","Office/Position Title","District Key","VoteFor","Unit Name","Tally","61","038","Richmond","IN-PLAY","Primary Election - 06/28/2022","Democratic","Member of the Assembly","61",1,"Affidavit",1
"AD","ED","County","EDAD Status","Event","Party/Independent Body","Office/Position Title","District Key","VoteFor","Unit Name","Tally","61","038","Richmond","IN-PLAY","Primary Election - 06/28/2022","Democratic","Member of the Assembly","61",1,"Charles D. Fall",73
"AD","ED","County","EDAD Status","Event","Party/Independent Body","Office/Position Title","District Key","VoteFor","Unit Name","Tally","61","038","Richmond","IN-PLAY","Primary Election - 06/28/2022","Democratic","Member of the Assembly","61",1,"Justine Cuccia",15
"AD","ED","County","EDAD Status","Event","Party/Independent Body","Office/Position Title","District Key","VoteFor","Unit Name","Tally","61","039","Richmond","IN-PLAY","Primary Election - 06/28/2022","Democratic","Member of the Assembly","61",1,"Public Counter",96
"AD","ED","County","EDAD Status","Event","Party/Independent Body","Office/Position Title","District Key","VoteFor","Unit Name","Tally","61","039","Richmond","IN-PLAY","Primary Election - 06/28/2022","Democratic","Member of the Assembly","61",1,"Manually Counted Emergency",0
"AD","ED","County","EDAD Status","Event","Party/Independent Body","Office/Position Title","District Key","VoteFor","Unit Name","Tally","61","039","Richmond","IN-PLAY","Primary Election - 06/28/2022","Democratic","Member of the Assembly","61",1,"Absentee / Military",15
"AD","ED","County","EDAD Status","Event","Party/Independent Body","Office/Position Title","District Key","VoteFor","Unit Name","Tally","61","039","Richmond","IN-PLAY","Primary Election - 06/28/2022","Democratic","Member of the Assembly","61",1,"Affidavit",0
"AD","ED","County","EDAD Status","Event","Party/Independent Body","Office/Position Title","District Key","VoteFor","Unit Name","Tally","61","039","Richmond","IN-PLAY","Primary Election - 06/28/2022","Democratic","Member of the Assembly","61",1,"Charles D. Fall",92
"AD","ED","County","EDAD Status","Event","Party/Independent Body","Office/Position Title","District Key","VoteFor","Unit Name","Tally","61","039","Richmond","IN-PLAY","Primary Election - 06/28/2022","Democratic","Member of the Assembly","61",1,"Justine Cuccia",18
"AD","ED","County","EDAD Status","Event","Party/Independent Body","Office/Position Title","District Key","VoteFor","Unit Name","Tally","61","040","Richmond","IN-PLAY","Primary Election - 06/28/2022","Democratic","Member of the Assembly","61",1,"Public Counter",93
"AD","ED","County","EDAD Status","Event","Party/Independent Body","Office/Position Title","District Key","VoteFor","Unit Name","Tally","61","040","Richmond","IN-PLAY","Primary Election - 06/28/2022","Democratic","Member of the Assembly","61",1,"Manually Counted Emergency",0
"AD","ED","County","EDAD Status","Event","Party/Independent Body","Office/Position Title","District Key","VoteFor","Unit Name","Tally","61","040","Richmond","IN-PLAY","Primary Election - 06/28/2022","Democratic","Member of the Assembly","61",1,"Absentee / Military",5
"AD","ED","County","EDAD Status","Event","Party/Independent Body","Office/Position Title","District Key","VoteFor","Unit Name","Tally","61","040","Richmond","IN-PLAY","Primary Election - 06/28/2022","Democratic","Member of the Assembly","61",1,"Affidavit",0
"AD","ED","County","EDAD Status","Event","Party/Independent Body","Office/Position Title","District Key","VoteFor","Unit Name","Tally","61","040","Richmond","IN-PLAY","Primary Election - 06/28/2022","Democratic","Member of the Assembly","61",1,"Charles D. Fall",73
"AD","ED","County","EDAD Status","Event","Party/Independent Body","Office/Position Title","District Key","VoteFor","Unit Name","Tally","61","040","Richmond","IN-PLAY","Primary Election - 06/28/2022","Democratic","Member of the Assembly","61",1,"Justine Cuccia",21
"AD","ED","County","EDAD Status","Event","Party/Independent Body","Office/Position Title","District Key","VoteFor","Unit Name","Tally","61","041","Richmond","IN-PLAY","Primary Election - 06/28/2022","Democratic","Member of the Assembly","61",1,"Public Counter",69
"AD","ED","County","EDAD Status","Event","Party/Independent Body","Office/Position Title","District Key","VoteFor","Unit Name","Tally","61","041","Richmond","IN-PLAY","Primary Election - 06/28/2022","Democratic","Member of the Assembly","61",1,"Manually Counted Emergency",0
"AD","ED","County","EDAD Status","Event","Party/Independent Body","Office/Position Title","District Key","VoteFor","Unit Name","Tally","61","041","Richmond","IN-PLAY","Primary Election - 06/28/2022","Democratic","Member of the Assembly","61",1,"Absentee / Military",5
"AD","ED","County","EDAD Status","Event","Party/Independent Body","Office/Position Title","District Key","VoteFor","Unit Name","Tally","61","041","Richmond","IN-PLAY","Primary Election - 06/28/2022","Democratic","Member of the Assembly","61",1,"Affidavit",0
"AD","ED","County","EDAD Status","Event","Party/Independent Body","Office/Position Title","District Key","VoteFor","Unit Name","Tally","61","041","Richmond","IN-PLAY","Primary Election - 06/28/2022","Democratic","Member of the Assembly","61",1,"Charles D. Fall",49
"AD","ED","County","EDAD Status","Event","Party/Independent Body","Office/Position Title","District Key","VoteFor","Unit Name","Tally","61","041","Richmond","IN-PLAY","Primary Election - 06/28/2022","Democratic","Member of the Assembly","61",1,"Justine Cuccia",20
"AD","ED","County","EDAD Status","Event","Party/Independent Body","Office/Position Title","District Key","VoteFor","Unit Name","Tally","61","042","Richmond","IN-PLAY","Primary Election - 06/28/2022","Democratic","Member of the Assembly","61",1,"Public Counter",94
"AD","ED","County","EDAD Status","Event","Party/Independent Body","Office/Position Title","District Key","VoteFor","Unit Name","Tally","61","042","Richmond","IN-PLAY","Primary Election - 06/28/2022","Democratic","Member of the Assembly","61",1,"Manually Counted Emergency",0
"AD","ED","County","EDAD Status","Event","Party/Independent Body","Office/Position Title","District Key","VoteFor","Unit Name","Tally","61","042","Richmond","IN-PLAY","Primary Election - 06/28/2022","Democratic","Member of the Assembly","61",1,"Absentee / Military",10
"AD","ED","County","EDAD Status","Event","Party/Independent Body","Office/Position Title","District Key","VoteFor","Unit Name","Tally","61","042","Richmond","IN-PLAY","Primary Election - 06/28/2022","Democratic","Member of the Assembly","61",1,"Affidavit",0
"AD","ED","County","EDAD Status","Event","Party/Independent Body","Office/Position Title","District Key","VoteFor","Unit Name","Tally","61","042","Richmond","IN-PLAY","Primary Election - 06/28/2022","Democratic","Member of the Assembly","61",1,"Charles D. Fall",68
"AD","ED","County","EDAD Status","Event","Party/Independent Body","Office/Position Title","District Key","VoteFor","Unit Name","Tally","61","042","Richmond","IN-PLAY","Primary Election - 06/28/2022","Democratic","Member of the Assembly","61",1,"Justine Cuccia",32
"AD","ED","County","EDAD Status","Event","Party/Independent Body","Office/Position Title","District Key","VoteFor","Unit Name","Tally","61","043","Richmond","IN-PLAY","Primary Election - 06/28/2022","Democratic","Member of the Assembly","61",1,"Public Counter",82
"AD","ED","County","EDAD Status","Event","Party/Independent Body","Office/Position Title","District Key","VoteFor","Unit Name","Tally","61","043","Richmond","IN-PLAY","Primary Election - 06/28/2022","Democratic","Member of the Assembly","61",1,"Manually Counted Emergency",0
"AD","ED","County","EDAD Status","Event","Party/Independent Body","Office/Position Title","District Key","VoteFor","Unit Name","Tally","61","043","Richmond","IN-PLAY","Primary Election - 06/28/2022","Democratic","Member of the Assembly","61",1,"Absentee / Military",8
"AD","ED","County","EDAD Status","Event","Party/Independent Body","Office/Position Title","District Key","VoteFor","Unit Name","Tally","61","043","Richmond","IN-PLAY","Primary Election - 06/28/2022","Democratic","Member of the Assembly","61",1,"Affidavit",0
"AD","ED","County","EDAD Status","Event","Party/Independent Body","Office/Position Title","District Key","VoteFor","Unit Name","Tally","61","043","Richmond","IN-PLAY","Primary Election - 06/28/2022","Democratic","Member of the Assembly","61",1,"Charles D. Fall",62
"AD","ED","County","EDAD Status","Event","Party/Independent Body","Office/Position Title","District Key","VoteFor","Unit Name","Tally","61","043","Richmond","IN-PLAY","Primary Election - 06/28/2022","Democratic","Member of the Assembly","61",1,"Justine Cuccia",22
"AD","ED","County","EDAD Status","Event","Party/Independent Body","Office/Position Title","District Key","VoteFor","Unit Name","Tally","61","043","Richmond","IN-PLAY","Primary Election - 06/28/2022","Democratic","Member of the Assembly","61",1,"Scattered",3
"AD","ED","County","EDAD Status","Event","Party/Independent Body","Office/Position Title","District Key","VoteFor","Unit Name","Tally","61","044","Richmond","COMBINED INTO 031/61","Primary Election - 06/28/2022","Democratic","Member of the Assembly","61",1,"Public Counter",0
"AD","ED","County","EDAD Status","Event","Party/Independent Body","Office/Position Title","District Key","VoteFor","Unit Name","Tally","61","044","Richmond","COMBINED INTO 031/61","Primary Election - 06/28/2022","Democratic","Member of the Assembly","61",1,"Manually Counted Emergency",0
"AD","ED","County","EDAD Status","Event","Party/Independent Body","Office/Position Title","District Key","VoteFor","Unit Name","Tally","61","044","Richmond","COMBINED INTO 031/61","Primary Election - 06/28/2022","Democratic","Member of the Assembly","61",1,"Absentee / Military",0
"AD","ED","County","EDAD Status","Event","Party/Independent Body","Office/Position Title","District Key","VoteFor","Unit Name","Tally","61","044","Richmond","COMBINED INTO 031/61","Primary Election - 06/28/2022","Democratic","Member of the Assembly","61",1,"Affidavit",0
"AD","ED","County","EDAD Status","Event","Party/Independent Body","Office/Position Title","District Key","VoteFor","Unit Name","Tally","61","045","Richmond","COMBINED INTO 031/61","Primary Election - 06/28/2022","Democratic","Member of the Assembly","61",1,"Public Counter",0
"AD","ED","County","EDAD Status","Event","Party/Independent Body","Office/Position Title","District Key","VoteFor","Unit Name","Tally","61","045","Richmond","COMBINED INTO 031/61","Primary Election - 06/28/2022","Democratic","Member of the Assembly","61",1,"Manually Counted Emergency",0
"AD","ED","County","EDAD Status","Event","Party/Independent Body","Office/Position Title","District Key","VoteFor","Unit Name","Tally","61","045","Richmond","COMBINED INTO 031/61","Primary Election - 06/28/2022","Democratic","Member of the Assembly","61",1,"Absentee / Military",0
"AD","ED","County","EDAD Status","Event","Party/Independent Body","Office/Position Title","District Key","VoteFor","Unit Name","Tally","61","045","Richmond","COMBINED INTO 031/61","Primary Election - 06/28/2022","Democratic","Member of the Assembly","61",1,"Affidavit",0
"AD","ED","County","EDAD Status","Event","Party/Independent Body","Office/Position Title","District Key","VoteFor","Unit Name","Tally","61","046","Richmond","COMBINED INTO 031/61","Primary Election - 06/28/2022","Democratic","Member of the Assembly","61",1,"Public Counter",0
"AD","ED","County","EDAD Status","Event","Party/Independent Body","Office/Position Title","District Key","VoteFor","Unit Name","Tally","61","046","Richmond","COMBINED INTO 031/61","Primary Election - 06/28/2022","Democratic","Member of the Assembly","61",1,"Manually Counted Emergency",0
"AD","ED","County","EDAD Status","Event","Party/Independent Body","Office/Position Title","District Key","VoteFor","Unit Name","Tally","61","046","Richmond","COMBINED INTO 031/61","Primary Election - 06/28/2022","Democratic","Member of the Assembly","61",1,"Absentee / Military",0
"AD","ED","County","EDAD Status","Event","Party/Independent Body","Office/Position Title","District Key","VoteFor","Unit Name","Tally","61","046","Richmond","COMBINED INTO 031/61","Primary Election - 06/28/2022","Democratic","Member of the Assembly","61",1,"Affidavit",0
