"AD","ED","County","EDAD Status","Event","Party/Independent Body","Office/Position Title","District Key","VoteFor","Unit Name","Tally","24","013","Queens","IN-PLAY","Primary Election 2020 - 06/23/2020","Democratic","Male District Leader","24A",1,"Public Counter",103
"AD","ED","County","EDAD Status","Event","Party/Independent Body","Office/Position Title","District Key","VoteFor","Unit Name","Tally","24","013","Queens","IN-PLAY","Primary Election 2020 - 06/23/2020","Democratic","Male District Leader","24A",1,"Manually Counted Emergency",0
"AD","ED","County","EDAD Status","Event","Party/Independent Body","Office/Position Title","District Key","VoteFor","Unit Name","Tally","24","013","Queens","IN-PLAY","Primary Election 2020 - 06/23/2020","Democratic","Male District Leader","24A",1,"Absentee / Military",76
"AD","ED","County","EDAD Status","Event","Party/Independent Body","Office/Position Title","District Key","VoteFor","Unit Name","Tally","24","013","Queens","IN-PLAY","Primary Election 2020 - 06/23/2020","Democratic","Male District Leader","24A",1,"Federal",1
"AD","ED","County","EDAD Status","Event","Party/Independent Body","Office/Position Title","District Key","VoteFor","Unit Name","Tally","24","013","Queens","IN-PLAY","Primary Election 2020 - 06/23/2020","Democratic","Male District Leader","24A",1,"Affidavit",4
"AD","ED","County","EDAD Status","Event","Party/Independent Body","Office/Position Title","District Key","VoteFor","Unit Name","Tally","24","013","Queens","IN-PLAY","Primary Election 2020 - 06/23/2020","Democratic","Male District Leader","24A",1,"Mahtab Khan",42
"AD","ED","County","EDAD Status","Event","Party/Independent Body","Office/Position Title","District Key","VoteFor","Unit Name","Tally","24","013","Queens","IN-PLAY","Primary Election 2020 - 06/23/2020","Democratic","Male District Leader","24A",1,"David I. Weprin",121
"AD","ED","County","EDAD Status","Event","Party/Independent Body","Office/Position Title","District Key","VoteFor","Unit Name","Tally","24","026","Queens","IN-PLAY","Primary Election 2020 - 06/23/2020","Democratic","Male District Leader","24A",1,"Public Counter",58
"AD","ED","County","EDAD Status","Event","Party/Independent Body","Office/Position Title","District Key","VoteFor","Unit Name","Tally","24","026","Queens","IN-PLAY","Primary Election 2020 - 06/23/2020","Democratic","Male District Leader","24A",1,"Manually Counted Emergency",0
"AD","ED","County","EDAD Status","Event","Party/Independent Body","Office/Position Title","District Key","VoteFor","Unit Name","Tally","24","026","Queens","IN-PLAY","Primary Election 2020 - 06/23/2020","Democratic","Male District Leader","24A",1,"Absentee / Military",25
"AD","ED","County","EDAD Status","Event","Party/Independent Body","Office/Position Title","District Key","VoteFor","Unit Name","Tally","24","026","Queens","IN-PLAY","Primary Election 2020 - 06/23/2020","Democratic","Male District Leader","24A",1,"Federal",1
"AD","ED","County","EDAD Status","Event","Party/Independent Body","Office/Position Title","District Key","VoteFor","Unit Name","Tally","24","026","Queens","IN-PLAY","Primary Election 2020 - 06/23/2020","Democratic","Male District Leader","24A",1,"Affidavit",0
"AD","ED","County","EDAD Status","Event","Party/Independent Body","Office/Position Title","District Key","VoteFor","Unit Name","Tally","24","026","Queens","IN-PLAY","Primary Election 2020 - 06/23/2020","Democratic","Male District Leader","24A",1,"Mahtab Khan",38
"AD","ED","County","EDAD Status","Event","Party/Independent Body","Office/Position Title","District Key","VoteFor","Unit Name","Tally","24","026","Queens","IN-PLAY","Primary Election 2020 - 06/23/2020","Democratic","Male District Leader","24A",1,"David I. Weprin",36
"AD","ED","County","EDAD Status","Event","Party/Independent Body","Office/Position Title","District Key","VoteFor","Unit Name","Tally","24","027","Queens","IN-PLAY","Primary Election 2020 - 06/23/2020","Democratic","Male District Leader","24A",1,"Public Counter",193
"AD","ED","County","EDAD Status","Event","Party/Independent Body","Office/Position Title","District Key","VoteFor","Unit Name","Tally","24","027","Queens","IN-PLAY","Primary Election 2020 - 06/23/2020","Democratic","Male District Leader","24A",1,"Manually Counted Emergency",0
"AD","ED","County","EDAD Status","Event","Party/Independent Body","Office/Position Title","District Key","VoteFor","Unit Name","Tally","24","027","Queens","IN-PLAY","Primary Election 2020 - 06/23/2020","Democratic","Male District Leader","24A",1,"Absentee / Military",55
"AD","ED","County","EDAD Status","Event","Party/Independent Body","Office/Position Title","District Key","VoteFor","Unit Name","Tally","24","027","Queens","IN-PLAY","Primary Election 2020 - 06/23/2020","Democratic","Male District Leader","24A",1,"Federal",1
"AD","ED","County","EDAD Status","Event","Party/Independent Body","Office/Position Title","District Key","VoteFor","Unit Name","Tally","24","027","Queens","IN-PLAY","Primary Election 2020 - 06/23/2020","Democratic","Male District Leader","24A",1,"Affidavit",2
"AD","ED","County","EDAD Status","Event","Party/Independent Body","Office/Position Title","District Key","VoteFor","Unit Name","Tally","24","027","Queens","IN-PLAY","Primary Election 2020 - 06/23/2020","Democratic","Male District Leader","24A",1,"Mahtab Khan",67
"AD","ED","County","EDAD Status","Event","Party/Independent Body","Office/Position Title","District Key","VoteFor","Unit Name","Tally","24","027","Queens","IN-PLAY","Primary Election 2020 - 06/23/2020","Democratic","Male District Leader","24A",1,"David I. Weprin",150
"AD","ED","County","EDAD Status","Event","Party/Independent Body","Office/Position Title","District Key","VoteFor","Unit Name","Tally","24","027","Queens","IN-PLAY","Primary Election 2020 - 06/23/2020","Democratic","Male District Leader","24A",1,"Scattered",1
"AD","ED","County","EDAD Status","Event","Party/Independent Body","Office/Position Title","District Key","VoteFor","Unit Name","Tally","24","028","Queens","IN-PLAY","Primary Election 2020 - 06/23/2020","Democratic","Male District Leader","24A",1,"Public Counter",86
"AD","ED","County","EDAD Status","Event","Party/Independent Body","Office/Position Title","District Key","VoteFor","Unit Name","Tally","24","028","Queens","IN-PLAY","Primary Election 2020 - 06/23/2020","Democratic","Male District Leader","24A",1,"Manually Counted Emergency",0
"AD","ED","County","EDAD Status","Event","Party/Independent Body","Office/Position Title","District Key","VoteFor","Unit Name","Tally","24","028","Queens","IN-PLAY","Primary Election 2020 - 06/23/2020","Democratic","Male District Leader","24A",1,"Absentee / Military",77
"AD","ED","County","EDAD Status","Event","Party/Independent Body","Office/Position Title","District Key","VoteFor","Unit Name","Tally","24","028","Queens","IN-PLAY","Primary Election 2020 - 06/23/2020","Democratic","Male District Leader","24A",1,"Federal",2
"AD","ED","County","EDAD Status","Event","Party/Independent Body","Office/Position Title","District Key","VoteFor","Unit Name","Tally","24","028","Queens","IN-PLAY","Primary Election 2020 - 06/23/2020","Democratic","Male District Leader","24A",1,"Affidavit",0
"AD","ED","County","EDAD Status","Event","Party/Independent Body","Office/Position Title","District Key","VoteFor","Unit Name","Tally","24","028","Queens","IN-PLAY","Primary Election 2020 - 06/23/2020","Democratic","Male District Leader","24A",1,"Mahtab Khan",37
"AD","ED","County","EDAD Status","Event","Party/Independent Body","Office/Position Title","District Key","VoteFor","Unit Name","Tally","24","028","Queens","IN-PLAY","Primary Election 2020 - 06/23/2020","Democratic","Male District Leader","24A",1,"David I. Weprin",119
"AD","ED","County","EDAD Status","Event","Party/Independent Body","Office/Position Title","District Key","VoteFor","Unit Name","Tally","24","029","Queens","IN-PLAY","Primary Election 2020 - 06/23/2020","Democratic","Male District Leader","24A",1,"Public Counter",189
"AD","ED","County","EDAD Status","Event","Party/Independent Body","Office/Position Title","District Key","VoteFor","Unit Name","Tally","24","029","Queens","IN-PLAY","Primary Election 2020 - 06/23/2020","Democratic","Male District Leader","24A",1,"Manually Counted Emergency",0
"AD","ED","County","EDAD Status","Event","Party/Independent Body","Office/Position Title","District Key","VoteFor","Unit Name","Tally","24","029","Queens","IN-PLAY","Primary Election 2020 - 06/23/2020","Democratic","Male District Leader","24A",1,"Absentee / Military",59
"AD","ED","County","EDAD Status","Event","Party/Independent Body","Office/Position Title","District Key","VoteFor","Unit Name","Tally","24","029","Queens","IN-PLAY","Primary Election 2020 - 06/23/2020","Democratic","Male District Leader","24A",1,"Federal",0
"AD","ED","County","EDAD Status","Event","Party/Independent Body","Office/Position Title","District Key","VoteFor","Unit Name","Tally","24","029","Queens","IN-PLAY","Primary Election 2020 - 06/23/2020","Democratic","Male District Leader","24A",1,"Affidavit",5
"AD","ED","County","EDAD Status","Event","Party/Independent Body","Office/Position Title","District Key","VoteFor","Unit Name","Tally","24","029","Queens","IN-PLAY","Primary Election 2020 - 06/23/2020","Democratic","Male District Leader","24A",1,"Mahtab Khan",64
"AD","ED","County","EDAD Status","Event","Party/Independent Body","Office/Position Title","District Key","VoteFor","Unit Name","Tally","24","029","Queens","IN-PLAY","Primary Election 2020 - 06/23/2020","Democratic","Male District Leader","24A",1,"David I. Weprin",171
"AD","ED","County","EDAD Status","Event","Party/Independent Body","Office/Position Title","District Key","VoteFor","Unit Name","Tally","24","029","Queens","IN-PLAY","Primary Election 2020 - 06/23/2020","Democratic","Male District Leader","24A",1,"Scattered",2
"AD","ED","County","EDAD Status","Event","Party/Independent Body","Office/Position Title","District Key","VoteFor","Unit Name","Tally","24","030","Queens","IN-PLAY","Primary Election 2020 - 06/23/2020","Democratic","Male District Leader","24A",1,"Public Counter",168
"AD","ED","County","EDAD Status","Event","Party/Independent Body","Office/Position Title","District Key","VoteFor","Unit Name","Tally","24","030","Queens","IN-PLAY","Primary Election 2020 - 06/23/2020","Democratic","Male District Leader","24A",1,"Manually Counted Emergency",0
"AD","ED","County","EDAD Status","Event","Party/Independent Body","Office/Position Title","District Key","VoteFor","Unit Name","Tally","24","030","Queens","IN-PLAY","Primary Election 2020 - 06/23/2020","Democratic","Male District Leader","24A",1,"Absentee / Military",59
"AD","ED","County","EDAD Status","Event","Party/Independent Body","Office/Position Title","District Key","VoteFor","Unit Name","Tally","24","030","Queens","IN-PLAY","Primary Election 2020 - 06/23/2020","Democratic","Male District Leader","24A",1,"Federal",1
"AD","ED","County","EDAD Status","Event","Party/Independent Body","Office/Position Title","District Key","VoteFor","Unit Name","Tally","24","030","Queens","IN-PLAY","Primary Election 2020 - 06/23/2020","Democratic","Male District Leader","24A",1,"Affidavit",1
"AD","ED","County","EDAD Status","Event","Party/Independent Body","Office/Position Title","District Key","VoteFor","Unit Name","Tally","24","030","Queens","IN-PLAY","Primary Election 2020 - 06/23/2020","Democratic","Male District Leader","24A",1,"Mahtab Khan",51
"AD","ED","County","EDAD Status","Event","Party/Independent Body","Office/Position Title","District Key","VoteFor","Unit Name","Tally","24","030","Queens","IN-PLAY","Primary Election 2020 - 06/23/2020","Democratic","Male District Leader","24A",1,"David I. Weprin",163
"AD","ED","County","EDAD Status","Event","Party/Independent Body","Office/Position Title","District Key","VoteFor","Unit Name","Tally","24","031","Queens","IN-PLAY","Primary Election 2020 - 06/23/2020","Democratic","Male District Leader","24A",1,"Public Counter",60
"AD","ED","County","EDAD Status","Event","Party/Independent Body","Office/Position Title","District Key","VoteFor","Unit Name","Tally","24","031","Queens","IN-PLAY","Primary Election 2020 - 06/23/2020","Democratic","Male District Leader","24A",1,"Manually Counted Emergency",0
"AD","ED","County","EDAD Status","Event","Party/Independent Body","Office/Position Title","District Key","VoteFor","Unit Name","Tally","24","031","Queens","IN-PLAY","Primary Election 2020 - 06/23/2020","Democratic","Male District Leader","24A",1,"Absentee / Military",16
"AD","ED","County","EDAD Status","Event","Party/Independent Body","Office/Position Title","District Key","VoteFor","Unit Name","Tally","24","031","Queens","IN-PLAY","Primary Election 2020 - 06/23/2020","Democratic","Male District Leader","24A",1,"Federal",0
"AD","ED","County","EDAD Status","Event","Party/Independent Body","Office/Position Title","District Key","VoteFor","Unit Name","Tally","24","031","Queens","IN-PLAY","Primary Election 2020 - 06/23/2020","Democratic","Male District Leader","24A",1,"Affidavit",0
"AD","ED","County","EDAD Status","Event","Party/Independent Body","Office/Position Title","District Key","VoteFor","Unit Name","Tally","24","031","Queens","IN-PLAY","Primary Election 2020 - 06/23/2020","Democratic","Male District Leader","24A",1,"Mahtab Khan",23
"AD","ED","County","EDAD Status","Event","Party/Independent Body","Office/Position Title","District Key","VoteFor","Unit Name","Tally","24","031","Queens","IN-PLAY","Primary Election 2020 - 06/23/2020","Democratic","Male District Leader","24A",1,"David I. Weprin",46
"AD","ED","County","EDAD Status","Event","Party/Independent Body","Office/Position Title","District Key","VoteFor","Unit Name","Tally","24","034","Queens","IN-PLAY","Primary Election 2020 - 06/23/2020","Democratic","Male District Leader","24A",1,"Public Counter",22
"AD","ED","County","EDAD Status","Event","Party/Independent Body","Office/Position Title","District Key","VoteFor","Unit Name","Tally","24","034","Queens","IN-PLAY","Primary Election 2020 - 06/23/2020","Democratic","Male District Leader","24A",1,"Manually Counted Emergency",0
"AD","ED","County","EDAD Status","Event","Party/Independent Body","Office/Position Title","District Key","VoteFor","Unit Name","Tally","24","034","Queens","IN-PLAY","Primary Election 2020 - 06/23/2020","Democratic","Male District Leader","24A",1,"Absentee / Military",51
"AD","ED","County","EDAD Status","Event","Party/Independent Body","Office/Position Title","District Key","VoteFor","Unit Name","Tally","24","034","Queens","IN-PLAY","Primary Election 2020 - 06/23/2020","Democratic","Male District Leader","24A",1,"Federal",2
"AD","ED","County","EDAD Status","Event","Party/Independent Body","Office/Position Title","District Key","VoteFor","Unit Name","Tally","24","034","Queens","IN-PLAY","Primary Election 2020 - 06/23/2020","Democratic","Male District Leader","24A",1,"Affidavit",0
"AD","ED","County","EDAD Status","Event","Party/Independent Body","Office/Position Title","District Key","VoteFor","Unit Name","Tally","24","034","Queens","IN-PLAY","Primary Election 2020 - 06/23/2020","Democratic","Male District Leader","24A",1,"Mahtab Khan",9
"AD","ED","County","EDAD Status","Event","Party/Independent Body","Office/Position Title","District Key","VoteFor","Unit Name","Tally","24","034","Queens","IN-PLAY","Primary Election 2020 - 06/23/2020","Democratic","Male District Leader","24A",1,"David I. Weprin",61
"AD","ED","County","EDAD Status","Event","Party/Independent Body","Office/Position Title","District Key","VoteFor","Unit Name","Tally","24","035","Queens","IN-PLAY","Primary Election 2020 - 06/23/2020","Democratic","Male District Leader","24A",1,"Public Counter",79
"AD","ED","County","EDAD Status","Event","Party/Independent Body","Office/Position Title","District Key","VoteFor","Unit Name","Tally","24","035","Queens","IN-PLAY","Primary Election 2020 - 06/23/2020","Democratic","Male District Leader","24A",1,"Manually Counted Emergency",0
"AD","ED","County","EDAD Status","Event","Party/Independent Body","Office/Position Title","District Key","VoteFor","Unit Name","Tally","24","035","Queens","IN-PLAY","Primary Election 2020 - 06/23/2020","Democratic","Male District Leader","24A",1,"Absentee / Military",47
"AD","ED","County","EDAD Status","Event","Party/Independent Body","Office/Position Title","District Key","VoteFor","Unit Name","Tally","24","035","Queens","IN-PLAY","Primary Election 2020 - 06/23/2020","Democratic","Male District Leader","24A",1,"Federal",1
"AD","ED","County","EDAD Status","Event","Party/Independent Body","Office/Position Title","District Key","VoteFor","Unit Name","Tally","24","035","Queens","IN-PLAY","Primary Election 2020 - 06/23/2020","Democratic","Male District Leader","24A",1,"Affidavit",0
"AD","ED","County","EDAD Status","Event","Party/Independent Body","Office/Position Title","District Key","VoteFor","Unit Name","Tally","24","035","Queens","IN-PLAY","Primary Election 2020 - 06/23/2020","Democratic","Male District Leader","24A",1,"Mahtab Khan",52
"AD","ED","County","EDAD Status","Event","Party/Independent Body","Office/Position Title","District Key","VoteFor","Unit Name","Tally","24","035","Queens","IN-PLAY","Primary Election 2020 - 06/23/2020","Democratic","Male District Leader","24A",1,"David I. Weprin",70
"AD","ED","County","EDAD Status","Event","Party/Independent Body","Office/Position Title","District Key","VoteFor","Unit Name","Tally","24","036","Queens","IN-PLAY","Primary Election 2020 - 06/23/2020","Democratic","Male District Leader","24A",1,"Public Counter",45
"AD","ED","County","EDAD Status","Event","Party/Independent Body","Office/Position Title","District Key","VoteFor","Unit Name","Tally","24","036","Queens","IN-PLAY","Primary Election 2020 - 06/23/2020","Democratic","Male District Leader","24A",1,"Manually Counted Emergency",0
"AD","ED","County","EDAD Status","Event","Party/Independent Body","Office/Position Title","District Key","VoteFor","Unit Name","Tally","24","036","Queens","IN-PLAY","Primary Election 2020 - 06/23/2020","Democratic","Male District Leader","24A",1,"Absentee / Military",23
"AD","ED","County","EDAD Status","Event","Party/Independent Body","Office/Position Title","District Key","VoteFor","Unit Name","Tally","24","036","Queens","IN-PLAY","Primary Election 2020 - 06/23/2020","Democratic","Male District Leader","24A",1,"Federal",1
"AD","ED","County","EDAD Status","Event","Party/Independent Body","Office/Position Title","District Key","VoteFor","Unit Name","Tally","24","036","Queens","IN-PLAY","Primary Election 2020 - 06/23/2020","Democratic","Male District Leader","24A",1,"Affidavit",0
"AD","ED","County","EDAD Status","Event","Party/Independent Body","Office/Position Title","District Key","VoteFor","Unit Name","Tally","24","036","Queens","IN-PLAY","Primary Election 2020 - 06/23/2020","Democratic","Male District Leader","24A",1,"Mahtab Khan",20
"AD","ED","County","EDAD Status","Event","Party/Independent Body","Office/Position Title","District Key","VoteFor","Unit Name","Tally","24","036","Queens","IN-PLAY","Primary Election 2020 - 06/23/2020","Democratic","Male District Leader","24A",1,"David I. Weprin",43
"AD","ED","County","EDAD Status","Event","Party/Independent Body","Office/Position Title","District Key","VoteFor","Unit Name","Tally","24","037","Queens","IN-PLAY","Primary Election 2020 - 06/23/2020","Democratic","Male District Leader","24A",1,"Public Counter",69
"AD","ED","County","EDAD Status","Event","Party/Independent Body","Office/Position Title","District Key","VoteFor","Unit Name","Tally","24","037","Queens","IN-PLAY","Primary Election 2020 - 06/23/2020","Democratic","Male District Leader","24A",1,"Manually Counted Emergency",0
"AD","ED","County","EDAD Status","Event","Party/Independent Body","Office/Position Title","District Key","VoteFor","Unit Name","Tally","24","037","Queens","IN-PLAY","Primary Election 2020 - 06/23/2020","Democratic","Male District Leader","24A",1,"Absentee / Military",49
"AD","ED","County","EDAD Status","Event","Party/Independent Body","Office/Position Title","District Key","VoteFor","Unit Name","Tally","24","037","Queens","IN-PLAY","Primary Election 2020 - 06/23/2020","Democratic","Male District Leader","24A",1,"Federal",1
"AD","ED","County","EDAD Status","Event","Party/Independent Body","Office/Position Title","District Key","VoteFor","Unit Name","Tally","24","037","Queens","IN-PLAY","Primary Election 2020 - 06/23/2020","Democratic","Male District Leader","24A",1,"Affidavit",0
"AD","ED","County","EDAD Status","Event","Party/Independent Body","Office/Position Title","District Key","VoteFor","Unit Name","Tally","24","037","Queens","IN-PLAY","Primary Election 2020 - 06/23/2020","Democratic","Male District Leader","24A",1,"Mahtab Khan",43
"AD","ED","County","EDAD Status","Event","Party/Independent Body","Office/Position Title","District Key","VoteFor","Unit Name","Tally","24","037","Queens","IN-PLAY","Primary Election 2020 - 06/23/2020","Democratic","Male District Leader","24A",1,"David I. Weprin",66
"AD","ED","County","EDAD Status","Event","Party/Independent Body","Office/Position Title","District Key","VoteFor","Unit Name","Tally","24","037","Queens","IN-PLAY","Primary Election 2020 - 06/23/2020","Democratic","Male District Leader","24A",1,"Scattered",2
"AD","ED","County","EDAD Status","Event","Party/Independent Body","Office/Position Title","District Key","VoteFor","Unit Name","Tally","24","038","Queens","COMBINED INTO 037/24","Primary Election 2020 - 06/23/2020","Democratic","Male District Leader","24A",1,"Public Counter",0
"AD","ED","County","EDAD Status","Event","Party/Independent Body","Office/Position Title","District Key","VoteFor","Unit Name","Tally","24","038","Queens","COMBINED INTO 037/24","Primary Election 2020 - 06/23/2020","Democratic","Male District Leader","24A",1,"Manually Counted Emergency",0
"AD","ED","County","EDAD Status","Event","Party/Independent Body","Office/Position Title","District Key","VoteFor","Unit Name","Tally","24","038","Queens","COMBINED INTO 037/24","Primary Election 2020 - 06/23/2020","Democratic","Male District Leader","24A",1,"Absentee / Military",0
"AD","ED","County","EDAD Status","Event","Party/Independent Body","Office/Position Title","District Key","VoteFor","Unit Name","Tally","24","038","Queens","COMBINED INTO 037/24","Primary Election 2020 - 06/23/2020","Democratic","Male District Leader","24A",1,"Federal",0
"AD","ED","County","EDAD Status","Event","Party/Independent Body","Office/Position Title","District Key","VoteFor","Unit Name","Tally","24","038","Queens","COMBINED INTO 037/24","Primary Election 2020 - 06/23/2020","Democratic","Male District Leader","24A",1,"Affidavit",0
"AD","ED","County","EDAD Status","Event","Party/Independent Body","Office/Position Title","District Key","VoteFor","Unit Name","Tally","24","040","Queens","IN-PLAY","Primary Election 2020 - 06/23/2020","Democratic","Male District Leader","24A",1,"Public Counter",136
"AD","ED","County","EDAD Status","Event","Party/Independent Body","Office/Position Title","District Key","VoteFor","Unit Name","Tally","24","040","Queens","IN-PLAY","Primary Election 2020 - 06/23/2020","Democratic","Male District Leader","24A",1,"Manually Counted Emergency",0
"AD","ED","County","EDAD Status","Event","Party/Independent Body","Office/Position Title","District Key","VoteFor","Unit Name","Tally","24","040","Queens","IN-PLAY","Primary Election 2020 - 06/23/2020","Democratic","Male District Leader","24A",1,"Absentee / Military",76
"AD","ED","County","EDAD Status","Event","Party/Independent Body","Office/Position Title","District Key","VoteFor","Unit Name","Tally","24","040","Queens","IN-PLAY","Primary Election 2020 - 06/23/2020","Democratic","Male District Leader","24A",1,"Federal",2
"AD","ED","County","EDAD Status","Event","Party/Independent Body","Office/Position Title","District Key","VoteFor","Unit Name","Tally","24","040","Queens","IN-PLAY","Primary Election 2020 - 06/23/2020","Democratic","Male District Leader","24A",1,"Affidavit",0
"AD","ED","County","EDAD Status","Event","Party/Independent Body","Office/Position Title","District Key","VoteFor","Unit Name","Tally","24","040","Queens","IN-PLAY","Primary Election 2020 - 06/23/2020","Democratic","Male District Leader","24A",1,"Mahtab Khan",87
"AD","ED","County","EDAD Status","Event","Party/Independent Body","Office/Position Title","District Key","VoteFor","Unit Name","Tally","24","040","Queens","IN-PLAY","Primary Election 2020 - 06/23/2020","Democratic","Male District Leader","24A",1,"David I. Weprin",109
"AD","ED","County","EDAD Status","Event","Party/Independent Body","Office/Position Title","District Key","VoteFor","Unit Name","Tally","24","043","Queens","IN-PLAY","Primary Election 2020 - 06/23/2020","Democratic","Male District Leader","24A",1,"Public Counter",117
"AD","ED","County","EDAD Status","Event","Party/Independent Body","Office/Position Title","District Key","VoteFor","Unit Name","Tally","24","043","Queens","IN-PLAY","Primary Election 2020 - 06/23/2020","Democratic","Male District Leader","24A",1,"Manually Counted Emergency",0
"AD","ED","County","EDAD Status","Event","Party/Independent Body","Office/Position Title","District Key","VoteFor","Unit Name","Tally","24","043","Queens","IN-PLAY","Primary Election 2020 - 06/23/2020","Democratic","Male District Leader","24A",1,"Absentee / Military",92
"AD","ED","County","EDAD Status","Event","Party/Independent Body","Office/Position Title","District Key","VoteFor","Unit Name","Tally","24","043","Queens","IN-PLAY","Primary Election 2020 - 06/23/2020","Democratic","Male District Leader","24A",1,"Federal",1
"AD","ED","County","EDAD Status","Event","Party/Independent Body","Office/Position Title","District Key","VoteFor","Unit Name","Tally","24","043","Queens","IN-PLAY","Primary Election 2020 - 06/23/2020","Democratic","Male District Leader","24A",1,"Affidavit",4
"AD","ED","County","EDAD Status","Event","Party/Independent Body","Office/Position Title","District Key","VoteFor","Unit Name","Tally","24","043","Queens","IN-PLAY","Primary Election 2020 - 06/23/2020","Democratic","Male District Leader","24A",1,"Mahtab Khan",134
"AD","ED","County","EDAD Status","Event","Party/Independent Body","Office/Position Title","District Key","VoteFor","Unit Name","Tally","24","043","Queens","IN-PLAY","Primary Election 2020 - 06/23/2020","Democratic","Male District Leader","24A",1,"David I. Weprin",61
"AD","ED","County","EDAD Status","Event","Party/Independent Body","Office/Position Title","District Key","VoteFor","Unit Name","Tally","24","044","Queens","IN-PLAY","Primary Election 2020 - 06/23/2020","Democratic","Male District Leader","24A",1,"Public Counter",91
"AD","ED","County","EDAD Status","Event","Party/Independent Body","Office/Position Title","District Key","VoteFor","Unit Name","Tally","24","044","Queens","IN-PLAY","Primary Election 2020 - 06/23/2020","Democratic","Male District Leader","24A",1,"Manually Counted Emergency",0
"AD","ED","County","EDAD Status","Event","Party/Independent Body","Office/Position Title","District Key","VoteFor","Unit Name","Tally","24","044","Queens","IN-PLAY","Primary Election 2020 - 06/23/2020","Democratic","Male District Leader","24A",1,"Absentee / Military",35
"AD","ED","County","EDAD Status","Event","Party/Independent Body","Office/Position Title","District Key","VoteFor","Unit Name","Tally","24","044","Queens","IN-PLAY","Primary Election 2020 - 06/23/2020","Democratic","Male District Leader","24A",1,"Federal",0
"AD","ED","County","EDAD Status","Event","Party/Independent Body","Office/Position Title","District Key","VoteFor","Unit Name","Tally","24","044","Queens","IN-PLAY","Primary Election 2020 - 06/23/2020","Democratic","Male District Leader","24A",1,"Affidavit",1
"AD","ED","County","EDAD Status","Event","Party/Independent Body","Office/Position Title","District Key","VoteFor","Unit Name","Tally","24","044","Queens","IN-PLAY","Primary Election 2020 - 06/23/2020","Democratic","Male District Leader","24A",1,"Mahtab Khan",75
"AD","ED","County","EDAD Status","Event","Party/Independent Body","Office/Position Title","District Key","VoteFor","Unit Name","Tally","24","044","Queens","IN-PLAY","Primary Election 2020 - 06/23/2020","Democratic","Male District Leader","24A",1,"David I. Weprin",43
"AD","ED","County","EDAD Status","Event","Party/Independent Body","Office/Position Title","District Key","VoteFor","Unit Name","Tally","24","047","Queens","IN-PLAY","Primary Election 2020 - 06/23/2020","Democratic","Male District Leader","24A",1,"Public Counter",79
"AD","ED","County","EDAD Status","Event","Party/Independent Body","Office/Position Title","District Key","VoteFor","Unit Name","Tally","24","047","Queens","IN-PLAY","Primary Election 2020 - 06/23/2020","Democratic","Male District Leader","24A",1,"Manually Counted Emergency",0
"AD","ED","County","EDAD Status","Event","Party/Independent Body","Office/Position Title","District Key","VoteFor","Unit Name","Tally","24","047","Queens","IN-PLAY","Primary Election 2020 - 06/23/2020","Democratic","Male District Leader","24A",1,"Absentee / Military",34
"AD","ED","County","EDAD Status","Event","Party/Independent Body","Office/Position Title","District Key","VoteFor","Unit Name","Tally","24","047","Queens","IN-PLAY","Primary Election 2020 - 06/23/2020","Democratic","Male District Leader","24A",1,"Federal",0
"AD","ED","County","EDAD Status","Event","Party/Independent Body","Office/Position Title","District Key","VoteFor","Unit Name","Tally","24","047","Queens","IN-PLAY","Primary Election 2020 - 06/23/2020","Democratic","Male District Leader","24A",1,"Affidavit",3
"AD","ED","County","EDAD Status","Event","Party/Independent Body","Office/Position Title","District Key","VoteFor","Unit Name","Tally","24","047","Queens","IN-PLAY","Primary Election 2020 - 06/23/2020","Democratic","Male District Leader","24A",1,"Mahtab Khan",57
"AD","ED","County","EDAD Status","Event","Party/Independent Body","Office/Position Title","District Key","VoteFor","Unit Name","Tally","24","047","Queens","IN-PLAY","Primary Election 2020 - 06/23/2020","Democratic","Male District Leader","24A",1,"David I. Weprin",49
"AD","ED","County","EDAD Status","Event","Party/Independent Body","Office/Position Title","District Key","VoteFor","Unit Name","Tally","24","048","Queens","IN-PLAY","Primary Election 2020 - 06/23/2020","Democratic","Male District Leader","24A",1,"Public Counter",28
"AD","ED","County","EDAD Status","Event","Party/Independent Body","Office/Position Title","District Key","VoteFor","Unit Name","Tally","24","048","Queens","IN-PLAY","Primary Election 2020 - 06/23/2020","Democratic","Male District Leader","24A",1,"Manually Counted Emergency",0
"AD","ED","County","EDAD Status","Event","Party/Independent Body","Office/Position Title","District Key","VoteFor","Unit Name","Tally","24","048","Queens","IN-PLAY","Primary Election 2020 - 06/23/2020","Democratic","Male District Leader","24A",1,"Absentee / Military",10
"AD","ED","County","EDAD Status","Event","Party/Independent Body","Office/Position Title","District Key","VoteFor","Unit Name","Tally","24","048","Queens","IN-PLAY","Primary Election 2020 - 06/23/2020","Democratic","Male District Leader","24A",1,"Federal",0
"AD","ED","County","EDAD Status","Event","Party/Independent Body","Office/Position Title","District Key","VoteFor","Unit Name","Tally","24","048","Queens","IN-PLAY","Primary Election 2020 - 06/23/2020","Democratic","Male District Leader","24A",1,"Affidavit",0
"AD","ED","County","EDAD Status","Event","Party/Independent Body","Office/Position Title","District Key","VoteFor","Unit Name","Tally","24","048","Queens","IN-PLAY","Primary Election 2020 - 06/23/2020","Democratic","Male District Leader","24A",1,"Mahtab Khan",28
"AD","ED","County","EDAD Status","Event","Party/Independent Body","Office/Position Title","District Key","VoteFor","Unit Name","Tally","24","048","Queens","IN-PLAY","Primary Election 2020 - 06/23/2020","Democratic","Male District Leader","24A",1,"David I. Weprin",7
"AD","ED","County","EDAD Status","Event","Party/Independent Body","Office/Position Title","District Key","VoteFor","Unit Name","Tally","24","051","Queens","IN-PLAY","Primary Election 2020 - 06/23/2020","Democratic","Male District Leader","24A",1,"Public Counter",62
"AD","ED","County","EDAD Status","Event","Party/Independent Body","Office/Position Title","District Key","VoteFor","Unit Name","Tally","24","051","Queens","IN-PLAY","Primary Election 2020 - 06/23/2020","Democratic","Male District Leader","24A",1,"Manually Counted Emergency",0
"AD","ED","County","EDAD Status","Event","Party/Independent Body","Office/Position Title","District Key","VoteFor","Unit Name","Tally","24","051","Queens","IN-PLAY","Primary Election 2020 - 06/23/2020","Democratic","Male District Leader","24A",1,"Absentee / Military",36
"AD","ED","County","EDAD Status","Event","Party/Independent Body","Office/Position Title","District Key","VoteFor","Unit Name","Tally","24","051","Queens","IN-PLAY","Primary Election 2020 - 06/23/2020","Democratic","Male District Leader","24A",1,"Federal",1
"AD","ED","County","EDAD Status","Event","Party/Independent Body","Office/Position Title","District Key","VoteFor","Unit Name","Tally","24","051","Queens","IN-PLAY","Primary Election 2020 - 06/23/2020","Democratic","Male District Leader","24A",1,"Affidavit",0
"AD","ED","County","EDAD Status","Event","Party/Independent Body","Office/Position Title","District Key","VoteFor","Unit Name","Tally","24","051","Queens","IN-PLAY","Primary Election 2020 - 06/23/2020","Democratic","Male District Leader","24A",1,"Mahtab Khan",43
"AD","ED","County","EDAD Status","Event","Party/Independent Body","Office/Position Title","District Key","VoteFor","Unit Name","Tally","24","051","Queens","IN-PLAY","Primary Election 2020 - 06/23/2020","Democratic","Male District Leader","24A",1,"David I. Weprin",43
"AD","ED","County","EDAD Status","Event","Party/Independent Body","Office/Position Title","District Key","VoteFor","Unit Name","Tally","24","053","Queens","IN-PLAY","Primary Election 2020 - 06/23/2020","Democratic","Male District Leader","24A",1,"Public Counter",97
"AD","ED","County","EDAD Status","Event","Party/Independent Body","Office/Position Title","District Key","VoteFor","Unit Name","Tally","24","053","Queens","IN-PLAY","Primary Election 2020 - 06/23/2020","Democratic","Male District Leader","24A",1,"Manually Counted Emergency",0
"AD","ED","County","EDAD Status","Event","Party/Independent Body","Office/Position Title","District Key","VoteFor","Unit Name","Tally","24","053","Queens","IN-PLAY","Primary Election 2020 - 06/23/2020","Democratic","Male District Leader","24A",1,"Absentee / Military",39
"AD","ED","County","EDAD Status","Event","Party/Independent Body","Office/Position Title","District Key","VoteFor","Unit Name","Tally","24","053","Queens","IN-PLAY","Primary Election 2020 - 06/23/2020","Democratic","Male District Leader","24A",1,"Federal",0
"AD","ED","County","EDAD Status","Event","Party/Independent Body","Office/Position Title","District Key","VoteFor","Unit Name","Tally","24","053","Queens","IN-PLAY","Primary Election 2020 - 06/23/2020","Democratic","Male District Leader","24A",1,"Affidavit",0
"AD","ED","County","EDAD Status","Event","Party/Independent Body","Office/Position Title","District Key","VoteFor","Unit Name","Tally","24","053","Queens","IN-PLAY","Primary Election 2020 - 06/23/2020","Democratic","Male District Leader","24A",1,"Mahtab Khan",76
"AD","ED","County","EDAD Status","Event","Party/Independent Body","Office/Position Title","District Key","VoteFor","Unit Name","Tally","24","053","Queens","IN-PLAY","Primary Election 2020 - 06/23/2020","Democratic","Male District Leader","24A",1,"David I. Weprin",52
"AD","ED","County","EDAD Status","Event","Party/Independent Body","Office/Position Title","District Key","VoteFor","Unit Name","Tally","24","054","Queens","IN-PLAY","Primary Election 2020 - 06/23/2020","Democratic","Male District Leader","24A",1,"Public Counter",112
"AD","ED","County","EDAD Status","Event","Party/Independent Body","Office/Position Title","District Key","VoteFor","Unit Name","Tally","24","054","Queens","IN-PLAY","Primary Election 2020 - 06/23/2020","Democratic","Male District Leader","24A",1,"Manually Counted Emergency",0
"AD","ED","County","EDAD Status","Event","Party/Independent Body","Office/Position Title","District Key","VoteFor","Unit Name","Tally","24","054","Queens","IN-PLAY","Primary Election 2020 - 06/23/2020","Democratic","Male District Leader","24A",1,"Absentee / Military",70
"AD","ED","County","EDAD Status","Event","Party/Independent Body","Office/Position Title","District Key","VoteFor","Unit Name","Tally","24","054","Queens","IN-PLAY","Primary Election 2020 - 06/23/2020","Democratic","Male District Leader","24A",1,"Federal",0
"AD","ED","County","EDAD Status","Event","Party/Independent Body","Office/Position Title","District Key","VoteFor","Unit Name","Tally","24","054","Queens","IN-PLAY","Primary Election 2020 - 06/23/2020","Democratic","Male District Leader","24A",1,"Affidavit",2
"AD","ED","County","EDAD Status","Event","Party/Independent Body","Office/Position Title","District Key","VoteFor","Unit Name","Tally","24","054","Queens","IN-PLAY","Primary Election 2020 - 06/23/2020","Democratic","Male District Leader","24A",1,"Mahtab Khan",107
"AD","ED","County","EDAD Status","Event","Party/Independent Body","Office/Position Title","District Key","VoteFor","Unit Name","Tally","24","054","Queens","IN-PLAY","Primary Election 2020 - 06/23/2020","Democratic","Male District Leader","24A",1,"David I. Weprin",60
"AD","ED","County","EDAD Status","Event","Party/Independent Body","Office/Position Title","District Key","VoteFor","Unit Name","Tally","24","054","Queens","IN-PLAY","Primary Election 2020 - 06/23/2020","Democratic","Male District Leader","24A",1,"Scattered",1
"AD","ED","County","EDAD Status","Event","Party/Independent Body","Office/Position Title","District Key","VoteFor","Unit Name","Tally","24","055","Queens","IN-PLAY","Primary Election 2020 - 06/23/2020","Democratic","Male District Leader","24A",1,"Public Counter",87
"AD","ED","County","EDAD Status","Event","Party/Independent Body","Office/Position Title","District Key","VoteFor","Unit Name","Tally","24","055","Queens","IN-PLAY","Primary Election 2020 - 06/23/2020","Democratic","Male District Leader","24A",1,"Manually Counted Emergency",0
"AD","ED","County","EDAD Status","Event","Party/Independent Body","Office/Position Title","District Key","VoteFor","Unit Name","Tally","24","055","Queens","IN-PLAY","Primary Election 2020 - 06/23/2020","Democratic","Male District Leader","24A",1,"Absentee / Military",63
"AD","ED","County","EDAD Status","Event","Party/Independent Body","Office/Position Title","District Key","VoteFor","Unit Name","Tally","24","055","Queens","IN-PLAY","Primary Election 2020 - 06/23/2020","Democratic","Male District Leader","24A",1,"Federal",1
"AD","ED","County","EDAD Status","Event","Party/Independent Body","Office/Position Title","District Key","VoteFor","Unit Name","Tally","24","055","Queens","IN-PLAY","Primary Election 2020 - 06/23/2020","Democratic","Male District Leader","24A",1,"Affidavit",4
"AD","ED","County","EDAD Status","Event","Party/Independent Body","Office/Position Title","District Key","VoteFor","Unit Name","Tally","24","055","Queens","IN-PLAY","Primary Election 2020 - 06/23/2020","Democratic","Male District Leader","24A",1,"Mahtab Khan",124
"AD","ED","County","EDAD Status","Event","Party/Independent Body","Office/Position Title","District Key","VoteFor","Unit Name","Tally","24","055","Queens","IN-PLAY","Primary Election 2020 - 06/23/2020","Democratic","Male District Leader","24A",1,"David I. Weprin",27
"AD","ED","County","EDAD Status","Event","Party/Independent Body","Office/Position Title","District Key","VoteFor","Unit Name","Tally","24","056","Queens","IN-PLAY","Primary Election 2020 - 06/23/2020","Democratic","Male District Leader","24A",1,"Public Counter",2
"AD","ED","County","EDAD Status","Event","Party/Independent Body","Office/Position Title","District Key","VoteFor","Unit Name","Tally","24","056","Queens","IN-PLAY","Primary Election 2020 - 06/23/2020","Democratic","Male District Leader","24A",1,"Manually Counted Emergency",0
"AD","ED","County","EDAD Status","Event","Party/Independent Body","Office/Position Title","District Key","VoteFor","Unit Name","Tally","24","056","Queens","IN-PLAY","Primary Election 2020 - 06/23/2020","Democratic","Male District Leader","24A",1,"Absentee / Military",9
"AD","ED","County","EDAD Status","Event","Party/Independent Body","Office/Position Title","District Key","VoteFor","Unit Name","Tally","24","056","Queens","IN-PLAY","Primary Election 2020 - 06/23/2020","Democratic","Male District Leader","24A",1,"Federal",0
"AD","ED","County","EDAD Status","Event","Party/Independent Body","Office/Position Title","District Key","VoteFor","Unit Name","Tally","24","056","Queens","IN-PLAY","Primary Election 2020 - 06/23/2020","Democratic","Male District Leader","24A",1,"Affidavit",0
"AD","ED","County","EDAD Status","Event","Party/Independent Body","Office/Position Title","District Key","VoteFor","Unit Name","Tally","24","056","Queens","IN-PLAY","Primary Election 2020 - 06/23/2020","Democratic","Male District Leader","24A",1,"Mahtab Khan",6
"AD","ED","County","EDAD Status","Event","Party/Independent Body","Office/Position Title","District Key","VoteFor","Unit Name","Tally","24","056","Queens","IN-PLAY","Primary Election 2020 - 06/23/2020","Democratic","Male District Leader","24A",1,"David I. Weprin",5
"AD","ED","County","EDAD Status","Event","Party/Independent Body","Office/Position Title","District Key","VoteFor","Unit Name","Tally","24","057","Queens","IN-PLAY","Primary Election 2020 - 06/23/2020","Democratic","Male District Leader","24A",1,"Public Counter",27
"AD","ED","County","EDAD Status","Event","Party/Independent Body","Office/Position Title","District Key","VoteFor","Unit Name","Tally","24","057","Queens","IN-PLAY","Primary Election 2020 - 06/23/2020","Democratic","Male District Leader","24A",1,"Manually Counted Emergency",0
"AD","ED","County","EDAD Status","Event","Party/Independent Body","Office/Position Title","District Key","VoteFor","Unit Name","Tally","24","057","Queens","IN-PLAY","Primary Election 2020 - 06/23/2020","Democratic","Male District Leader","24A",1,"Absentee / Military",23
"AD","ED","County","EDAD Status","Event","Party/Independent Body","Office/Position Title","District Key","VoteFor","Unit Name","Tally","24","057","Queens","IN-PLAY","Primary Election 2020 - 06/23/2020","Democratic","Male District Leader","24A",1,"Federal",0
"AD","ED","County","EDAD Status","Event","Party/Independent Body","Office/Position Title","District Key","VoteFor","Unit Name","Tally","24","057","Queens","IN-PLAY","Primary Election 2020 - 06/23/2020","Democratic","Male District Leader","24A",1,"Affidavit",1
"AD","ED","County","EDAD Status","Event","Party/Independent Body","Office/Position Title","District Key","VoteFor","Unit Name","Tally","24","057","Queens","IN-PLAY","Primary Election 2020 - 06/23/2020","Democratic","Male District Leader","24A",1,"Mahtab Khan",26
"AD","ED","County","EDAD Status","Event","Party/Independent Body","Office/Position Title","District Key","VoteFor","Unit Name","Tally","24","057","Queens","IN-PLAY","Primary Election 2020 - 06/23/2020","Democratic","Male District Leader","24A",1,"David I. Weprin",9
"AD","ED","County","EDAD Status","Event","Party/Independent Body","Office/Position Title","District Key","VoteFor","Unit Name","Tally","24","058","Queens","IN-PLAY","Primary Election 2020 - 06/23/2020","Democratic","Male District Leader","24A",1,"Public Counter",30
"AD","ED","County","EDAD Status","Event","Party/Independent Body","Office/Position Title","District Key","VoteFor","Unit Name","Tally","24","058","Queens","IN-PLAY","Primary Election 2020 - 06/23/2020","Democratic","Male District Leader","24A",1,"Manually Counted Emergency",0
"AD","ED","County","EDAD Status","Event","Party/Independent Body","Office/Position Title","District Key","VoteFor","Unit Name","Tally","24","058","Queens","IN-PLAY","Primary Election 2020 - 06/23/2020","Democratic","Male District Leader","24A",1,"Absentee / Military",15
"AD","ED","County","EDAD Status","Event","Party/Independent Body","Office/Position Title","District Key","VoteFor","Unit Name","Tally","24","058","Queens","IN-PLAY","Primary Election 2020 - 06/23/2020","Democratic","Male District Leader","24A",1,"Federal",0
"AD","ED","County","EDAD Status","Event","Party/Independent Body","Office/Position Title","District Key","VoteFor","Unit Name","Tally","24","058","Queens","IN-PLAY","Primary Election 2020 - 06/23/2020","Democratic","Male District Leader","24A",1,"Affidavit",1
"AD","ED","County","EDAD Status","Event","Party/Independent Body","Office/Position Title","District Key","VoteFor","Unit Name","Tally","24","058","Queens","IN-PLAY","Primary Election 2020 - 06/23/2020","Democratic","Male District Leader","24A",1,"Mahtab Khan",27
"AD","ED","County","EDAD Status","Event","Party/Independent Body","Office/Position Title","District Key","VoteFor","Unit Name","Tally","24","058","Queens","IN-PLAY","Primary Election 2020 - 06/23/2020","Democratic","Male District Leader","24A",1,"David I. Weprin",16
"AD","ED","County","EDAD Status","Event","Party/Independent Body","Office/Position Title","District Key","VoteFor","Unit Name","Tally","24","059","Queens","IN-PLAY","Primary Election 2020 - 06/23/2020","Democratic","Male District Leader","24A",1,"Public Counter",78
"AD","ED","County","EDAD Status","Event","Party/Independent Body","Office/Position Title","District Key","VoteFor","Unit Name","Tally","24","059","Queens","IN-PLAY","Primary Election 2020 - 06/23/2020","Democratic","Male District Leader","24A",1,"Manually Counted Emergency",0
"AD","ED","County","EDAD Status","Event","Party/Independent Body","Office/Position Title","District Key","VoteFor","Unit Name","Tally","24","059","Queens","IN-PLAY","Primary Election 2020 - 06/23/2020","Democratic","Male District Leader","24A",1,"Absentee / Military",24
"AD","ED","County","EDAD Status","Event","Party/Independent Body","Office/Position Title","District Key","VoteFor","Unit Name","Tally","24","059","Queens","IN-PLAY","Primary Election 2020 - 06/23/2020","Democratic","Male District Leader","24A",1,"Federal",0
"AD","ED","County","EDAD Status","Event","Party/Independent Body","Office/Position Title","District Key","VoteFor","Unit Name","Tally","24","059","Queens","IN-PLAY","Primary Election 2020 - 06/23/2020","Democratic","Male District Leader","24A",1,"Affidavit",3
"AD","ED","County","EDAD Status","Event","Party/Independent Body","Office/Position Title","District Key","VoteFor","Unit Name","Tally","24","059","Queens","IN-PLAY","Primary Election 2020 - 06/23/2020","Democratic","Male District Leader","24A",1,"Mahtab Khan",28
"AD","ED","County","EDAD Status","Event","Party/Independent Body","Office/Position Title","District Key","VoteFor","Unit Name","Tally","24","059","Queens","IN-PLAY","Primary Election 2020 - 06/23/2020","Democratic","Male District Leader","24A",1,"David I. Weprin",66
"AD","ED","County","EDAD Status","Event","Party/Independent Body","Office/Position Title","District Key","VoteFor","Unit Name","Tally","24","060","Queens","IN-PLAY","Primary Election 2020 - 06/23/2020","Democratic","Male District Leader","24A",1,"Public Counter",15
"AD","ED","County","EDAD Status","Event","Party/Independent Body","Office/Position Title","District Key","VoteFor","Unit Name","Tally","24","060","Queens","IN-PLAY","Primary Election 2020 - 06/23/2020","Democratic","Male District Leader","24A",1,"Manually Counted Emergency",0
"AD","ED","County","EDAD Status","Event","Party/Independent Body","Office/Position Title","District Key","VoteFor","Unit Name","Tally","24","060","Queens","IN-PLAY","Primary Election 2020 - 06/23/2020","Democratic","Male District Leader","24A",1,"Absentee / Military",4
"AD","ED","County","EDAD Status","Event","Party/Independent Body","Office/Position Title","District Key","VoteFor","Unit Name","Tally","24","060","Queens","IN-PLAY","Primary Election 2020 - 06/23/2020","Democratic","Male District Leader","24A",1,"Federal",0
"AD","ED","County","EDAD Status","Event","Party/Independent Body","Office/Position Title","District Key","VoteFor","Unit Name","Tally","24","060","Queens","IN-PLAY","Primary Election 2020 - 06/23/2020","Democratic","Male District Leader","24A",1,"Affidavit",0
"AD","ED","County","EDAD Status","Event","Party/Independent Body","Office/Position Title","District Key","VoteFor","Unit Name","Tally","24","060","Queens","IN-PLAY","Primary Election 2020 - 06/23/2020","Democratic","Male District Leader","24A",1,"Mahtab Khan",8
"AD","ED","County","EDAD Status","Event","Party/Independent Body","Office/Position Title","District Key","VoteFor","Unit Name","Tally","24","060","Queens","IN-PLAY","Primary Election 2020 - 06/23/2020","Democratic","Male District Leader","24A",1,"David I. Weprin",7
"AD","ED","County","EDAD Status","Event","Party/Independent Body","Office/Position Title","District Key","VoteFor","Unit Name","Tally","24","062","Queens","IN-PLAY","Primary Election 2020 - 06/23/2020","Democratic","Male District Leader","24A",1,"Public Counter",97
"AD","ED","County","EDAD Status","Event","Party/Independent Body","Office/Position Title","District Key","VoteFor","Unit Name","Tally","24","062","Queens","IN-PLAY","Primary Election 2020 - 06/23/2020","Democratic","Male District Leader","24A",1,"Manually Counted Emergency",0
"AD","ED","County","EDAD Status","Event","Party/Independent Body","Office/Position Title","District Key","VoteFor","Unit Name","Tally","24","062","Queens","IN-PLAY","Primary Election 2020 - 06/23/2020","Democratic","Male District Leader","24A",1,"Absentee / Military",41
"AD","ED","County","EDAD Status","Event","Party/Independent Body","Office/Position Title","District Key","VoteFor","Unit Name","Tally","24","062","Queens","IN-PLAY","Primary Election 2020 - 06/23/2020","Democratic","Male District Leader","24A",1,"Federal",0
"AD","ED","County","EDAD Status","Event","Party/Independent Body","Office/Position Title","District Key","VoteFor","Unit Name","Tally","24","062","Queens","IN-PLAY","Primary Election 2020 - 06/23/2020","Democratic","Male District Leader","24A",1,"Affidavit",1
"AD","ED","County","EDAD Status","Event","Party/Independent Body","Office/Position Title","District Key","VoteFor","Unit Name","Tally","24","062","Queens","IN-PLAY","Primary Election 2020 - 06/23/2020","Democratic","Male District Leader","24A",1,"Mahtab Khan",82
"AD","ED","County","EDAD Status","Event","Party/Independent Body","Office/Position Title","District Key","VoteFor","Unit Name","Tally","24","062","Queens","IN-PLAY","Primary Election 2020 - 06/23/2020","Democratic","Male District Leader","24A",1,"David I. Weprin",45
"AD","ED","County","EDAD Status","Event","Party/Independent Body","Office/Position Title","District Key","VoteFor","Unit Name","Tally","24","063","Queens","IN-PLAY","Primary Election 2020 - 06/23/2020","Democratic","Male District Leader","24A",1,"Public Counter",47
"AD","ED","County","EDAD Status","Event","Party/Independent Body","Office/Position Title","District Key","VoteFor","Unit Name","Tally","24","063","Queens","IN-PLAY","Primary Election 2020 - 06/23/2020","Democratic","Male District Leader","24A",1,"Manually Counted Emergency",0
"AD","ED","County","EDAD Status","Event","Party/Independent Body","Office/Position Title","District Key","VoteFor","Unit Name","Tally","24","063","Queens","IN-PLAY","Primary Election 2020 - 06/23/2020","Democratic","Male District Leader","24A",1,"Absentee / Military",17
"AD","ED","County","EDAD Status","Event","Party/Independent Body","Office/Position Title","District Key","VoteFor","Unit Name","Tally","24","063","Queens","IN-PLAY","Primary Election 2020 - 06/23/2020","Democratic","Male District Leader","24A",1,"Federal",0
"AD","ED","County","EDAD Status","Event","Party/Independent Body","Office/Position Title","District Key","VoteFor","Unit Name","Tally","24","063","Queens","IN-PLAY","Primary Election 2020 - 06/23/2020","Democratic","Male District Leader","24A",1,"Affidavit",0
"AD","ED","County","EDAD Status","Event","Party/Independent Body","Office/Position Title","District Key","VoteFor","Unit Name","Tally","24","063","Queens","IN-PLAY","Primary Election 2020 - 06/23/2020","Democratic","Male District Leader","24A",1,"Mahtab Khan",16
"AD","ED","County","EDAD Status","Event","Party/Independent Body","Office/Position Title","District Key","VoteFor","Unit Name","Tally","24","063","Queens","IN-PLAY","Primary Election 2020 - 06/23/2020","Democratic","Male District Leader","24A",1,"David I. Weprin",37
"AD","ED","County","EDAD Status","Event","Party/Independent Body","Office/Position Title","District Key","VoteFor","Unit Name","Tally","24","064","Queens","IN-PLAY","Primary Election 2020 - 06/23/2020","Democratic","Male District Leader","24A",1,"Public Counter",51
"AD","ED","County","EDAD Status","Event","Party/Independent Body","Office/Position Title","District Key","VoteFor","Unit Name","Tally","24","064","Queens","IN-PLAY","Primary Election 2020 - 06/23/2020","Democratic","Male District Leader","24A",1,"Manually Counted Emergency",0
"AD","ED","County","EDAD Status","Event","Party/Independent Body","Office/Position Title","District Key","VoteFor","Unit Name","Tally","24","064","Queens","IN-PLAY","Primary Election 2020 - 06/23/2020","Democratic","Male District Leader","24A",1,"Absentee / Military",20
"AD","ED","County","EDAD Status","Event","Party/Independent Body","Office/Position Title","District Key","VoteFor","Unit Name","Tally","24","064","Queens","IN-PLAY","Primary Election 2020 - 06/23/2020","Democratic","Male District Leader","24A",1,"Federal",0
"AD","ED","County","EDAD Status","Event","Party/Independent Body","Office/Position Title","District Key","VoteFor","Unit Name","Tally","24","064","Queens","IN-PLAY","Primary Election 2020 - 06/23/2020","Democratic","Male District Leader","24A",1,"Affidavit",0
"AD","ED","County","EDAD Status","Event","Party/Independent Body","Office/Position Title","District Key","VoteFor","Unit Name","Tally","24","064","Queens","IN-PLAY","Primary Election 2020 - 06/23/2020","Democratic","Male District Leader","24A",1,"Mahtab Khan",32
"AD","ED","County","EDAD Status","Event","Party/Independent Body","Office/Position Title","District Key","VoteFor","Unit Name","Tally","24","064","Queens","IN-PLAY","Primary Election 2020 - 06/23/2020","Democratic","Male District Leader","24A",1,"David I. Weprin",31
"AD","ED","County","EDAD Status","Event","Party/Independent Body","Office/Position Title","District Key","VoteFor","Unit Name","Tally","24","065","Queens","IN-PLAY","Primary Election 2020 - 06/23/2020","Democratic","Male District Leader","24A",1,"Public Counter",37
"AD","ED","County","EDAD Status","Event","Party/Independent Body","Office/Position Title","District Key","VoteFor","Unit Name","Tally","24","065","Queens","IN-PLAY","Primary Election 2020 - 06/23/2020","Democratic","Male District Leader","24A",1,"Manually Counted Emergency",0
"AD","ED","County","EDAD Status","Event","Party/Independent Body","Office/Position Title","District Key","VoteFor","Unit Name","Tally","24","065","Queens","IN-PLAY","Primary Election 2020 - 06/23/2020","Democratic","Male District Leader","24A",1,"Absentee / Military",14
"AD","ED","County","EDAD Status","Event","Party/Independent Body","Office/Position Title","District Key","VoteFor","Unit Name","Tally","24","065","Queens","IN-PLAY","Primary Election 2020 - 06/23/2020","Democratic","Male District Leader","24A",1,"Federal",0
"AD","ED","County","EDAD Status","Event","Party/Independent Body","Office/Position Title","District Key","VoteFor","Unit Name","Tally","24","065","Queens","IN-PLAY","Primary Election 2020 - 06/23/2020","Democratic","Male District Leader","24A",1,"Affidavit",0
"AD","ED","County","EDAD Status","Event","Party/Independent Body","Office/Position Title","District Key","VoteFor","Unit Name","Tally","24","065","Queens","IN-PLAY","Primary Election 2020 - 06/23/2020","Democratic","Male District Leader","24A",1,"Mahtab Khan",20
"AD","ED","County","EDAD Status","Event","Party/Independent Body","Office/Position Title","District Key","VoteFor","Unit Name","Tally","24","065","Queens","IN-PLAY","Primary Election 2020 - 06/23/2020","Democratic","Male District Leader","24A",1,"David I. Weprin",25
"AD","ED","County","EDAD Status","Event","Party/Independent Body","Office/Position Title","District Key","VoteFor","Unit Name","Tally","24","066","Queens","IN-PLAY","Primary Election 2020 - 06/23/2020","Democratic","Male District Leader","24A",1,"Public Counter",61
"AD","ED","County","EDAD Status","Event","Party/Independent Body","Office/Position Title","District Key","VoteFor","Unit Name","Tally","24","066","Queens","IN-PLAY","Primary Election 2020 - 06/23/2020","Democratic","Male District Leader","24A",1,"Manually Counted Emergency",0
"AD","ED","County","EDAD Status","Event","Party/Independent Body","Office/Position Title","District Key","VoteFor","Unit Name","Tally","24","066","Queens","IN-PLAY","Primary Election 2020 - 06/23/2020","Democratic","Male District Leader","24A",1,"Absentee / Military",17
"AD","ED","County","EDAD Status","Event","Party/Independent Body","Office/Position Title","District Key","VoteFor","Unit Name","Tally","24","066","Queens","IN-PLAY","Primary Election 2020 - 06/23/2020","Democratic","Male District Leader","24A",1,"Federal",0
"AD","ED","County","EDAD Status","Event","Party/Independent Body","Office/Position Title","District Key","VoteFor","Unit Name","Tally","24","066","Queens","IN-PLAY","Primary Election 2020 - 06/23/2020","Democratic","Male District Leader","24A",1,"Affidavit",0
"AD","ED","County","EDAD Status","Event","Party/Independent Body","Office/Position Title","District Key","VoteFor","Unit Name","Tally","24","066","Queens","IN-PLAY","Primary Election 2020 - 06/23/2020","Democratic","Male District Leader","24A",1,"Mahtab Khan",34
"AD","ED","County","EDAD Status","Event","Party/Independent Body","Office/Position Title","District Key","VoteFor","Unit Name","Tally","24","066","Queens","IN-PLAY","Primary Election 2020 - 06/23/2020","Democratic","Male District Leader","24A",1,"David I. Weprin",36
"AD","ED","County","EDAD Status","Event","Party/Independent Body","Office/Position Title","District Key","VoteFor","Unit Name","Tally","24","067","Queens","IN-PLAY","Primary Election 2020 - 06/23/2020","Democratic","Male District Leader","24A",1,"Public Counter",57
"AD","ED","County","EDAD Status","Event","Party/Independent Body","Office/Position Title","District Key","VoteFor","Unit Name","Tally","24","067","Queens","IN-PLAY","Primary Election 2020 - 06/23/2020","Democratic","Male District Leader","24A",1,"Manually Counted Emergency",0
"AD","ED","County","EDAD Status","Event","Party/Independent Body","Office/Position Title","District Key","VoteFor","Unit Name","Tally","24","067","Queens","IN-PLAY","Primary Election 2020 - 06/23/2020","Democratic","Male District Leader","24A",1,"Absentee / Military",31
"AD","ED","County","EDAD Status","Event","Party/Independent Body","Office/Position Title","District Key","VoteFor","Unit Name","Tally","24","067","Queens","IN-PLAY","Primary Election 2020 - 06/23/2020","Democratic","Male District Leader","24A",1,"Federal",2
"AD","ED","County","EDAD Status","Event","Party/Independent Body","Office/Position Title","District Key","VoteFor","Unit Name","Tally","24","067","Queens","IN-PLAY","Primary Election 2020 - 06/23/2020","Democratic","Male District Leader","24A",1,"Affidavit",2
"AD","ED","County","EDAD Status","Event","Party/Independent Body","Office/Position Title","District Key","VoteFor","Unit Name","Tally","24","067","Queens","IN-PLAY","Primary Election 2020 - 06/23/2020","Democratic","Male District Leader","24A",1,"Mahtab Khan",47
"AD","ED","County","EDAD Status","Event","Party/Independent Body","Office/Position Title","District Key","VoteFor","Unit Name","Tally","24","067","Queens","IN-PLAY","Primary Election 2020 - 06/23/2020","Democratic","Male District Leader","24A",1,"David I. Weprin",30
"AD","ED","County","EDAD Status","Event","Party/Independent Body","Office/Position Title","District Key","VoteFor","Unit Name","Tally","24","068","Queens","IN-PLAY","Primary Election 2020 - 06/23/2020","Democratic","Male District Leader","24A",1,"Public Counter",46
"AD","ED","County","EDAD Status","Event","Party/Independent Body","Office/Position Title","District Key","VoteFor","Unit Name","Tally","24","068","Queens","IN-PLAY","Primary Election 2020 - 06/23/2020","Democratic","Male District Leader","24A",1,"Manually Counted Emergency",0
"AD","ED","County","EDAD Status","Event","Party/Independent Body","Office/Position Title","District Key","VoteFor","Unit Name","Tally","24","068","Queens","IN-PLAY","Primary Election 2020 - 06/23/2020","Democratic","Male District Leader","24A",1,"Absentee / Military",45
"AD","ED","County","EDAD Status","Event","Party/Independent Body","Office/Position Title","District Key","VoteFor","Unit Name","Tally","24","068","Queens","IN-PLAY","Primary Election 2020 - 06/23/2020","Democratic","Male District Leader","24A",1,"Federal",3
"AD","ED","County","EDAD Status","Event","Party/Independent Body","Office/Position Title","District Key","VoteFor","Unit Name","Tally","24","068","Queens","IN-PLAY","Primary Election 2020 - 06/23/2020","Democratic","Male District Leader","24A",1,"Affidavit",1
"AD","ED","County","EDAD Status","Event","Party/Independent Body","Office/Position Title","District Key","VoteFor","Unit Name","Tally","24","068","Queens","IN-PLAY","Primary Election 2020 - 06/23/2020","Democratic","Male District Leader","24A",1,"Mahtab Khan",36
"AD","ED","County","EDAD Status","Event","Party/Independent Body","Office/Position Title","District Key","VoteFor","Unit Name","Tally","24","068","Queens","IN-PLAY","Primary Election 2020 - 06/23/2020","Democratic","Male District Leader","24A",1,"David I. Weprin",39
"AD","ED","County","EDAD Status","Event","Party/Independent Body","Office/Position Title","District Key","VoteFor","Unit Name","Tally","24","069","Queens","IN-PLAY","Primary Election 2020 - 06/23/2020","Democratic","Male District Leader","24A",1,"Public Counter",64
"AD","ED","County","EDAD Status","Event","Party/Independent Body","Office/Position Title","District Key","VoteFor","Unit Name","Tally","24","069","Queens","IN-PLAY","Primary Election 2020 - 06/23/2020","Democratic","Male District Leader","24A",1,"Manually Counted Emergency",0
"AD","ED","County","EDAD Status","Event","Party/Independent Body","Office/Position Title","District Key","VoteFor","Unit Name","Tally","24","069","Queens","IN-PLAY","Primary Election 2020 - 06/23/2020","Democratic","Male District Leader","24A",1,"Absentee / Military",16
"AD","ED","County","EDAD Status","Event","Party/Independent Body","Office/Position Title","District Key","VoteFor","Unit Name","Tally","24","069","Queens","IN-PLAY","Primary Election 2020 - 06/23/2020","Democratic","Male District Leader","24A",1,"Federal",1
"AD","ED","County","EDAD Status","Event","Party/Independent Body","Office/Position Title","District Key","VoteFor","Unit Name","Tally","24","069","Queens","IN-PLAY","Primary Election 2020 - 06/23/2020","Democratic","Male District Leader","24A",1,"Affidavit",1
"AD","ED","County","EDAD Status","Event","Party/Independent Body","Office/Position Title","District Key","VoteFor","Unit Name","Tally","24","069","Queens","IN-PLAY","Primary Election 2020 - 06/23/2020","Democratic","Male District Leader","24A",1,"Mahtab Khan",37
"AD","ED","County","EDAD Status","Event","Party/Independent Body","Office/Position Title","District Key","VoteFor","Unit Name","Tally","24","069","Queens","IN-PLAY","Primary Election 2020 - 06/23/2020","Democratic","Male District Leader","24A",1,"David I. Weprin",30
"AD","ED","County","EDAD Status","Event","Party/Independent Body","Office/Position Title","District Key","VoteFor","Unit Name","Tally","24","069","Queens","IN-PLAY","Primary Election 2020 - 06/23/2020","Democratic","Male District Leader","24A",1,"Scattered",1
"AD","ED","County","EDAD Status","Event","Party/Independent Body","Office/Position Title","District Key","VoteFor","Unit Name","Tally","24","070","Queens","IN-PLAY","Primary Election 2020 - 06/23/2020","Democratic","Male District Leader","24A",1,"Public Counter",35
"AD","ED","County","EDAD Status","Event","Party/Independent Body","Office/Position Title","District Key","VoteFor","Unit Name","Tally","24","070","Queens","IN-PLAY","Primary Election 2020 - 06/23/2020","Democratic","Male District Leader","24A",1,"Manually Counted Emergency",0
"AD","ED","County","EDAD Status","Event","Party/Independent Body","Office/Position Title","District Key","VoteFor","Unit Name","Tally","24","070","Queens","IN-PLAY","Primary Election 2020 - 06/23/2020","Democratic","Male District Leader","24A",1,"Absentee / Military",34
"AD","ED","County","EDAD Status","Event","Party/Independent Body","Office/Position Title","District Key","VoteFor","Unit Name","Tally","24","070","Queens","IN-PLAY","Primary Election 2020 - 06/23/2020","Democratic","Male District Leader","24A",1,"Federal",0
"AD","ED","County","EDAD Status","Event","Party/Independent Body","Office/Position Title","District Key","VoteFor","Unit Name","Tally","24","070","Queens","IN-PLAY","Primary Election 2020 - 06/23/2020","Democratic","Male District Leader","24A",1,"Affidavit",1
"AD","ED","County","EDAD Status","Event","Party/Independent Body","Office/Position Title","District Key","VoteFor","Unit Name","Tally","24","070","Queens","IN-PLAY","Primary Election 2020 - 06/23/2020","Democratic","Male District Leader","24A",1,"Mahtab Khan",28
"AD","ED","County","EDAD Status","Event","Party/Independent Body","Office/Position Title","District Key","VoteFor","Unit Name","Tally","24","070","Queens","IN-PLAY","Primary Election 2020 - 06/23/2020","Democratic","Male District Leader","24A",1,"David I. Weprin",35
"AD","ED","County","EDAD Status","Event","Party/Independent Body","Office/Position Title","District Key","VoteFor","Unit Name","Tally","24","071","Queens","IN-PLAY","Primary Election 2020 - 06/23/2020","Democratic","Male District Leader","24A",1,"Public Counter",52
"AD","ED","County","EDAD Status","Event","Party/Independent Body","Office/Position Title","District Key","VoteFor","Unit Name","Tally","24","071","Queens","IN-PLAY","Primary Election 2020 - 06/23/2020","Democratic","Male District Leader","24A",1,"Manually Counted Emergency",0
"AD","ED","County","EDAD Status","Event","Party/Independent Body","Office/Position Title","District Key","VoteFor","Unit Name","Tally","24","071","Queens","IN-PLAY","Primary Election 2020 - 06/23/2020","Democratic","Male District Leader","24A",1,"Absentee / Military",14
"AD","ED","County","EDAD Status","Event","Party/Independent Body","Office/Position Title","District Key","VoteFor","Unit Name","Tally","24","071","Queens","IN-PLAY","Primary Election 2020 - 06/23/2020","Democratic","Male District Leader","24A",1,"Federal",0
"AD","ED","County","EDAD Status","Event","Party/Independent Body","Office/Position Title","District Key","VoteFor","Unit Name","Tally","24","071","Queens","IN-PLAY","Primary Election 2020 - 06/23/2020","Democratic","Male District Leader","24A",1,"Affidavit",1
"AD","ED","County","EDAD Status","Event","Party/Independent Body","Office/Position Title","District Key","VoteFor","Unit Name","Tally","24","071","Queens","IN-PLAY","Primary Election 2020 - 06/23/2020","Democratic","Male District Leader","24A",1,"Mahtab Khan",23
"AD","ED","County","EDAD Status","Event","Party/Independent Body","Office/Position Title","District Key","VoteFor","Unit Name","Tally","24","071","Queens","IN-PLAY","Primary Election 2020 - 06/23/2020","Democratic","Male District Leader","24A",1,"David I. Weprin",29
"AD","ED","County","EDAD Status","Event","Party/Independent Body","Office/Position Title","District Key","VoteFor","Unit Name","Tally","24","071","Queens","IN-PLAY","Primary Election 2020 - 06/23/2020","Democratic","Male District Leader","24A",1,"Scattered",1
"AD","ED","County","EDAD Status","Event","Party/Independent Body","Office/Position Title","District Key","VoteFor","Unit Name","Tally","24","072","Queens","IN-PLAY","Primary Election 2020 - 06/23/2020","Democratic","Male District Leader","24A",1,"Public Counter",60
"AD","ED","County","EDAD Status","Event","Party/Independent Body","Office/Position Title","District Key","VoteFor","Unit Name","Tally","24","072","Queens","IN-PLAY","Primary Election 2020 - 06/23/2020","Democratic","Male District Leader","24A",1,"Manually Counted Emergency",0
"AD","ED","County","EDAD Status","Event","Party/Independent Body","Office/Position Title","District Key","VoteFor","Unit Name","Tally","24","072","Queens","IN-PLAY","Primary Election 2020 - 06/23/2020","Democratic","Male District Leader","24A",1,"Absentee / Military",29
"AD","ED","County","EDAD Status","Event","Party/Independent Body","Office/Position Title","District Key","VoteFor","Unit Name","Tally","24","072","Queens","IN-PLAY","Primary Election 2020 - 06/23/2020","Democratic","Male District Leader","24A",1,"Federal",0
"AD","ED","County","EDAD Status","Event","Party/Independent Body","Office/Position Title","District Key","VoteFor","Unit Name","Tally","24","072","Queens","IN-PLAY","Primary Election 2020 - 06/23/2020","Democratic","Male District Leader","24A",1,"Affidavit",0
"AD","ED","County","EDAD Status","Event","Party/Independent Body","Office/Position Title","District Key","VoteFor","Unit Name","Tally","24","072","Queens","IN-PLAY","Primary Election 2020 - 06/23/2020","Democratic","Male District Leader","24A",1,"Mahtab Khan",42
"AD","ED","County","EDAD Status","Event","Party/Independent Body","Office/Position Title","District Key","VoteFor","Unit Name","Tally","24","072","Queens","IN-PLAY","Primary Election 2020 - 06/23/2020","Democratic","Male District Leader","24A",1,"David I. Weprin",40
"AD","ED","County","EDAD Status","Event","Party/Independent Body","Office/Position Title","District Key","VoteFor","Unit Name","Tally","24","073","Queens","IN-PLAY","Primary Election 2020 - 06/23/2020","Democratic","Male District Leader","24A",1,"Public Counter",62
"AD","ED","County","EDAD Status","Event","Party/Independent Body","Office/Position Title","District Key","VoteFor","Unit Name","Tally","24","073","Queens","IN-PLAY","Primary Election 2020 - 06/23/2020","Democratic","Male District Leader","24A",1,"Manually Counted Emergency",0
"AD","ED","County","EDAD Status","Event","Party/Independent Body","Office/Position Title","District Key","VoteFor","Unit Name","Tally","24","073","Queens","IN-PLAY","Primary Election 2020 - 06/23/2020","Democratic","Male District Leader","24A",1,"Absentee / Military",21
"AD","ED","County","EDAD Status","Event","Party/Independent Body","Office/Position Title","District Key","VoteFor","Unit Name","Tally","24","073","Queens","IN-PLAY","Primary Election 2020 - 06/23/2020","Democratic","Male District Leader","24A",1,"Federal",0
"AD","ED","County","EDAD Status","Event","Party/Independent Body","Office/Position Title","District Key","VoteFor","Unit Name","Tally","24","073","Queens","IN-PLAY","Primary Election 2020 - 06/23/2020","Democratic","Male District Leader","24A",1,"Affidavit",0
"AD","ED","County","EDAD Status","Event","Party/Independent Body","Office/Position Title","District Key","VoteFor","Unit Name","Tally","24","073","Queens","IN-PLAY","Primary Election 2020 - 06/23/2020","Democratic","Male District Leader","24A",1,"Mahtab Khan",26
"AD","ED","County","EDAD Status","Event","Party/Independent Body","Office/Position Title","District Key","VoteFor","Unit Name","Tally","24","073","Queens","IN-PLAY","Primary Election 2020 - 06/23/2020","Democratic","Male District Leader","24A",1,"David I. Weprin",38
"AD","ED","County","EDAD Status","Event","Party/Independent Body","Office/Position Title","District Key","VoteFor","Unit Name","Tally","24","074","Queens","IN-PLAY","Primary Election 2020 - 06/23/2020","Democratic","Male District Leader","24A",1,"Public Counter",74
"AD","ED","County","EDAD Status","Event","Party/Independent Body","Office/Position Title","District Key","VoteFor","Unit Name","Tally","24","074","Queens","IN-PLAY","Primary Election 2020 - 06/23/2020","Democratic","Male District Leader","24A",1,"Manually Counted Emergency",0
"AD","ED","County","EDAD Status","Event","Party/Independent Body","Office/Position Title","District Key","VoteFor","Unit Name","Tally","24","074","Queens","IN-PLAY","Primary Election 2020 - 06/23/2020","Democratic","Male District Leader","24A",1,"Absentee / Military",16
"AD","ED","County","EDAD Status","Event","Party/Independent Body","Office/Position Title","District Key","VoteFor","Unit Name","Tally","24","074","Queens","IN-PLAY","Primary Election 2020 - 06/23/2020","Democratic","Male District Leader","24A",1,"Federal",0
"AD","ED","County","EDAD Status","Event","Party/Independent Body","Office/Position Title","District Key","VoteFor","Unit Name","Tally","24","074","Queens","IN-PLAY","Primary Election 2020 - 06/23/2020","Democratic","Male District Leader","24A",1,"Affidavit",0
"AD","ED","County","EDAD Status","Event","Party/Independent Body","Office/Position Title","District Key","VoteFor","Unit Name","Tally","24","074","Queens","IN-PLAY","Primary Election 2020 - 06/23/2020","Democratic","Male District Leader","24A",1,"Mahtab Khan",28
"AD","ED","County","EDAD Status","Event","Party/Independent Body","Office/Position Title","District Key","VoteFor","Unit Name","Tally","24","074","Queens","IN-PLAY","Primary Election 2020 - 06/23/2020","Democratic","Male District Leader","24A",1,"David I. Weprin",48
"AD","ED","County","EDAD Status","Event","Party/Independent Body","Office/Position Title","District Key","VoteFor","Unit Name","Tally","24","075","Queens","IN-PLAY","Primary Election 2020 - 06/23/2020","Democratic","Male District Leader","24A",1,"Public Counter",38
"AD","ED","County","EDAD Status","Event","Party/Independent Body","Office/Position Title","District Key","VoteFor","Unit Name","Tally","24","075","Queens","IN-PLAY","Primary Election 2020 - 06/23/2020","Democratic","Male District Leader","24A",1,"Manually Counted Emergency",0
"AD","ED","County","EDAD Status","Event","Party/Independent Body","Office/Position Title","District Key","VoteFor","Unit Name","Tally","24","075","Queens","IN-PLAY","Primary Election 2020 - 06/23/2020","Democratic","Male District Leader","24A",1,"Absentee / Military",22
"AD","ED","County","EDAD Status","Event","Party/Independent Body","Office/Position Title","District Key","VoteFor","Unit Name","Tally","24","075","Queens","IN-PLAY","Primary Election 2020 - 06/23/2020","Democratic","Male District Leader","24A",1,"Federal",0
"AD","ED","County","EDAD Status","Event","Party/Independent Body","Office/Position Title","District Key","VoteFor","Unit Name","Tally","24","075","Queens","IN-PLAY","Primary Election 2020 - 06/23/2020","Democratic","Male District Leader","24A",1,"Affidavit",1
"AD","ED","County","EDAD Status","Event","Party/Independent Body","Office/Position Title","District Key","VoteFor","Unit Name","Tally","24","075","Queens","IN-PLAY","Primary Election 2020 - 06/23/2020","Democratic","Male District Leader","24A",1,"Mahtab Khan",31
"AD","ED","County","EDAD Status","Event","Party/Independent Body","Office/Position Title","District Key","VoteFor","Unit Name","Tally","24","075","Queens","IN-PLAY","Primary Election 2020 - 06/23/2020","Democratic","Male District Leader","24A",1,"David I. Weprin",23
"AD","ED","County","EDAD Status","Event","Party/Independent Body","Office/Position Title","District Key","VoteFor","Unit Name","Tally","24","076","Queens","IN-PLAY","Primary Election 2020 - 06/23/2020","Democratic","Male District Leader","24A",1,"Public Counter",51
"AD","ED","County","EDAD Status","Event","Party/Independent Body","Office/Position Title","District Key","VoteFor","Unit Name","Tally","24","076","Queens","IN-PLAY","Primary Election 2020 - 06/23/2020","Democratic","Male District Leader","24A",1,"Manually Counted Emergency",0
"AD","ED","County","EDAD Status","Event","Party/Independent Body","Office/Position Title","District Key","VoteFor","Unit Name","Tally","24","076","Queens","IN-PLAY","Primary Election 2020 - 06/23/2020","Democratic","Male District Leader","24A",1,"Absentee / Military",34
"AD","ED","County","EDAD Status","Event","Party/Independent Body","Office/Position Title","District Key","VoteFor","Unit Name","Tally","24","076","Queens","IN-PLAY","Primary Election 2020 - 06/23/2020","Democratic","Male District Leader","24A",1,"Federal",0
"AD","ED","County","EDAD Status","Event","Party/Independent Body","Office/Position Title","District Key","VoteFor","Unit Name","Tally","24","076","Queens","IN-PLAY","Primary Election 2020 - 06/23/2020","Democratic","Male District Leader","24A",1,"Affidavit",0
"AD","ED","County","EDAD Status","Event","Party/Independent Body","Office/Position Title","District Key","VoteFor","Unit Name","Tally","24","076","Queens","IN-PLAY","Primary Election 2020 - 06/23/2020","Democratic","Male District Leader","24A",1,"Mahtab Khan",39
"AD","ED","County","EDAD Status","Event","Party/Independent Body","Office/Position Title","District Key","VoteFor","Unit Name","Tally","24","076","Queens","IN-PLAY","Primary Election 2020 - 06/23/2020","Democratic","Male District Leader","24A",1,"David I. Weprin",42
"AD","ED","County","EDAD Status","Event","Party/Independent Body","Office/Position Title","District Key","VoteFor","Unit Name","Tally","24","077","Queens","IN-PLAY","Primary Election 2020 - 06/23/2020","Democratic","Male District Leader","24A",1,"Public Counter",75
"AD","ED","County","EDAD Status","Event","Party/Independent Body","Office/Position Title","District Key","VoteFor","Unit Name","Tally","24","077","Queens","IN-PLAY","Primary Election 2020 - 06/23/2020","Democratic","Male District Leader","24A",1,"Manually Counted Emergency",0
"AD","ED","County","EDAD Status","Event","Party/Independent Body","Office/Position Title","District Key","VoteFor","Unit Name","Tally","24","077","Queens","IN-PLAY","Primary Election 2020 - 06/23/2020","Democratic","Male District Leader","24A",1,"Absentee / Military",18
"AD","ED","County","EDAD Status","Event","Party/Independent Body","Office/Position Title","District Key","VoteFor","Unit Name","Tally","24","077","Queens","IN-PLAY","Primary Election 2020 - 06/23/2020","Democratic","Male District Leader","24A",1,"Federal",0
"AD","ED","County","EDAD Status","Event","Party/Independent Body","Office/Position Title","District Key","VoteFor","Unit Name","Tally","24","077","Queens","IN-PLAY","Primary Election 2020 - 06/23/2020","Democratic","Male District Leader","24A",1,"Affidavit",1
"AD","ED","County","EDAD Status","Event","Party/Independent Body","Office/Position Title","District Key","VoteFor","Unit Name","Tally","24","077","Queens","IN-PLAY","Primary Election 2020 - 06/23/2020","Democratic","Male District Leader","24A",1,"Mahtab Khan",37
"AD","ED","County","EDAD Status","Event","Party/Independent Body","Office/Position Title","District Key","VoteFor","Unit Name","Tally","24","077","Queens","IN-PLAY","Primary Election 2020 - 06/23/2020","Democratic","Male District Leader","24A",1,"David I. Weprin",47
"AD","ED","County","EDAD Status","Event","Party/Independent Body","Office/Position Title","District Key","VoteFor","Unit Name","Tally","24","078","Queens","IN-PLAY","Primary Election 2020 - 06/23/2020","Democratic","Male District Leader","24A",1,"Public Counter",77
"AD","ED","County","EDAD Status","Event","Party/Independent Body","Office/Position Title","District Key","VoteFor","Unit Name","Tally","24","078","Queens","IN-PLAY","Primary Election 2020 - 06/23/2020","Democratic","Male District Leader","24A",1,"Manually Counted Emergency",0
"AD","ED","County","EDAD Status","Event","Party/Independent Body","Office/Position Title","District Key","VoteFor","Unit Name","Tally","24","078","Queens","IN-PLAY","Primary Election 2020 - 06/23/2020","Democratic","Male District Leader","24A",1,"Absentee / Military",37
"AD","ED","County","EDAD Status","Event","Party/Independent Body","Office/Position Title","District Key","VoteFor","Unit Name","Tally","24","078","Queens","IN-PLAY","Primary Election 2020 - 06/23/2020","Democratic","Male District Leader","24A",1,"Federal",0
"AD","ED","County","EDAD Status","Event","Party/Independent Body","Office/Position Title","District Key","VoteFor","Unit Name","Tally","24","078","Queens","IN-PLAY","Primary Election 2020 - 06/23/2020","Democratic","Male District Leader","24A",1,"Affidavit",4
"AD","ED","County","EDAD Status","Event","Party/Independent Body","Office/Position Title","District Key","VoteFor","Unit Name","Tally","24","078","Queens","IN-PLAY","Primary Election 2020 - 06/23/2020","Democratic","Male District Leader","24A",1,"Mahtab Khan",58
"AD","ED","County","EDAD Status","Event","Party/Independent Body","Office/Position Title","District Key","VoteFor","Unit Name","Tally","24","078","Queens","IN-PLAY","Primary Election 2020 - 06/23/2020","Democratic","Male District Leader","24A",1,"David I. Weprin",47
"AD","ED","County","EDAD Status","Event","Party/Independent Body","Office/Position Title","District Key","VoteFor","Unit Name","Tally","24","079","Queens","IN-PLAY","Primary Election 2020 - 06/23/2020","Democratic","Male District Leader","24A",1,"Public Counter",56
"AD","ED","County","EDAD Status","Event","Party/Independent Body","Office/Position Title","District Key","VoteFor","Unit Name","Tally","24","079","Queens","IN-PLAY","Primary Election 2020 - 06/23/2020","Democratic","Male District Leader","24A",1,"Manually Counted Emergency",0
"AD","ED","County","EDAD Status","Event","Party/Independent Body","Office/Position Title","District Key","VoteFor","Unit Name","Tally","24","079","Queens","IN-PLAY","Primary Election 2020 - 06/23/2020","Democratic","Male District Leader","24A",1,"Absentee / Military",32
"AD","ED","County","EDAD Status","Event","Party/Independent Body","Office/Position Title","District Key","VoteFor","Unit Name","Tally","24","079","Queens","IN-PLAY","Primary Election 2020 - 06/23/2020","Democratic","Male District Leader","24A",1,"Federal",0
"AD","ED","County","EDAD Status","Event","Party/Independent Body","Office/Position Title","District Key","VoteFor","Unit Name","Tally","24","079","Queens","IN-PLAY","Primary Election 2020 - 06/23/2020","Democratic","Male District Leader","24A",1,"Affidavit",1
"AD","ED","County","EDAD Status","Event","Party/Independent Body","Office/Position Title","District Key","VoteFor","Unit Name","Tally","24","079","Queens","IN-PLAY","Primary Election 2020 - 06/23/2020","Democratic","Male District Leader","24A",1,"Mahtab Khan",44
"AD","ED","County","EDAD Status","Event","Party/Independent Body","Office/Position Title","District Key","VoteFor","Unit Name","Tally","24","079","Queens","IN-PLAY","Primary Election 2020 - 06/23/2020","Democratic","Male District Leader","24A",1,"David I. Weprin",33
"AD","ED","County","EDAD Status","Event","Party/Independent Body","Office/Position Title","District Key","VoteFor","Unit Name","Tally","24","085","Queens","IN-PLAY","Primary Election 2020 - 06/23/2020","Democratic","Male District Leader","24A",1,"Public Counter",56
"AD","ED","County","EDAD Status","Event","Party/Independent Body","Office/Position Title","District Key","VoteFor","Unit Name","Tally","24","085","Queens","IN-PLAY","Primary Election 2020 - 06/23/2020","Democratic","Male District Leader","24A",1,"Manually Counted Emergency",0
"AD","ED","County","EDAD Status","Event","Party/Independent Body","Office/Position Title","District Key","VoteFor","Unit Name","Tally","24","085","Queens","IN-PLAY","Primary Election 2020 - 06/23/2020","Democratic","Male District Leader","24A",1,"Absentee / Military",41
"AD","ED","County","EDAD Status","Event","Party/Independent Body","Office/Position Title","District Key","VoteFor","Unit Name","Tally","24","085","Queens","IN-PLAY","Primary Election 2020 - 06/23/2020","Democratic","Male District Leader","24A",1,"Federal",1
"AD","ED","County","EDAD Status","Event","Party/Independent Body","Office/Position Title","District Key","VoteFor","Unit Name","Tally","24","085","Queens","IN-PLAY","Primary Election 2020 - 06/23/2020","Democratic","Male District Leader","24A",1,"Affidavit",4
"AD","ED","County","EDAD Status","Event","Party/Independent Body","Office/Position Title","District Key","VoteFor","Unit Name","Tally","24","085","Queens","IN-PLAY","Primary Election 2020 - 06/23/2020","Democratic","Male District Leader","24A",1,"Mahtab Khan",49
"AD","ED","County","EDAD Status","Event","Party/Independent Body","Office/Position Title","District Key","VoteFor","Unit Name","Tally","24","085","Queens","IN-PLAY","Primary Election 2020 - 06/23/2020","Democratic","Male District Leader","24A",1,"David I. Weprin",43
"AD","ED","County","EDAD Status","Event","Party/Independent Body","Office/Position Title","District Key","VoteFor","Unit Name","Tally","24","086","Queens","IN-PLAY","Primary Election 2020 - 06/23/2020","Democratic","Male District Leader","24A",1,"Public Counter",52
"AD","ED","County","EDAD Status","Event","Party/Independent Body","Office/Position Title","District Key","VoteFor","Unit Name","Tally","24","086","Queens","IN-PLAY","Primary Election 2020 - 06/23/2020","Democratic","Male District Leader","24A",1,"Manually Counted Emergency",0
"AD","ED","County","EDAD Status","Event","Party/Independent Body","Office/Position Title","District Key","VoteFor","Unit Name","Tally","24","086","Queens","IN-PLAY","Primary Election 2020 - 06/23/2020","Democratic","Male District Leader","24A",1,"Absentee / Military",34
"AD","ED","County","EDAD Status","Event","Party/Independent Body","Office/Position Title","District Key","VoteFor","Unit Name","Tally","24","086","Queens","IN-PLAY","Primary Election 2020 - 06/23/2020","Democratic","Male District Leader","24A",1,"Federal",0
"AD","ED","County","EDAD Status","Event","Party/Independent Body","Office/Position Title","District Key","VoteFor","Unit Name","Tally","24","086","Queens","IN-PLAY","Primary Election 2020 - 06/23/2020","Democratic","Male District Leader","24A",1,"Affidavit",0
"AD","ED","County","EDAD Status","Event","Party/Independent Body","Office/Position Title","District Key","VoteFor","Unit Name","Tally","24","086","Queens","IN-PLAY","Primary Election 2020 - 06/23/2020","Democratic","Male District Leader","24A",1,"Mahtab Khan",37
"AD","ED","County","EDAD Status","Event","Party/Independent Body","Office/Position Title","District Key","VoteFor","Unit Name","Tally","24","086","Queens","IN-PLAY","Primary Election 2020 - 06/23/2020","Democratic","Male District Leader","24A",1,"David I. Weprin",33
"AD","ED","County","EDAD Status","Event","Party/Independent Body","Office/Position Title","District Key","VoteFor","Unit Name","Tally","24","086","Queens","IN-PLAY","Primary Election 2020 - 06/23/2020","Democratic","Male District Leader","24A",1,"Scattered",2
"AD","ED","County","EDAD Status","Event","Party/Independent Body","Office/Position Title","District Key","VoteFor","Unit Name","Tally","24","087","Queens","IN-PLAY","Primary Election 2020 - 06/23/2020","Democratic","Male District Leader","24A",1,"Public Counter",43
"AD","ED","County","EDAD Status","Event","Party/Independent Body","Office/Position Title","District Key","VoteFor","Unit Name","Tally","24","087","Queens","IN-PLAY","Primary Election 2020 - 06/23/2020","Democratic","Male District Leader","24A",1,"Manually Counted Emergency",0
"AD","ED","County","EDAD Status","Event","Party/Independent Body","Office/Position Title","District Key","VoteFor","Unit Name","Tally","24","087","Queens","IN-PLAY","Primary Election 2020 - 06/23/2020","Democratic","Male District Leader","24A",1,"Absentee / Military",28
"AD","ED","County","EDAD Status","Event","Party/Independent Body","Office/Position Title","District Key","VoteFor","Unit Name","Tally","24","087","Queens","IN-PLAY","Primary Election 2020 - 06/23/2020","Democratic","Male District Leader","24A",1,"Federal",0
"AD","ED","County","EDAD Status","Event","Party/Independent Body","Office/Position Title","District Key","VoteFor","Unit Name","Tally","24","087","Queens","IN-PLAY","Primary Election 2020 - 06/23/2020","Democratic","Male District Leader","24A",1,"Affidavit",0
"AD","ED","County","EDAD Status","Event","Party/Independent Body","Office/Position Title","District Key","VoteFor","Unit Name","Tally","24","087","Queens","IN-PLAY","Primary Election 2020 - 06/23/2020","Democratic","Male District Leader","24A",1,"Mahtab Khan",29
"AD","ED","County","EDAD Status","Event","Party/Independent Body","Office/Position Title","District Key","VoteFor","Unit Name","Tally","24","087","Queens","IN-PLAY","Primary Election 2020 - 06/23/2020","Democratic","Male District Leader","24A",1,"David I. Weprin",32
"AD","ED","County","EDAD Status","Event","Party/Independent Body","Office/Position Title","District Key","VoteFor","Unit Name","Tally","24","087","Queens","IN-PLAY","Primary Election 2020 - 06/23/2020","Democratic","Male District Leader","24A",1,"Scattered",1
"AD","ED","County","EDAD Status","Event","Party/Independent Body","Office/Position Title","District Key","VoteFor","Unit Name","Tally","24","088","Queens","IN-PLAY","Primary Election 2020 - 06/23/2020","Democratic","Male District Leader","24A",1,"Public Counter",58
"AD","ED","County","EDAD Status","Event","Party/Independent Body","Office/Position Title","District Key","VoteFor","Unit Name","Tally","24","088","Queens","IN-PLAY","Primary Election 2020 - 06/23/2020","Democratic","Male District Leader","24A",1,"Manually Counted Emergency",0
"AD","ED","County","EDAD Status","Event","Party/Independent Body","Office/Position Title","District Key","VoteFor","Unit Name","Tally","24","088","Queens","IN-PLAY","Primary Election 2020 - 06/23/2020","Democratic","Male District Leader","24A",1,"Absentee / Military",16
"AD","ED","County","EDAD Status","Event","Party/Independent Body","Office/Position Title","District Key","VoteFor","Unit Name","Tally","24","088","Queens","IN-PLAY","Primary Election 2020 - 06/23/2020","Democratic","Male District Leader","24A",1,"Federal",0
"AD","ED","County","EDAD Status","Event","Party/Independent Body","Office/Position Title","District Key","VoteFor","Unit Name","Tally","24","088","Queens","IN-PLAY","Primary Election 2020 - 06/23/2020","Democratic","Male District Leader","24A",1,"Affidavit",0
"AD","ED","County","EDAD Status","Event","Party/Independent Body","Office/Position Title","District Key","VoteFor","Unit Name","Tally","24","088","Queens","IN-PLAY","Primary Election 2020 - 06/23/2020","Democratic","Male District Leader","24A",1,"Mahtab Khan",32
"AD","ED","County","EDAD Status","Event","Party/Independent Body","Office/Position Title","District Key","VoteFor","Unit Name","Tally","24","088","Queens","IN-PLAY","Primary Election 2020 - 06/23/2020","Democratic","Male District Leader","24A",1,"David I. Weprin",28
"AD","ED","County","EDAD Status","Event","Party/Independent Body","Office/Position Title","District Key","VoteFor","Unit Name","Tally","24","090","Queens","IN-PLAY","Primary Election 2020 - 06/23/2020","Democratic","Male District Leader","24A",1,"Public Counter",54
"AD","ED","County","EDAD Status","Event","Party/Independent Body","Office/Position Title","District Key","VoteFor","Unit Name","Tally","24","090","Queens","IN-PLAY","Primary Election 2020 - 06/23/2020","Democratic","Male District Leader","24A",1,"Manually Counted Emergency",0
"AD","ED","County","EDAD Status","Event","Party/Independent Body","Office/Position Title","District Key","VoteFor","Unit Name","Tally","24","090","Queens","IN-PLAY","Primary Election 2020 - 06/23/2020","Democratic","Male District Leader","24A",1,"Absentee / Military",33
"AD","ED","County","EDAD Status","Event","Party/Independent Body","Office/Position Title","District Key","VoteFor","Unit Name","Tally","24","090","Queens","IN-PLAY","Primary Election 2020 - 06/23/2020","Democratic","Male District Leader","24A",1,"Federal",0
"AD","ED","County","EDAD Status","Event","Party/Independent Body","Office/Position Title","District Key","VoteFor","Unit Name","Tally","24","090","Queens","IN-PLAY","Primary Election 2020 - 06/23/2020","Democratic","Male District Leader","24A",1,"Affidavit",0
"AD","ED","County","EDAD Status","Event","Party/Independent Body","Office/Position Title","District Key","VoteFor","Unit Name","Tally","24","090","Queens","IN-PLAY","Primary Election 2020 - 06/23/2020","Democratic","Male District Leader","24A",1,"Mahtab Khan",21
"AD","ED","County","EDAD Status","Event","Party/Independent Body","Office/Position Title","District Key","VoteFor","Unit Name","Tally","24","090","Queens","IN-PLAY","Primary Election 2020 - 06/23/2020","Democratic","Male District Leader","24A",1,"David I. Weprin",58
"AD","ED","County","EDAD Status","Event","Party/Independent Body","Office/Position Title","District Key","VoteFor","Unit Name","Tally","24","091","Queens","IN-PLAY","Primary Election 2020 - 06/23/2020","Democratic","Male District Leader","24A",1,"Public Counter",72
"AD","ED","County","EDAD Status","Event","Party/Independent Body","Office/Position Title","District Key","VoteFor","Unit Name","Tally","24","091","Queens","IN-PLAY","Primary Election 2020 - 06/23/2020","Democratic","Male District Leader","24A",1,"Manually Counted Emergency",0
"AD","ED","County","EDAD Status","Event","Party/Independent Body","Office/Position Title","District Key","VoteFor","Unit Name","Tally","24","091","Queens","IN-PLAY","Primary Election 2020 - 06/23/2020","Democratic","Male District Leader","24A",1,"Absentee / Military",51
"AD","ED","County","EDAD Status","Event","Party/Independent Body","Office/Position Title","District Key","VoteFor","Unit Name","Tally","24","091","Queens","IN-PLAY","Primary Election 2020 - 06/23/2020","Democratic","Male District Leader","24A",1,"Federal",0
"AD","ED","County","EDAD Status","Event","Party/Independent Body","Office/Position Title","District Key","VoteFor","Unit Name","Tally","24","091","Queens","IN-PLAY","Primary Election 2020 - 06/23/2020","Democratic","Male District Leader","24A",1,"Affidavit",0
"AD","ED","County","EDAD Status","Event","Party/Independent Body","Office/Position Title","District Key","VoteFor","Unit Name","Tally","24","091","Queens","IN-PLAY","Primary Election 2020 - 06/23/2020","Democratic","Male District Leader","24A",1,"Mahtab Khan",24
"AD","ED","County","EDAD Status","Event","Party/Independent Body","Office/Position Title","District Key","VoteFor","Unit Name","Tally","24","091","Queens","IN-PLAY","Primary Election 2020 - 06/23/2020","Democratic","Male District Leader","24A",1,"David I. Weprin",83
