"AD","ED","County","EDAD Status","Event","Party/Independent Body","Office/Position Title","District Key","VoteFor","Unit Name","Tally","24","001","Queens","IN-PLAY","Primary Election 2020 - 06/23/2020","Democratic","Female District Leader","24B",1,"Public Counter",58
"AD","ED","County","EDAD Status","Event","Party/Independent Body","Office/Position Title","District Key","VoteFor","Unit Name","Tally","24","001","Queens","IN-PLAY","Primary Election 2020 - 06/23/2020","Democratic","Female District Leader","24B",1,"Manually Counted Emergency",0
"AD","ED","County","EDAD Status","Event","Party/Independent Body","Office/Position Title","District Key","VoteFor","Unit Name","Tally","24","001","Queens","IN-PLAY","Primary Election 2020 - 06/23/2020","Democratic","Female District Leader","24B",1,"Absentee / Military",44
"AD","ED","County","EDAD Status","Event","Party/Independent Body","Office/Position Title","District Key","VoteFor","Unit Name","Tally","24","001","Queens","IN-PLAY","Primary Election 2020 - 06/23/2020","Democratic","Female District Leader","24B",1,"Federal",1
"AD","ED","County","EDAD Status","Event","Party/Independent Body","Office/Position Title","District Key","VoteFor","Unit Name","Tally","24","001","Queens","IN-PLAY","Primary Election 2020 - 06/23/2020","Democratic","Female District Leader","24B",1,"Affidavit",1
"AD","ED","County","EDAD Status","Event","Party/Independent Body","Office/Position Title","District Key","VoteFor","Unit Name","Tally","24","001","Queens","IN-PLAY","Primary Election 2020 - 06/23/2020","Democratic","Female District Leader","24B",1,"Susan L. Seinfeld",70
"AD","ED","County","EDAD Status","Event","Party/Independent Body","Office/Position Title","District Key","VoteFor","Unit Name","Tally","24","001","Queens","IN-PLAY","Primary Election 2020 - 06/23/2020","Democratic","Female District Leader","24B",1,"Farzana Chowdhury",14
"AD","ED","County","EDAD Status","Event","Party/Independent Body","Office/Position Title","District Key","VoteFor","Unit Name","Tally","24","002","Queens","IN-PLAY","Primary Election 2020 - 06/23/2020","Democratic","Female District Leader","24B",1,"Public Counter",93
"AD","ED","County","EDAD Status","Event","Party/Independent Body","Office/Position Title","District Key","VoteFor","Unit Name","Tally","24","002","Queens","IN-PLAY","Primary Election 2020 - 06/23/2020","Democratic","Female District Leader","24B",1,"Manually Counted Emergency",0
"AD","ED","County","EDAD Status","Event","Party/Independent Body","Office/Position Title","District Key","VoteFor","Unit Name","Tally","24","002","Queens","IN-PLAY","Primary Election 2020 - 06/23/2020","Democratic","Female District Leader","24B",1,"Absentee / Military",76
"AD","ED","County","EDAD Status","Event","Party/Independent Body","Office/Position Title","District Key","VoteFor","Unit Name","Tally","24","002","Queens","IN-PLAY","Primary Election 2020 - 06/23/2020","Democratic","Female District Leader","24B",1,"Federal",1
"AD","ED","County","EDAD Status","Event","Party/Independent Body","Office/Position Title","District Key","VoteFor","Unit Name","Tally","24","002","Queens","IN-PLAY","Primary Election 2020 - 06/23/2020","Democratic","Female District Leader","24B",1,"Affidavit",0
"AD","ED","County","EDAD Status","Event","Party/Independent Body","Office/Position Title","District Key","VoteFor","Unit Name","Tally","24","002","Queens","IN-PLAY","Primary Election 2020 - 06/23/2020","Democratic","Female District Leader","24B",1,"Susan L. Seinfeld",104
"AD","ED","County","EDAD Status","Event","Party/Independent Body","Office/Position Title","District Key","VoteFor","Unit Name","Tally","24","002","Queens","IN-PLAY","Primary Election 2020 - 06/23/2020","Democratic","Female District Leader","24B",1,"Farzana Chowdhury",51
"AD","ED","County","EDAD Status","Event","Party/Independent Body","Office/Position Title","District Key","VoteFor","Unit Name","Tally","24","003","Queens","IN-PLAY","Primary Election 2020 - 06/23/2020","Democratic","Female District Leader","24B",1,"Public Counter",81
"AD","ED","County","EDAD Status","Event","Party/Independent Body","Office/Position Title","District Key","VoteFor","Unit Name","Tally","24","003","Queens","IN-PLAY","Primary Election 2020 - 06/23/2020","Democratic","Female District Leader","24B",1,"Manually Counted Emergency",0
"AD","ED","County","EDAD Status","Event","Party/Independent Body","Office/Position Title","District Key","VoteFor","Unit Name","Tally","24","003","Queens","IN-PLAY","Primary Election 2020 - 06/23/2020","Democratic","Female District Leader","24B",1,"Absentee / Military",62
"AD","ED","County","EDAD Status","Event","Party/Independent Body","Office/Position Title","District Key","VoteFor","Unit Name","Tally","24","003","Queens","IN-PLAY","Primary Election 2020 - 06/23/2020","Democratic","Female District Leader","24B",1,"Federal",0
"AD","ED","County","EDAD Status","Event","Party/Independent Body","Office/Position Title","District Key","VoteFor","Unit Name","Tally","24","003","Queens","IN-PLAY","Primary Election 2020 - 06/23/2020","Democratic","Female District Leader","24B",1,"Affidavit",1
"AD","ED","County","EDAD Status","Event","Party/Independent Body","Office/Position Title","District Key","VoteFor","Unit Name","Tally","24","003","Queens","IN-PLAY","Primary Election 2020 - 06/23/2020","Democratic","Female District Leader","24B",1,"Susan L. Seinfeld",90
"AD","ED","County","EDAD Status","Event","Party/Independent Body","Office/Position Title","District Key","VoteFor","Unit Name","Tally","24","003","Queens","IN-PLAY","Primary Election 2020 - 06/23/2020","Democratic","Female District Leader","24B",1,"Farzana Chowdhury",35
"AD","ED","County","EDAD Status","Event","Party/Independent Body","Office/Position Title","District Key","VoteFor","Unit Name","Tally","24","004","Queens","IN-PLAY","Primary Election 2020 - 06/23/2020","Democratic","Female District Leader","24B",1,"Public Counter",62
"AD","ED","County","EDAD Status","Event","Party/Independent Body","Office/Position Title","District Key","VoteFor","Unit Name","Tally","24","004","Queens","IN-PLAY","Primary Election 2020 - 06/23/2020","Democratic","Female District Leader","24B",1,"Manually Counted Emergency",0
"AD","ED","County","EDAD Status","Event","Party/Independent Body","Office/Position Title","District Key","VoteFor","Unit Name","Tally","24","004","Queens","IN-PLAY","Primary Election 2020 - 06/23/2020","Democratic","Female District Leader","24B",1,"Absentee / Military",37
"AD","ED","County","EDAD Status","Event","Party/Independent Body","Office/Position Title","District Key","VoteFor","Unit Name","Tally","24","004","Queens","IN-PLAY","Primary Election 2020 - 06/23/2020","Democratic","Female District Leader","24B",1,"Federal",3
"AD","ED","County","EDAD Status","Event","Party/Independent Body","Office/Position Title","District Key","VoteFor","Unit Name","Tally","24","004","Queens","IN-PLAY","Primary Election 2020 - 06/23/2020","Democratic","Female District Leader","24B",1,"Affidavit",1
"AD","ED","County","EDAD Status","Event","Party/Independent Body","Office/Position Title","District Key","VoteFor","Unit Name","Tally","24","004","Queens","IN-PLAY","Primary Election 2020 - 06/23/2020","Democratic","Female District Leader","24B",1,"Susan L. Seinfeld",48
"AD","ED","County","EDAD Status","Event","Party/Independent Body","Office/Position Title","District Key","VoteFor","Unit Name","Tally","24","004","Queens","IN-PLAY","Primary Election 2020 - 06/23/2020","Democratic","Female District Leader","24B",1,"Farzana Chowdhury",30
"AD","ED","County","EDAD Status","Event","Party/Independent Body","Office/Position Title","District Key","VoteFor","Unit Name","Tally","24","005","Queens","IN-PLAY","Primary Election 2020 - 06/23/2020","Democratic","Female District Leader","24B",1,"Public Counter",75
"AD","ED","County","EDAD Status","Event","Party/Independent Body","Office/Position Title","District Key","VoteFor","Unit Name","Tally","24","005","Queens","IN-PLAY","Primary Election 2020 - 06/23/2020","Democratic","Female District Leader","24B",1,"Manually Counted Emergency",0
"AD","ED","County","EDAD Status","Event","Party/Independent Body","Office/Position Title","District Key","VoteFor","Unit Name","Tally","24","005","Queens","IN-PLAY","Primary Election 2020 - 06/23/2020","Democratic","Female District Leader","24B",1,"Absentee / Military",54
"AD","ED","County","EDAD Status","Event","Party/Independent Body","Office/Position Title","District Key","VoteFor","Unit Name","Tally","24","005","Queens","IN-PLAY","Primary Election 2020 - 06/23/2020","Democratic","Female District Leader","24B",1,"Federal",0
"AD","ED","County","EDAD Status","Event","Party/Independent Body","Office/Position Title","District Key","VoteFor","Unit Name","Tally","24","005","Queens","IN-PLAY","Primary Election 2020 - 06/23/2020","Democratic","Female District Leader","24B",1,"Affidavit",1
"AD","ED","County","EDAD Status","Event","Party/Independent Body","Office/Position Title","District Key","VoteFor","Unit Name","Tally","24","005","Queens","IN-PLAY","Primary Election 2020 - 06/23/2020","Democratic","Female District Leader","24B",1,"Susan L. Seinfeld",62
"AD","ED","County","EDAD Status","Event","Party/Independent Body","Office/Position Title","District Key","VoteFor","Unit Name","Tally","24","005","Queens","IN-PLAY","Primary Election 2020 - 06/23/2020","Democratic","Female District Leader","24B",1,"Farzana Chowdhury",60
"AD","ED","County","EDAD Status","Event","Party/Independent Body","Office/Position Title","District Key","VoteFor","Unit Name","Tally","24","006","Queens","IN-PLAY","Primary Election 2020 - 06/23/2020","Democratic","Female District Leader","24B",1,"Public Counter",57
"AD","ED","County","EDAD Status","Event","Party/Independent Body","Office/Position Title","District Key","VoteFor","Unit Name","Tally","24","006","Queens","IN-PLAY","Primary Election 2020 - 06/23/2020","Democratic","Female District Leader","24B",1,"Manually Counted Emergency",0
"AD","ED","County","EDAD Status","Event","Party/Independent Body","Office/Position Title","District Key","VoteFor","Unit Name","Tally","24","006","Queens","IN-PLAY","Primary Election 2020 - 06/23/2020","Democratic","Female District Leader","24B",1,"Absentee / Military",47
"AD","ED","County","EDAD Status","Event","Party/Independent Body","Office/Position Title","District Key","VoteFor","Unit Name","Tally","24","006","Queens","IN-PLAY","Primary Election 2020 - 06/23/2020","Democratic","Female District Leader","24B",1,"Federal",0
"AD","ED","County","EDAD Status","Event","Party/Independent Body","Office/Position Title","District Key","VoteFor","Unit Name","Tally","24","006","Queens","IN-PLAY","Primary Election 2020 - 06/23/2020","Democratic","Female District Leader","24B",1,"Affidavit",0
"AD","ED","County","EDAD Status","Event","Party/Independent Body","Office/Position Title","District Key","VoteFor","Unit Name","Tally","24","006","Queens","IN-PLAY","Primary Election 2020 - 06/23/2020","Democratic","Female District Leader","24B",1,"Susan L. Seinfeld",56
"AD","ED","County","EDAD Status","Event","Party/Independent Body","Office/Position Title","District Key","VoteFor","Unit Name","Tally","24","006","Queens","IN-PLAY","Primary Election 2020 - 06/23/2020","Democratic","Female District Leader","24B",1,"Farzana Chowdhury",43
"AD","ED","County","EDAD Status","Event","Party/Independent Body","Office/Position Title","District Key","VoteFor","Unit Name","Tally","24","007","Queens","IN-PLAY","Primary Election 2020 - 06/23/2020","Democratic","Female District Leader","24B",1,"Public Counter",63
"AD","ED","County","EDAD Status","Event","Party/Independent Body","Office/Position Title","District Key","VoteFor","Unit Name","Tally","24","007","Queens","IN-PLAY","Primary Election 2020 - 06/23/2020","Democratic","Female District Leader","24B",1,"Manually Counted Emergency",0
"AD","ED","County","EDAD Status","Event","Party/Independent Body","Office/Position Title","District Key","VoteFor","Unit Name","Tally","24","007","Queens","IN-PLAY","Primary Election 2020 - 06/23/2020","Democratic","Female District Leader","24B",1,"Absentee / Military",62
"AD","ED","County","EDAD Status","Event","Party/Independent Body","Office/Position Title","District Key","VoteFor","Unit Name","Tally","24","007","Queens","IN-PLAY","Primary Election 2020 - 06/23/2020","Democratic","Female District Leader","24B",1,"Federal",0
"AD","ED","County","EDAD Status","Event","Party/Independent Body","Office/Position Title","District Key","VoteFor","Unit Name","Tally","24","007","Queens","IN-PLAY","Primary Election 2020 - 06/23/2020","Democratic","Female District Leader","24B",1,"Affidavit",4
"AD","ED","County","EDAD Status","Event","Party/Independent Body","Office/Position Title","District Key","VoteFor","Unit Name","Tally","24","007","Queens","IN-PLAY","Primary Election 2020 - 06/23/2020","Democratic","Female District Leader","24B",1,"Susan L. Seinfeld",72
"AD","ED","County","EDAD Status","Event","Party/Independent Body","Office/Position Title","District Key","VoteFor","Unit Name","Tally","24","007","Queens","IN-PLAY","Primary Election 2020 - 06/23/2020","Democratic","Female District Leader","24B",1,"Farzana Chowdhury",44
"AD","ED","County","EDAD Status","Event","Party/Independent Body","Office/Position Title","District Key","VoteFor","Unit Name","Tally","24","008","Queens","IN-PLAY","Primary Election 2020 - 06/23/2020","Democratic","Female District Leader","24B",1,"Public Counter",16
"AD","ED","County","EDAD Status","Event","Party/Independent Body","Office/Position Title","District Key","VoteFor","Unit Name","Tally","24","008","Queens","IN-PLAY","Primary Election 2020 - 06/23/2020","Democratic","Female District Leader","24B",1,"Manually Counted Emergency",0
"AD","ED","County","EDAD Status","Event","Party/Independent Body","Office/Position Title","District Key","VoteFor","Unit Name","Tally","24","008","Queens","IN-PLAY","Primary Election 2020 - 06/23/2020","Democratic","Female District Leader","24B",1,"Absentee / Military",9
"AD","ED","County","EDAD Status","Event","Party/Independent Body","Office/Position Title","District Key","VoteFor","Unit Name","Tally","24","008","Queens","IN-PLAY","Primary Election 2020 - 06/23/2020","Democratic","Female District Leader","24B",1,"Federal",0
"AD","ED","County","EDAD Status","Event","Party/Independent Body","Office/Position Title","District Key","VoteFor","Unit Name","Tally","24","008","Queens","IN-PLAY","Primary Election 2020 - 06/23/2020","Democratic","Female District Leader","24B",1,"Affidavit",6
"AD","ED","County","EDAD Status","Event","Party/Independent Body","Office/Position Title","District Key","VoteFor","Unit Name","Tally","24","008","Queens","IN-PLAY","Primary Election 2020 - 06/23/2020","Democratic","Female District Leader","24B",1,"Susan L. Seinfeld",12
"AD","ED","County","EDAD Status","Event","Party/Independent Body","Office/Position Title","District Key","VoteFor","Unit Name","Tally","24","008","Queens","IN-PLAY","Primary Election 2020 - 06/23/2020","Democratic","Female District Leader","24B",1,"Farzana Chowdhury",10
"AD","ED","County","EDAD Status","Event","Party/Independent Body","Office/Position Title","District Key","VoteFor","Unit Name","Tally","24","009","Queens","IN-PLAY","Primary Election 2020 - 06/23/2020","Democratic","Female District Leader","24B",1,"Public Counter",2
"AD","ED","County","EDAD Status","Event","Party/Independent Body","Office/Position Title","District Key","VoteFor","Unit Name","Tally","24","009","Queens","IN-PLAY","Primary Election 2020 - 06/23/2020","Democratic","Female District Leader","24B",1,"Manually Counted Emergency",0
"AD","ED","County","EDAD Status","Event","Party/Independent Body","Office/Position Title","District Key","VoteFor","Unit Name","Tally","24","009","Queens","IN-PLAY","Primary Election 2020 - 06/23/2020","Democratic","Female District Leader","24B",1,"Absentee / Military",1
"AD","ED","County","EDAD Status","Event","Party/Independent Body","Office/Position Title","District Key","VoteFor","Unit Name","Tally","24","009","Queens","IN-PLAY","Primary Election 2020 - 06/23/2020","Democratic","Female District Leader","24B",1,"Federal",0
"AD","ED","County","EDAD Status","Event","Party/Independent Body","Office/Position Title","District Key","VoteFor","Unit Name","Tally","24","009","Queens","IN-PLAY","Primary Election 2020 - 06/23/2020","Democratic","Female District Leader","24B",1,"Affidavit",0
"AD","ED","County","EDAD Status","Event","Party/Independent Body","Office/Position Title","District Key","VoteFor","Unit Name","Tally","24","009","Queens","IN-PLAY","Primary Election 2020 - 06/23/2020","Democratic","Female District Leader","24B",1,"Susan L. Seinfeld",1
"AD","ED","County","EDAD Status","Event","Party/Independent Body","Office/Position Title","District Key","VoteFor","Unit Name","Tally","24","009","Queens","IN-PLAY","Primary Election 2020 - 06/23/2020","Democratic","Female District Leader","24B",1,"Farzana Chowdhury",0
"AD","ED","County","EDAD Status","Event","Party/Independent Body","Office/Position Title","District Key","VoteFor","Unit Name","Tally","24","010","Queens","IN-PLAY","Primary Election 2020 - 06/23/2020","Democratic","Female District Leader","24B",1,"Public Counter",31
"AD","ED","County","EDAD Status","Event","Party/Independent Body","Office/Position Title","District Key","VoteFor","Unit Name","Tally","24","010","Queens","IN-PLAY","Primary Election 2020 - 06/23/2020","Democratic","Female District Leader","24B",1,"Manually Counted Emergency",0
"AD","ED","County","EDAD Status","Event","Party/Independent Body","Office/Position Title","District Key","VoteFor","Unit Name","Tally","24","010","Queens","IN-PLAY","Primary Election 2020 - 06/23/2020","Democratic","Female District Leader","24B",1,"Absentee / Military",47
"AD","ED","County","EDAD Status","Event","Party/Independent Body","Office/Position Title","District Key","VoteFor","Unit Name","Tally","24","010","Queens","IN-PLAY","Primary Election 2020 - 06/23/2020","Democratic","Female District Leader","24B",1,"Federal",0
"AD","ED","County","EDAD Status","Event","Party/Independent Body","Office/Position Title","District Key","VoteFor","Unit Name","Tally","24","010","Queens","IN-PLAY","Primary Election 2020 - 06/23/2020","Democratic","Female District Leader","24B",1,"Affidavit",11
"AD","ED","County","EDAD Status","Event","Party/Independent Body","Office/Position Title","District Key","VoteFor","Unit Name","Tally","24","010","Queens","IN-PLAY","Primary Election 2020 - 06/23/2020","Democratic","Female District Leader","24B",1,"Susan L. Seinfeld",29
"AD","ED","County","EDAD Status","Event","Party/Independent Body","Office/Position Title","District Key","VoteFor","Unit Name","Tally","24","010","Queens","IN-PLAY","Primary Election 2020 - 06/23/2020","Democratic","Female District Leader","24B",1,"Farzana Chowdhury",42
"AD","ED","County","EDAD Status","Event","Party/Independent Body","Office/Position Title","District Key","VoteFor","Unit Name","Tally","24","011","Queens","IN-PLAY","Primary Election 2020 - 06/23/2020","Democratic","Female District Leader","24B",1,"Public Counter",57
"AD","ED","County","EDAD Status","Event","Party/Independent Body","Office/Position Title","District Key","VoteFor","Unit Name","Tally","24","011","Queens","IN-PLAY","Primary Election 2020 - 06/23/2020","Democratic","Female District Leader","24B",1,"Manually Counted Emergency",0
"AD","ED","County","EDAD Status","Event","Party/Independent Body","Office/Position Title","District Key","VoteFor","Unit Name","Tally","24","011","Queens","IN-PLAY","Primary Election 2020 - 06/23/2020","Democratic","Female District Leader","24B",1,"Absentee / Military",39
"AD","ED","County","EDAD Status","Event","Party/Independent Body","Office/Position Title","District Key","VoteFor","Unit Name","Tally","24","011","Queens","IN-PLAY","Primary Election 2020 - 06/23/2020","Democratic","Female District Leader","24B",1,"Federal",0
"AD","ED","County","EDAD Status","Event","Party/Independent Body","Office/Position Title","District Key","VoteFor","Unit Name","Tally","24","011","Queens","IN-PLAY","Primary Election 2020 - 06/23/2020","Democratic","Female District Leader","24B",1,"Affidavit",2
"AD","ED","County","EDAD Status","Event","Party/Independent Body","Office/Position Title","District Key","VoteFor","Unit Name","Tally","24","011","Queens","IN-PLAY","Primary Election 2020 - 06/23/2020","Democratic","Female District Leader","24B",1,"Susan L. Seinfeld",30
"AD","ED","County","EDAD Status","Event","Party/Independent Body","Office/Position Title","District Key","VoteFor","Unit Name","Tally","24","011","Queens","IN-PLAY","Primary Election 2020 - 06/23/2020","Democratic","Female District Leader","24B",1,"Farzana Chowdhury",49
"AD","ED","County","EDAD Status","Event","Party/Independent Body","Office/Position Title","District Key","VoteFor","Unit Name","Tally","24","012","Queens","COMBINED INTO 010/24","Primary Election 2020 - 06/23/2020","Democratic","Female District Leader","24B",1,"Public Counter",0
"AD","ED","County","EDAD Status","Event","Party/Independent Body","Office/Position Title","District Key","VoteFor","Unit Name","Tally","24","012","Queens","COMBINED INTO 010/24","Primary Election 2020 - 06/23/2020","Democratic","Female District Leader","24B",1,"Manually Counted Emergency",0
"AD","ED","County","EDAD Status","Event","Party/Independent Body","Office/Position Title","District Key","VoteFor","Unit Name","Tally","24","012","Queens","COMBINED INTO 010/24","Primary Election 2020 - 06/23/2020","Democratic","Female District Leader","24B",1,"Absentee / Military",0
"AD","ED","County","EDAD Status","Event","Party/Independent Body","Office/Position Title","District Key","VoteFor","Unit Name","Tally","24","012","Queens","COMBINED INTO 010/24","Primary Election 2020 - 06/23/2020","Democratic","Female District Leader","24B",1,"Federal",0
"AD","ED","County","EDAD Status","Event","Party/Independent Body","Office/Position Title","District Key","VoteFor","Unit Name","Tally","24","012","Queens","COMBINED INTO 010/24","Primary Election 2020 - 06/23/2020","Democratic","Female District Leader","24B",1,"Affidavit",0
"AD","ED","County","EDAD Status","Event","Party/Independent Body","Office/Position Title","District Key","VoteFor","Unit Name","Tally","24","014","Queens","IN-PLAY","Primary Election 2020 - 06/23/2020","Democratic","Female District Leader","24B",1,"Public Counter",72
"AD","ED","County","EDAD Status","Event","Party/Independent Body","Office/Position Title","District Key","VoteFor","Unit Name","Tally","24","014","Queens","IN-PLAY","Primary Election 2020 - 06/23/2020","Democratic","Female District Leader","24B",1,"Manually Counted Emergency",0
"AD","ED","County","EDAD Status","Event","Party/Independent Body","Office/Position Title","District Key","VoteFor","Unit Name","Tally","24","014","Queens","IN-PLAY","Primary Election 2020 - 06/23/2020","Democratic","Female District Leader","24B",1,"Absentee / Military",35
"AD","ED","County","EDAD Status","Event","Party/Independent Body","Office/Position Title","District Key","VoteFor","Unit Name","Tally","24","014","Queens","IN-PLAY","Primary Election 2020 - 06/23/2020","Democratic","Female District Leader","24B",1,"Federal",0
"AD","ED","County","EDAD Status","Event","Party/Independent Body","Office/Position Title","District Key","VoteFor","Unit Name","Tally","24","014","Queens","IN-PLAY","Primary Election 2020 - 06/23/2020","Democratic","Female District Leader","24B",1,"Affidavit",1
"AD","ED","County","EDAD Status","Event","Party/Independent Body","Office/Position Title","District Key","VoteFor","Unit Name","Tally","24","014","Queens","IN-PLAY","Primary Election 2020 - 06/23/2020","Democratic","Female District Leader","24B",1,"Susan L. Seinfeld",58
"AD","ED","County","EDAD Status","Event","Party/Independent Body","Office/Position Title","District Key","VoteFor","Unit Name","Tally","24","014","Queens","IN-PLAY","Primary Election 2020 - 06/23/2020","Democratic","Female District Leader","24B",1,"Farzana Chowdhury",30
"AD","ED","County","EDAD Status","Event","Party/Independent Body","Office/Position Title","District Key","VoteFor","Unit Name","Tally","24","014","Queens","IN-PLAY","Primary Election 2020 - 06/23/2020","Democratic","Female District Leader","24B",1,"Scattered",1
"AD","ED","County","EDAD Status","Event","Party/Independent Body","Office/Position Title","District Key","VoteFor","Unit Name","Tally","24","015","Queens","IN-PLAY","Primary Election 2020 - 06/23/2020","Democratic","Female District Leader","24B",1,"Public Counter",52
"AD","ED","County","EDAD Status","Event","Party/Independent Body","Office/Position Title","District Key","VoteFor","Unit Name","Tally","24","015","Queens","IN-PLAY","Primary Election 2020 - 06/23/2020","Democratic","Female District Leader","24B",1,"Manually Counted Emergency",0
"AD","ED","County","EDAD Status","Event","Party/Independent Body","Office/Position Title","District Key","VoteFor","Unit Name","Tally","24","015","Queens","IN-PLAY","Primary Election 2020 - 06/23/2020","Democratic","Female District Leader","24B",1,"Absentee / Military",44
"AD","ED","County","EDAD Status","Event","Party/Independent Body","Office/Position Title","District Key","VoteFor","Unit Name","Tally","24","015","Queens","IN-PLAY","Primary Election 2020 - 06/23/2020","Democratic","Female District Leader","24B",1,"Federal",0
"AD","ED","County","EDAD Status","Event","Party/Independent Body","Office/Position Title","District Key","VoteFor","Unit Name","Tally","24","015","Queens","IN-PLAY","Primary Election 2020 - 06/23/2020","Democratic","Female District Leader","24B",1,"Affidavit",1
"AD","ED","County","EDAD Status","Event","Party/Independent Body","Office/Position Title","District Key","VoteFor","Unit Name","Tally","24","015","Queens","IN-PLAY","Primary Election 2020 - 06/23/2020","Democratic","Female District Leader","24B",1,"Susan L. Seinfeld",55
"AD","ED","County","EDAD Status","Event","Party/Independent Body","Office/Position Title","District Key","VoteFor","Unit Name","Tally","24","015","Queens","IN-PLAY","Primary Election 2020 - 06/23/2020","Democratic","Female District Leader","24B",1,"Farzana Chowdhury",27
"AD","ED","County","EDAD Status","Event","Party/Independent Body","Office/Position Title","District Key","VoteFor","Unit Name","Tally","24","016","Queens","IN-PLAY","Primary Election 2020 - 06/23/2020","Democratic","Female District Leader","24B",1,"Public Counter",29
"AD","ED","County","EDAD Status","Event","Party/Independent Body","Office/Position Title","District Key","VoteFor","Unit Name","Tally","24","016","Queens","IN-PLAY","Primary Election 2020 - 06/23/2020","Democratic","Female District Leader","24B",1,"Manually Counted Emergency",0
"AD","ED","County","EDAD Status","Event","Party/Independent Body","Office/Position Title","District Key","VoteFor","Unit Name","Tally","24","016","Queens","IN-PLAY","Primary Election 2020 - 06/23/2020","Democratic","Female District Leader","24B",1,"Absentee / Military",50
"AD","ED","County","EDAD Status","Event","Party/Independent Body","Office/Position Title","District Key","VoteFor","Unit Name","Tally","24","016","Queens","IN-PLAY","Primary Election 2020 - 06/23/2020","Democratic","Female District Leader","24B",1,"Federal",0
"AD","ED","County","EDAD Status","Event","Party/Independent Body","Office/Position Title","District Key","VoteFor","Unit Name","Tally","24","016","Queens","IN-PLAY","Primary Election 2020 - 06/23/2020","Democratic","Female District Leader","24B",1,"Affidavit",0
"AD","ED","County","EDAD Status","Event","Party/Independent Body","Office/Position Title","District Key","VoteFor","Unit Name","Tally","24","016","Queens","IN-PLAY","Primary Election 2020 - 06/23/2020","Democratic","Female District Leader","24B",1,"Susan L. Seinfeld",42
"AD","ED","County","EDAD Status","Event","Party/Independent Body","Office/Position Title","District Key","VoteFor","Unit Name","Tally","24","016","Queens","IN-PLAY","Primary Election 2020 - 06/23/2020","Democratic","Female District Leader","24B",1,"Farzana Chowdhury",25
"AD","ED","County","EDAD Status","Event","Party/Independent Body","Office/Position Title","District Key","VoteFor","Unit Name","Tally","24","017","Queens","IN-PLAY","Primary Election 2020 - 06/23/2020","Democratic","Female District Leader","24B",1,"Public Counter",68
"AD","ED","County","EDAD Status","Event","Party/Independent Body","Office/Position Title","District Key","VoteFor","Unit Name","Tally","24","017","Queens","IN-PLAY","Primary Election 2020 - 06/23/2020","Democratic","Female District Leader","24B",1,"Manually Counted Emergency",0
"AD","ED","County","EDAD Status","Event","Party/Independent Body","Office/Position Title","District Key","VoteFor","Unit Name","Tally","24","017","Queens","IN-PLAY","Primary Election 2020 - 06/23/2020","Democratic","Female District Leader","24B",1,"Absentee / Military",96
"AD","ED","County","EDAD Status","Event","Party/Independent Body","Office/Position Title","District Key","VoteFor","Unit Name","Tally","24","017","Queens","IN-PLAY","Primary Election 2020 - 06/23/2020","Democratic","Female District Leader","24B",1,"Federal",0
"AD","ED","County","EDAD Status","Event","Party/Independent Body","Office/Position Title","District Key","VoteFor","Unit Name","Tally","24","017","Queens","IN-PLAY","Primary Election 2020 - 06/23/2020","Democratic","Female District Leader","24B",1,"Affidavit",0
"AD","ED","County","EDAD Status","Event","Party/Independent Body","Office/Position Title","District Key","VoteFor","Unit Name","Tally","24","017","Queens","IN-PLAY","Primary Election 2020 - 06/23/2020","Democratic","Female District Leader","24B",1,"Susan L. Seinfeld",99
"AD","ED","County","EDAD Status","Event","Party/Independent Body","Office/Position Title","District Key","VoteFor","Unit Name","Tally","24","017","Queens","IN-PLAY","Primary Election 2020 - 06/23/2020","Democratic","Female District Leader","24B",1,"Farzana Chowdhury",32
"AD","ED","County","EDAD Status","Event","Party/Independent Body","Office/Position Title","District Key","VoteFor","Unit Name","Tally","24","018","Queens","IN-PLAY","Primary Election 2020 - 06/23/2020","Democratic","Female District Leader","24B",1,"Public Counter",68
"AD","ED","County","EDAD Status","Event","Party/Independent Body","Office/Position Title","District Key","VoteFor","Unit Name","Tally","24","018","Queens","IN-PLAY","Primary Election 2020 - 06/23/2020","Democratic","Female District Leader","24B",1,"Manually Counted Emergency",0
"AD","ED","County","EDAD Status","Event","Party/Independent Body","Office/Position Title","District Key","VoteFor","Unit Name","Tally","24","018","Queens","IN-PLAY","Primary Election 2020 - 06/23/2020","Democratic","Female District Leader","24B",1,"Absentee / Military",66
"AD","ED","County","EDAD Status","Event","Party/Independent Body","Office/Position Title","District Key","VoteFor","Unit Name","Tally","24","018","Queens","IN-PLAY","Primary Election 2020 - 06/23/2020","Democratic","Female District Leader","24B",1,"Federal",0
"AD","ED","County","EDAD Status","Event","Party/Independent Body","Office/Position Title","District Key","VoteFor","Unit Name","Tally","24","018","Queens","IN-PLAY","Primary Election 2020 - 06/23/2020","Democratic","Female District Leader","24B",1,"Affidavit",0
"AD","ED","County","EDAD Status","Event","Party/Independent Body","Office/Position Title","District Key","VoteFor","Unit Name","Tally","24","018","Queens","IN-PLAY","Primary Election 2020 - 06/23/2020","Democratic","Female District Leader","24B",1,"Susan L. Seinfeld",95
"AD","ED","County","EDAD Status","Event","Party/Independent Body","Office/Position Title","District Key","VoteFor","Unit Name","Tally","24","018","Queens","IN-PLAY","Primary Election 2020 - 06/23/2020","Democratic","Female District Leader","24B",1,"Farzana Chowdhury",25
"AD","ED","County","EDAD Status","Event","Party/Independent Body","Office/Position Title","District Key","VoteFor","Unit Name","Tally","24","019","Queens","IN-PLAY","Primary Election 2020 - 06/23/2020","Democratic","Female District Leader","24B",1,"Public Counter",73
"AD","ED","County","EDAD Status","Event","Party/Independent Body","Office/Position Title","District Key","VoteFor","Unit Name","Tally","24","019","Queens","IN-PLAY","Primary Election 2020 - 06/23/2020","Democratic","Female District Leader","24B",1,"Manually Counted Emergency",0
"AD","ED","County","EDAD Status","Event","Party/Independent Body","Office/Position Title","District Key","VoteFor","Unit Name","Tally","24","019","Queens","IN-PLAY","Primary Election 2020 - 06/23/2020","Democratic","Female District Leader","24B",1,"Absentee / Military",77
"AD","ED","County","EDAD Status","Event","Party/Independent Body","Office/Position Title","District Key","VoteFor","Unit Name","Tally","24","019","Queens","IN-PLAY","Primary Election 2020 - 06/23/2020","Democratic","Female District Leader","24B",1,"Federal",0
"AD","ED","County","EDAD Status","Event","Party/Independent Body","Office/Position Title","District Key","VoteFor","Unit Name","Tally","24","019","Queens","IN-PLAY","Primary Election 2020 - 06/23/2020","Democratic","Female District Leader","24B",1,"Affidavit",0
"AD","ED","County","EDAD Status","Event","Party/Independent Body","Office/Position Title","District Key","VoteFor","Unit Name","Tally","24","019","Queens","IN-PLAY","Primary Election 2020 - 06/23/2020","Democratic","Female District Leader","24B",1,"Susan L. Seinfeld",102
"AD","ED","County","EDAD Status","Event","Party/Independent Body","Office/Position Title","District Key","VoteFor","Unit Name","Tally","24","019","Queens","IN-PLAY","Primary Election 2020 - 06/23/2020","Democratic","Female District Leader","24B",1,"Farzana Chowdhury",33
"AD","ED","County","EDAD Status","Event","Party/Independent Body","Office/Position Title","District Key","VoteFor","Unit Name","Tally","24","020","Queens","IN-PLAY","Primary Election 2020 - 06/23/2020","Democratic","Female District Leader","24B",1,"Public Counter",83
"AD","ED","County","EDAD Status","Event","Party/Independent Body","Office/Position Title","District Key","VoteFor","Unit Name","Tally","24","020","Queens","IN-PLAY","Primary Election 2020 - 06/23/2020","Democratic","Female District Leader","24B",1,"Manually Counted Emergency",0
"AD","ED","County","EDAD Status","Event","Party/Independent Body","Office/Position Title","District Key","VoteFor","Unit Name","Tally","24","020","Queens","IN-PLAY","Primary Election 2020 - 06/23/2020","Democratic","Female District Leader","24B",1,"Absentee / Military",107
"AD","ED","County","EDAD Status","Event","Party/Independent Body","Office/Position Title","District Key","VoteFor","Unit Name","Tally","24","020","Queens","IN-PLAY","Primary Election 2020 - 06/23/2020","Democratic","Female District Leader","24B",1,"Federal",0
"AD","ED","County","EDAD Status","Event","Party/Independent Body","Office/Position Title","District Key","VoteFor","Unit Name","Tally","24","020","Queens","IN-PLAY","Primary Election 2020 - 06/23/2020","Democratic","Female District Leader","24B",1,"Affidavit",3
"AD","ED","County","EDAD Status","Event","Party/Independent Body","Office/Position Title","District Key","VoteFor","Unit Name","Tally","24","020","Queens","IN-PLAY","Primary Election 2020 - 06/23/2020","Democratic","Female District Leader","24B",1,"Susan L. Seinfeld",132
"AD","ED","County","EDAD Status","Event","Party/Independent Body","Office/Position Title","District Key","VoteFor","Unit Name","Tally","24","020","Queens","IN-PLAY","Primary Election 2020 - 06/23/2020","Democratic","Female District Leader","24B",1,"Farzana Chowdhury",30
"AD","ED","County","EDAD Status","Event","Party/Independent Body","Office/Position Title","District Key","VoteFor","Unit Name","Tally","24","021","Queens","IN-PLAY","Primary Election 2020 - 06/23/2020","Democratic","Female District Leader","24B",1,"Public Counter",92
"AD","ED","County","EDAD Status","Event","Party/Independent Body","Office/Position Title","District Key","VoteFor","Unit Name","Tally","24","021","Queens","IN-PLAY","Primary Election 2020 - 06/23/2020","Democratic","Female District Leader","24B",1,"Manually Counted Emergency",0
"AD","ED","County","EDAD Status","Event","Party/Independent Body","Office/Position Title","District Key","VoteFor","Unit Name","Tally","24","021","Queens","IN-PLAY","Primary Election 2020 - 06/23/2020","Democratic","Female District Leader","24B",1,"Absentee / Military",101
"AD","ED","County","EDAD Status","Event","Party/Independent Body","Office/Position Title","District Key","VoteFor","Unit Name","Tally","24","021","Queens","IN-PLAY","Primary Election 2020 - 06/23/2020","Democratic","Female District Leader","24B",1,"Federal",1
"AD","ED","County","EDAD Status","Event","Party/Independent Body","Office/Position Title","District Key","VoteFor","Unit Name","Tally","24","021","Queens","IN-PLAY","Primary Election 2020 - 06/23/2020","Democratic","Female District Leader","24B",1,"Affidavit",0
"AD","ED","County","EDAD Status","Event","Party/Independent Body","Office/Position Title","District Key","VoteFor","Unit Name","Tally","24","021","Queens","IN-PLAY","Primary Election 2020 - 06/23/2020","Democratic","Female District Leader","24B",1,"Susan L. Seinfeld",140
"AD","ED","County","EDAD Status","Event","Party/Independent Body","Office/Position Title","District Key","VoteFor","Unit Name","Tally","24","021","Queens","IN-PLAY","Primary Election 2020 - 06/23/2020","Democratic","Female District Leader","24B",1,"Farzana Chowdhury",22
"AD","ED","County","EDAD Status","Event","Party/Independent Body","Office/Position Title","District Key","VoteFor","Unit Name","Tally","24","022","Queens","IN-PLAY","Primary Election 2020 - 06/23/2020","Democratic","Female District Leader","24B",1,"Public Counter",49
"AD","ED","County","EDAD Status","Event","Party/Independent Body","Office/Position Title","District Key","VoteFor","Unit Name","Tally","24","022","Queens","IN-PLAY","Primary Election 2020 - 06/23/2020","Democratic","Female District Leader","24B",1,"Manually Counted Emergency",0
"AD","ED","County","EDAD Status","Event","Party/Independent Body","Office/Position Title","District Key","VoteFor","Unit Name","Tally","24","022","Queens","IN-PLAY","Primary Election 2020 - 06/23/2020","Democratic","Female District Leader","24B",1,"Absentee / Military",89
"AD","ED","County","EDAD Status","Event","Party/Independent Body","Office/Position Title","District Key","VoteFor","Unit Name","Tally","24","022","Queens","IN-PLAY","Primary Election 2020 - 06/23/2020","Democratic","Female District Leader","24B",1,"Federal",1
"AD","ED","County","EDAD Status","Event","Party/Independent Body","Office/Position Title","District Key","VoteFor","Unit Name","Tally","24","022","Queens","IN-PLAY","Primary Election 2020 - 06/23/2020","Democratic","Female District Leader","24B",1,"Affidavit",0
"AD","ED","County","EDAD Status","Event","Party/Independent Body","Office/Position Title","District Key","VoteFor","Unit Name","Tally","24","022","Queens","IN-PLAY","Primary Election 2020 - 06/23/2020","Democratic","Female District Leader","24B",1,"Susan L. Seinfeld",89
"AD","ED","County","EDAD Status","Event","Party/Independent Body","Office/Position Title","District Key","VoteFor","Unit Name","Tally","24","022","Queens","IN-PLAY","Primary Election 2020 - 06/23/2020","Democratic","Female District Leader","24B",1,"Farzana Chowdhury",30
"AD","ED","County","EDAD Status","Event","Party/Independent Body","Office/Position Title","District Key","VoteFor","Unit Name","Tally","24","022","Queens","IN-PLAY","Primary Election 2020 - 06/23/2020","Democratic","Female District Leader","24B",1,"Scattered",1
"AD","ED","County","EDAD Status","Event","Party/Independent Body","Office/Position Title","District Key","VoteFor","Unit Name","Tally","24","023","Queens","COMBINED INTO 018/24","Primary Election 2020 - 06/23/2020","Democratic","Female District Leader","24B",1,"Public Counter",0
"AD","ED","County","EDAD Status","Event","Party/Independent Body","Office/Position Title","District Key","VoteFor","Unit Name","Tally","24","023","Queens","COMBINED INTO 018/24","Primary Election 2020 - 06/23/2020","Democratic","Female District Leader","24B",1,"Manually Counted Emergency",0
"AD","ED","County","EDAD Status","Event","Party/Independent Body","Office/Position Title","District Key","VoteFor","Unit Name","Tally","24","023","Queens","COMBINED INTO 018/24","Primary Election 2020 - 06/23/2020","Democratic","Female District Leader","24B",1,"Absentee / Military",0
"AD","ED","County","EDAD Status","Event","Party/Independent Body","Office/Position Title","District Key","VoteFor","Unit Name","Tally","24","023","Queens","COMBINED INTO 018/24","Primary Election 2020 - 06/23/2020","Democratic","Female District Leader","24B",1,"Federal",0
"AD","ED","County","EDAD Status","Event","Party/Independent Body","Office/Position Title","District Key","VoteFor","Unit Name","Tally","24","023","Queens","COMBINED INTO 018/24","Primary Election 2020 - 06/23/2020","Democratic","Female District Leader","24B",1,"Affidavit",0
"AD","ED","County","EDAD Status","Event","Party/Independent Body","Office/Position Title","District Key","VoteFor","Unit Name","Tally","24","024","Queens","IN-PLAY","Primary Election 2020 - 06/23/2020","Democratic","Female District Leader","24B",1,"Public Counter",79
"AD","ED","County","EDAD Status","Event","Party/Independent Body","Office/Position Title","District Key","VoteFor","Unit Name","Tally","24","024","Queens","IN-PLAY","Primary Election 2020 - 06/23/2020","Democratic","Female District Leader","24B",1,"Manually Counted Emergency",0
"AD","ED","County","EDAD Status","Event","Party/Independent Body","Office/Position Title","District Key","VoteFor","Unit Name","Tally","24","024","Queens","IN-PLAY","Primary Election 2020 - 06/23/2020","Democratic","Female District Leader","24B",1,"Absentee / Military",66
"AD","ED","County","EDAD Status","Event","Party/Independent Body","Office/Position Title","District Key","VoteFor","Unit Name","Tally","24","024","Queens","IN-PLAY","Primary Election 2020 - 06/23/2020","Democratic","Female District Leader","24B",1,"Federal",0
"AD","ED","County","EDAD Status","Event","Party/Independent Body","Office/Position Title","District Key","VoteFor","Unit Name","Tally","24","024","Queens","IN-PLAY","Primary Election 2020 - 06/23/2020","Democratic","Female District Leader","24B",1,"Affidavit",1
"AD","ED","County","EDAD Status","Event","Party/Independent Body","Office/Position Title","District Key","VoteFor","Unit Name","Tally","24","024","Queens","IN-PLAY","Primary Election 2020 - 06/23/2020","Democratic","Female District Leader","24B",1,"Susan L. Seinfeld",95
"AD","ED","County","EDAD Status","Event","Party/Independent Body","Office/Position Title","District Key","VoteFor","Unit Name","Tally","24","024","Queens","IN-PLAY","Primary Election 2020 - 06/23/2020","Democratic","Female District Leader","24B",1,"Farzana Chowdhury",31
"AD","ED","County","EDAD Status","Event","Party/Independent Body","Office/Position Title","District Key","VoteFor","Unit Name","Tally","24","025","Queens","IN-PLAY","Primary Election 2020 - 06/23/2020","Democratic","Female District Leader","24B",1,"Public Counter",49
"AD","ED","County","EDAD Status","Event","Party/Independent Body","Office/Position Title","District Key","VoteFor","Unit Name","Tally","24","025","Queens","IN-PLAY","Primary Election 2020 - 06/23/2020","Democratic","Female District Leader","24B",1,"Manually Counted Emergency",0
"AD","ED","County","EDAD Status","Event","Party/Independent Body","Office/Position Title","District Key","VoteFor","Unit Name","Tally","24","025","Queens","IN-PLAY","Primary Election 2020 - 06/23/2020","Democratic","Female District Leader","24B",1,"Absentee / Military",67
"AD","ED","County","EDAD Status","Event","Party/Independent Body","Office/Position Title","District Key","VoteFor","Unit Name","Tally","24","025","Queens","IN-PLAY","Primary Election 2020 - 06/23/2020","Democratic","Female District Leader","24B",1,"Federal",0
"AD","ED","County","EDAD Status","Event","Party/Independent Body","Office/Position Title","District Key","VoteFor","Unit Name","Tally","24","025","Queens","IN-PLAY","Primary Election 2020 - 06/23/2020","Democratic","Female District Leader","24B",1,"Affidavit",0
"AD","ED","County","EDAD Status","Event","Party/Independent Body","Office/Position Title","District Key","VoteFor","Unit Name","Tally","24","025","Queens","IN-PLAY","Primary Election 2020 - 06/23/2020","Democratic","Female District Leader","24B",1,"Susan L. Seinfeld",71
"AD","ED","County","EDAD Status","Event","Party/Independent Body","Office/Position Title","District Key","VoteFor","Unit Name","Tally","24","025","Queens","IN-PLAY","Primary Election 2020 - 06/23/2020","Democratic","Female District Leader","24B",1,"Farzana Chowdhury",27
"AD","ED","County","EDAD Status","Event","Party/Independent Body","Office/Position Title","District Key","VoteFor","Unit Name","Tally","24","032","Queens","IN-PLAY","Primary Election 2020 - 06/23/2020","Democratic","Female District Leader","24B",1,"Public Counter",39
"AD","ED","County","EDAD Status","Event","Party/Independent Body","Office/Position Title","District Key","VoteFor","Unit Name","Tally","24","032","Queens","IN-PLAY","Primary Election 2020 - 06/23/2020","Democratic","Female District Leader","24B",1,"Manually Counted Emergency",0
"AD","ED","County","EDAD Status","Event","Party/Independent Body","Office/Position Title","District Key","VoteFor","Unit Name","Tally","24","032","Queens","IN-PLAY","Primary Election 2020 - 06/23/2020","Democratic","Female District Leader","24B",1,"Absentee / Military",40
"AD","ED","County","EDAD Status","Event","Party/Independent Body","Office/Position Title","District Key","VoteFor","Unit Name","Tally","24","032","Queens","IN-PLAY","Primary Election 2020 - 06/23/2020","Democratic","Female District Leader","24B",1,"Federal",0
"AD","ED","County","EDAD Status","Event","Party/Independent Body","Office/Position Title","District Key","VoteFor","Unit Name","Tally","24","032","Queens","IN-PLAY","Primary Election 2020 - 06/23/2020","Democratic","Female District Leader","24B",1,"Affidavit",1
"AD","ED","County","EDAD Status","Event","Party/Independent Body","Office/Position Title","District Key","VoteFor","Unit Name","Tally","24","032","Queens","IN-PLAY","Primary Election 2020 - 06/23/2020","Democratic","Female District Leader","24B",1,"Susan L. Seinfeld",55
"AD","ED","County","EDAD Status","Event","Party/Independent Body","Office/Position Title","District Key","VoteFor","Unit Name","Tally","24","032","Queens","IN-PLAY","Primary Election 2020 - 06/23/2020","Democratic","Female District Leader","24B",1,"Farzana Chowdhury",14
"AD","ED","County","EDAD Status","Event","Party/Independent Body","Office/Position Title","District Key","VoteFor","Unit Name","Tally","24","033","Queens","IN-PLAY","Primary Election 2020 - 06/23/2020","Democratic","Female District Leader","24B",1,"Public Counter",61
"AD","ED","County","EDAD Status","Event","Party/Independent Body","Office/Position Title","District Key","VoteFor","Unit Name","Tally","24","033","Queens","IN-PLAY","Primary Election 2020 - 06/23/2020","Democratic","Female District Leader","24B",1,"Manually Counted Emergency",0
"AD","ED","County","EDAD Status","Event","Party/Independent Body","Office/Position Title","District Key","VoteFor","Unit Name","Tally","24","033","Queens","IN-PLAY","Primary Election 2020 - 06/23/2020","Democratic","Female District Leader","24B",1,"Absentee / Military",61
"AD","ED","County","EDAD Status","Event","Party/Independent Body","Office/Position Title","District Key","VoteFor","Unit Name","Tally","24","033","Queens","IN-PLAY","Primary Election 2020 - 06/23/2020","Democratic","Female District Leader","24B",1,"Federal",1
"AD","ED","County","EDAD Status","Event","Party/Independent Body","Office/Position Title","District Key","VoteFor","Unit Name","Tally","24","033","Queens","IN-PLAY","Primary Election 2020 - 06/23/2020","Democratic","Female District Leader","24B",1,"Affidavit",0
"AD","ED","County","EDAD Status","Event","Party/Independent Body","Office/Position Title","District Key","VoteFor","Unit Name","Tally","24","033","Queens","IN-PLAY","Primary Election 2020 - 06/23/2020","Democratic","Female District Leader","24B",1,"Susan L. Seinfeld",79
"AD","ED","County","EDAD Status","Event","Party/Independent Body","Office/Position Title","District Key","VoteFor","Unit Name","Tally","24","033","Queens","IN-PLAY","Primary Election 2020 - 06/23/2020","Democratic","Female District Leader","24B",1,"Farzana Chowdhury",20
"AD","ED","County","EDAD Status","Event","Party/Independent Body","Office/Position Title","District Key","VoteFor","Unit Name","Tally","24","033","Queens","IN-PLAY","Primary Election 2020 - 06/23/2020","Democratic","Female District Leader","24B",1,"Scattered",1
"AD","ED","County","EDAD Status","Event","Party/Independent Body","Office/Position Title","District Key","VoteFor","Unit Name","Tally","24","039","Queens","IN-PLAY","Primary Election 2020 - 06/23/2020","Democratic","Female District Leader","24B",1,"Public Counter",9
"AD","ED","County","EDAD Status","Event","Party/Independent Body","Office/Position Title","District Key","VoteFor","Unit Name","Tally","24","039","Queens","IN-PLAY","Primary Election 2020 - 06/23/2020","Democratic","Female District Leader","24B",1,"Manually Counted Emergency",0
"AD","ED","County","EDAD Status","Event","Party/Independent Body","Office/Position Title","District Key","VoteFor","Unit Name","Tally","24","039","Queens","IN-PLAY","Primary Election 2020 - 06/23/2020","Democratic","Female District Leader","24B",1,"Absentee / Military",5
"AD","ED","County","EDAD Status","Event","Party/Independent Body","Office/Position Title","District Key","VoteFor","Unit Name","Tally","24","039","Queens","IN-PLAY","Primary Election 2020 - 06/23/2020","Democratic","Female District Leader","24B",1,"Federal",0
"AD","ED","County","EDAD Status","Event","Party/Independent Body","Office/Position Title","District Key","VoteFor","Unit Name","Tally","24","039","Queens","IN-PLAY","Primary Election 2020 - 06/23/2020","Democratic","Female District Leader","24B",1,"Affidavit",0
"AD","ED","County","EDAD Status","Event","Party/Independent Body","Office/Position Title","District Key","VoteFor","Unit Name","Tally","24","039","Queens","IN-PLAY","Primary Election 2020 - 06/23/2020","Democratic","Female District Leader","24B",1,"Susan L. Seinfeld",8
"AD","ED","County","EDAD Status","Event","Party/Independent Body","Office/Position Title","District Key","VoteFor","Unit Name","Tally","24","039","Queens","IN-PLAY","Primary Election 2020 - 06/23/2020","Democratic","Female District Leader","24B",1,"Farzana Chowdhury",5
"AD","ED","County","EDAD Status","Event","Party/Independent Body","Office/Position Title","District Key","VoteFor","Unit Name","Tally","24","041","Queens","IN-PLAY","Primary Election 2020 - 06/23/2020","Democratic","Female District Leader","24B",1,"Public Counter",12
"AD","ED","County","EDAD Status","Event","Party/Independent Body","Office/Position Title","District Key","VoteFor","Unit Name","Tally","24","041","Queens","IN-PLAY","Primary Election 2020 - 06/23/2020","Democratic","Female District Leader","24B",1,"Manually Counted Emergency",0
"AD","ED","County","EDAD Status","Event","Party/Independent Body","Office/Position Title","District Key","VoteFor","Unit Name","Tally","24","041","Queens","IN-PLAY","Primary Election 2020 - 06/23/2020","Democratic","Female District Leader","24B",1,"Absentee / Military",25
"AD","ED","County","EDAD Status","Event","Party/Independent Body","Office/Position Title","District Key","VoteFor","Unit Name","Tally","24","041","Queens","IN-PLAY","Primary Election 2020 - 06/23/2020","Democratic","Female District Leader","24B",1,"Federal",1
"AD","ED","County","EDAD Status","Event","Party/Independent Body","Office/Position Title","District Key","VoteFor","Unit Name","Tally","24","041","Queens","IN-PLAY","Primary Election 2020 - 06/23/2020","Democratic","Female District Leader","24B",1,"Affidavit",0
"AD","ED","County","EDAD Status","Event","Party/Independent Body","Office/Position Title","District Key","VoteFor","Unit Name","Tally","24","041","Queens","IN-PLAY","Primary Election 2020 - 06/23/2020","Democratic","Female District Leader","24B",1,"Susan L. Seinfeld",12
"AD","ED","County","EDAD Status","Event","Party/Independent Body","Office/Position Title","District Key","VoteFor","Unit Name","Tally","24","041","Queens","IN-PLAY","Primary Election 2020 - 06/23/2020","Democratic","Female District Leader","24B",1,"Farzana Chowdhury",22
"AD","ED","County","EDAD Status","Event","Party/Independent Body","Office/Position Title","District Key","VoteFor","Unit Name","Tally","24","041","Queens","IN-PLAY","Primary Election 2020 - 06/23/2020","Democratic","Female District Leader","24B",1,"Scattered",1
"AD","ED","County","EDAD Status","Event","Party/Independent Body","Office/Position Title","District Key","VoteFor","Unit Name","Tally","24","042","Queens","IN-PLAY","Primary Election 2020 - 06/23/2020","Democratic","Female District Leader","24B",1,"Public Counter",54
"AD","ED","County","EDAD Status","Event","Party/Independent Body","Office/Position Title","District Key","VoteFor","Unit Name","Tally","24","042","Queens","IN-PLAY","Primary Election 2020 - 06/23/2020","Democratic","Female District Leader","24B",1,"Manually Counted Emergency",0
"AD","ED","County","EDAD Status","Event","Party/Independent Body","Office/Position Title","District Key","VoteFor","Unit Name","Tally","24","042","Queens","IN-PLAY","Primary Election 2020 - 06/23/2020","Democratic","Female District Leader","24B",1,"Absentee / Military",39
"AD","ED","County","EDAD Status","Event","Party/Independent Body","Office/Position Title","District Key","VoteFor","Unit Name","Tally","24","042","Queens","IN-PLAY","Primary Election 2020 - 06/23/2020","Democratic","Female District Leader","24B",1,"Federal",0
"AD","ED","County","EDAD Status","Event","Party/Independent Body","Office/Position Title","District Key","VoteFor","Unit Name","Tally","24","042","Queens","IN-PLAY","Primary Election 2020 - 06/23/2020","Democratic","Female District Leader","24B",1,"Affidavit",0
"AD","ED","County","EDAD Status","Event","Party/Independent Body","Office/Position Title","District Key","VoteFor","Unit Name","Tally","24","042","Queens","IN-PLAY","Primary Election 2020 - 06/23/2020","Democratic","Female District Leader","24B",1,"Susan L. Seinfeld",36
"AD","ED","County","EDAD Status","Event","Party/Independent Body","Office/Position Title","District Key","VoteFor","Unit Name","Tally","24","042","Queens","IN-PLAY","Primary Election 2020 - 06/23/2020","Democratic","Female District Leader","24B",1,"Farzana Chowdhury",48
"AD","ED","County","EDAD Status","Event","Party/Independent Body","Office/Position Title","District Key","VoteFor","Unit Name","Tally","24","042","Queens","IN-PLAY","Primary Election 2020 - 06/23/2020","Democratic","Female District Leader","24B",1,"Scattered",1
"AD","ED","County","EDAD Status","Event","Party/Independent Body","Office/Position Title","District Key","VoteFor","Unit Name","Tally","24","045","Queens","IN-PLAY","Primary Election 2020 - 06/23/2020","Democratic","Female District Leader","24B",1,"Public Counter",55
"AD","ED","County","EDAD Status","Event","Party/Independent Body","Office/Position Title","District Key","VoteFor","Unit Name","Tally","24","045","Queens","IN-PLAY","Primary Election 2020 - 06/23/2020","Democratic","Female District Leader","24B",1,"Manually Counted Emergency",0
"AD","ED","County","EDAD Status","Event","Party/Independent Body","Office/Position Title","District Key","VoteFor","Unit Name","Tally","24","045","Queens","IN-PLAY","Primary Election 2020 - 06/23/2020","Democratic","Female District Leader","24B",1,"Absentee / Military",44
"AD","ED","County","EDAD Status","Event","Party/Independent Body","Office/Position Title","District Key","VoteFor","Unit Name","Tally","24","045","Queens","IN-PLAY","Primary Election 2020 - 06/23/2020","Democratic","Female District Leader","24B",1,"Federal",0
"AD","ED","County","EDAD Status","Event","Party/Independent Body","Office/Position Title","District Key","VoteFor","Unit Name","Tally","24","045","Queens","IN-PLAY","Primary Election 2020 - 06/23/2020","Democratic","Female District Leader","24B",1,"Affidavit",18
"AD","ED","County","EDAD Status","Event","Party/Independent Body","Office/Position Title","District Key","VoteFor","Unit Name","Tally","24","045","Queens","IN-PLAY","Primary Election 2020 - 06/23/2020","Democratic","Female District Leader","24B",1,"Susan L. Seinfeld",46
"AD","ED","County","EDAD Status","Event","Party/Independent Body","Office/Position Title","District Key","VoteFor","Unit Name","Tally","24","045","Queens","IN-PLAY","Primary Election 2020 - 06/23/2020","Democratic","Female District Leader","24B",1,"Farzana Chowdhury",52
"AD","ED","County","EDAD Status","Event","Party/Independent Body","Office/Position Title","District Key","VoteFor","Unit Name","Tally","24","046","Queens","IN-PLAY","Primary Election 2020 - 06/23/2020","Democratic","Female District Leader","24B",1,"Public Counter",97
"AD","ED","County","EDAD Status","Event","Party/Independent Body","Office/Position Title","District Key","VoteFor","Unit Name","Tally","24","046","Queens","IN-PLAY","Primary Election 2020 - 06/23/2020","Democratic","Female District Leader","24B",1,"Manually Counted Emergency",0
"AD","ED","County","EDAD Status","Event","Party/Independent Body","Office/Position Title","District Key","VoteFor","Unit Name","Tally","24","046","Queens","IN-PLAY","Primary Election 2020 - 06/23/2020","Democratic","Female District Leader","24B",1,"Absentee / Military",46
"AD","ED","County","EDAD Status","Event","Party/Independent Body","Office/Position Title","District Key","VoteFor","Unit Name","Tally","24","046","Queens","IN-PLAY","Primary Election 2020 - 06/23/2020","Democratic","Female District Leader","24B",1,"Federal",1
"AD","ED","County","EDAD Status","Event","Party/Independent Body","Office/Position Title","District Key","VoteFor","Unit Name","Tally","24","046","Queens","IN-PLAY","Primary Election 2020 - 06/23/2020","Democratic","Female District Leader","24B",1,"Affidavit",5
"AD","ED","County","EDAD Status","Event","Party/Independent Body","Office/Position Title","District Key","VoteFor","Unit Name","Tally","24","046","Queens","IN-PLAY","Primary Election 2020 - 06/23/2020","Democratic","Female District Leader","24B",1,"Susan L. Seinfeld",72
"AD","ED","County","EDAD Status","Event","Party/Independent Body","Office/Position Title","District Key","VoteFor","Unit Name","Tally","24","046","Queens","IN-PLAY","Primary Election 2020 - 06/23/2020","Democratic","Female District Leader","24B",1,"Farzana Chowdhury",62
"AD","ED","County","EDAD Status","Event","Party/Independent Body","Office/Position Title","District Key","VoteFor","Unit Name","Tally","24","049","Queens","IN-PLAY","Primary Election 2020 - 06/23/2020","Democratic","Female District Leader","24B",1,"Public Counter",132
"AD","ED","County","EDAD Status","Event","Party/Independent Body","Office/Position Title","District Key","VoteFor","Unit Name","Tally","24","049","Queens","IN-PLAY","Primary Election 2020 - 06/23/2020","Democratic","Female District Leader","24B",1,"Manually Counted Emergency",0
"AD","ED","County","EDAD Status","Event","Party/Independent Body","Office/Position Title","District Key","VoteFor","Unit Name","Tally","24","049","Queens","IN-PLAY","Primary Election 2020 - 06/23/2020","Democratic","Female District Leader","24B",1,"Absentee / Military",97
"AD","ED","County","EDAD Status","Event","Party/Independent Body","Office/Position Title","District Key","VoteFor","Unit Name","Tally","24","049","Queens","IN-PLAY","Primary Election 2020 - 06/23/2020","Democratic","Female District Leader","24B",1,"Federal",4
"AD","ED","County","EDAD Status","Event","Party/Independent Body","Office/Position Title","District Key","VoteFor","Unit Name","Tally","24","049","Queens","IN-PLAY","Primary Election 2020 - 06/23/2020","Democratic","Female District Leader","24B",1,"Affidavit",2
"AD","ED","County","EDAD Status","Event","Party/Independent Body","Office/Position Title","District Key","VoteFor","Unit Name","Tally","24","049","Queens","IN-PLAY","Primary Election 2020 - 06/23/2020","Democratic","Female District Leader","24B",1,"Susan L. Seinfeld",122
"AD","ED","County","EDAD Status","Event","Party/Independent Body","Office/Position Title","District Key","VoteFor","Unit Name","Tally","24","049","Queens","IN-PLAY","Primary Election 2020 - 06/23/2020","Democratic","Female District Leader","24B",1,"Farzana Chowdhury",82
"AD","ED","County","EDAD Status","Event","Party/Independent Body","Office/Position Title","District Key","VoteFor","Unit Name","Tally","24","050","Queens","IN-PLAY","Primary Election 2020 - 06/23/2020","Democratic","Female District Leader","24B",1,"Public Counter",51
"AD","ED","County","EDAD Status","Event","Party/Independent Body","Office/Position Title","District Key","VoteFor","Unit Name","Tally","24","050","Queens","IN-PLAY","Primary Election 2020 - 06/23/2020","Democratic","Female District Leader","24B",1,"Manually Counted Emergency",0
"AD","ED","County","EDAD Status","Event","Party/Independent Body","Office/Position Title","District Key","VoteFor","Unit Name","Tally","24","050","Queens","IN-PLAY","Primary Election 2020 - 06/23/2020","Democratic","Female District Leader","24B",1,"Absentee / Military",34
"AD","ED","County","EDAD Status","Event","Party/Independent Body","Office/Position Title","District Key","VoteFor","Unit Name","Tally","24","050","Queens","IN-PLAY","Primary Election 2020 - 06/23/2020","Democratic","Female District Leader","24B",1,"Federal",1
"AD","ED","County","EDAD Status","Event","Party/Independent Body","Office/Position Title","District Key","VoteFor","Unit Name","Tally","24","050","Queens","IN-PLAY","Primary Election 2020 - 06/23/2020","Democratic","Female District Leader","24B",1,"Affidavit",1
"AD","ED","County","EDAD Status","Event","Party/Independent Body","Office/Position Title","District Key","VoteFor","Unit Name","Tally","24","050","Queens","IN-PLAY","Primary Election 2020 - 06/23/2020","Democratic","Female District Leader","24B",1,"Susan L. Seinfeld",46
"AD","ED","County","EDAD Status","Event","Party/Independent Body","Office/Position Title","District Key","VoteFor","Unit Name","Tally","24","050","Queens","IN-PLAY","Primary Election 2020 - 06/23/2020","Democratic","Female District Leader","24B",1,"Farzana Chowdhury",34
"AD","ED","County","EDAD Status","Event","Party/Independent Body","Office/Position Title","District Key","VoteFor","Unit Name","Tally","24","052","Queens","IN-PLAY","Primary Election 2020 - 06/23/2020","Democratic","Female District Leader","24B",1,"Public Counter",61
"AD","ED","County","EDAD Status","Event","Party/Independent Body","Office/Position Title","District Key","VoteFor","Unit Name","Tally","24","052","Queens","IN-PLAY","Primary Election 2020 - 06/23/2020","Democratic","Female District Leader","24B",1,"Manually Counted Emergency",0
"AD","ED","County","EDAD Status","Event","Party/Independent Body","Office/Position Title","District Key","VoteFor","Unit Name","Tally","24","052","Queens","IN-PLAY","Primary Election 2020 - 06/23/2020","Democratic","Female District Leader","24B",1,"Absentee / Military",50
"AD","ED","County","EDAD Status","Event","Party/Independent Body","Office/Position Title","District Key","VoteFor","Unit Name","Tally","24","052","Queens","IN-PLAY","Primary Election 2020 - 06/23/2020","Democratic","Female District Leader","24B",1,"Federal",0
"AD","ED","County","EDAD Status","Event","Party/Independent Body","Office/Position Title","District Key","VoteFor","Unit Name","Tally","24","052","Queens","IN-PLAY","Primary Election 2020 - 06/23/2020","Democratic","Female District Leader","24B",1,"Affidavit",2
"AD","ED","County","EDAD Status","Event","Party/Independent Body","Office/Position Title","District Key","VoteFor","Unit Name","Tally","24","052","Queens","IN-PLAY","Primary Election 2020 - 06/23/2020","Democratic","Female District Leader","24B",1,"Susan L. Seinfeld",36
"AD","ED","County","EDAD Status","Event","Party/Independent Body","Office/Position Title","District Key","VoteFor","Unit Name","Tally","24","052","Queens","IN-PLAY","Primary Election 2020 - 06/23/2020","Democratic","Female District Leader","24B",1,"Farzana Chowdhury",60
"AD","ED","County","EDAD Status","Event","Party/Independent Body","Office/Position Title","District Key","VoteFor","Unit Name","Tally","24","061","Queens","IN-PLAY","Primary Election 2020 - 06/23/2020","Democratic","Female District Leader","24B",1,"Public Counter",54
"AD","ED","County","EDAD Status","Event","Party/Independent Body","Office/Position Title","District Key","VoteFor","Unit Name","Tally","24","061","Queens","IN-PLAY","Primary Election 2020 - 06/23/2020","Democratic","Female District Leader","24B",1,"Manually Counted Emergency",0
"AD","ED","County","EDAD Status","Event","Party/Independent Body","Office/Position Title","District Key","VoteFor","Unit Name","Tally","24","061","Queens","IN-PLAY","Primary Election 2020 - 06/23/2020","Democratic","Female District Leader","24B",1,"Absentee / Military",68
"AD","ED","County","EDAD Status","Event","Party/Independent Body","Office/Position Title","District Key","VoteFor","Unit Name","Tally","24","061","Queens","IN-PLAY","Primary Election 2020 - 06/23/2020","Democratic","Female District Leader","24B",1,"Federal",0
"AD","ED","County","EDAD Status","Event","Party/Independent Body","Office/Position Title","District Key","VoteFor","Unit Name","Tally","24","061","Queens","IN-PLAY","Primary Election 2020 - 06/23/2020","Democratic","Female District Leader","24B",1,"Affidavit",1
"AD","ED","County","EDAD Status","Event","Party/Independent Body","Office/Position Title","District Key","VoteFor","Unit Name","Tally","24","061","Queens","IN-PLAY","Primary Election 2020 - 06/23/2020","Democratic","Female District Leader","24B",1,"Susan L. Seinfeld",55
"AD","ED","County","EDAD Status","Event","Party/Independent Body","Office/Position Title","District Key","VoteFor","Unit Name","Tally","24","061","Queens","IN-PLAY","Primary Election 2020 - 06/23/2020","Democratic","Female District Leader","24B",1,"Farzana Chowdhury",57
"AD","ED","County","EDAD Status","Event","Party/Independent Body","Office/Position Title","District Key","VoteFor","Unit Name","Tally","24","084","Queens","IN-PLAY","Primary Election 2020 - 06/23/2020","Democratic","Female District Leader","24B",1,"Public Counter",72
"AD","ED","County","EDAD Status","Event","Party/Independent Body","Office/Position Title","District Key","VoteFor","Unit Name","Tally","24","084","Queens","IN-PLAY","Primary Election 2020 - 06/23/2020","Democratic","Female District Leader","24B",1,"Manually Counted Emergency",0
"AD","ED","County","EDAD Status","Event","Party/Independent Body","Office/Position Title","District Key","VoteFor","Unit Name","Tally","24","084","Queens","IN-PLAY","Primary Election 2020 - 06/23/2020","Democratic","Female District Leader","24B",1,"Absentee / Military",56
"AD","ED","County","EDAD Status","Event","Party/Independent Body","Office/Position Title","District Key","VoteFor","Unit Name","Tally","24","084","Queens","IN-PLAY","Primary Election 2020 - 06/23/2020","Democratic","Female District Leader","24B",1,"Federal",0
"AD","ED","County","EDAD Status","Event","Party/Independent Body","Office/Position Title","District Key","VoteFor","Unit Name","Tally","24","084","Queens","IN-PLAY","Primary Election 2020 - 06/23/2020","Democratic","Female District Leader","24B",1,"Affidavit",0
"AD","ED","County","EDAD Status","Event","Party/Independent Body","Office/Position Title","District Key","VoteFor","Unit Name","Tally","24","084","Queens","IN-PLAY","Primary Election 2020 - 06/23/2020","Democratic","Female District Leader","24B",1,"Susan L. Seinfeld",87
"AD","ED","County","EDAD Status","Event","Party/Independent Body","Office/Position Title","District Key","VoteFor","Unit Name","Tally","24","084","Queens","IN-PLAY","Primary Election 2020 - 06/23/2020","Democratic","Female District Leader","24B",1,"Farzana Chowdhury",25
"AD","ED","County","EDAD Status","Event","Party/Independent Body","Office/Position Title","District Key","VoteFor","Unit Name","Tally","24","089","Queens","IN-PLAY","Primary Election 2020 - 06/23/2020","Democratic","Female District Leader","24B",1,"Public Counter",56
"AD","ED","County","EDAD Status","Event","Party/Independent Body","Office/Position Title","District Key","VoteFor","Unit Name","Tally","24","089","Queens","IN-PLAY","Primary Election 2020 - 06/23/2020","Democratic","Female District Leader","24B",1,"Manually Counted Emergency",0
"AD","ED","County","EDAD Status","Event","Party/Independent Body","Office/Position Title","District Key","VoteFor","Unit Name","Tally","24","089","Queens","IN-PLAY","Primary Election 2020 - 06/23/2020","Democratic","Female District Leader","24B",1,"Absentee / Military",93
"AD","ED","County","EDAD Status","Event","Party/Independent Body","Office/Position Title","District Key","VoteFor","Unit Name","Tally","24","089","Queens","IN-PLAY","Primary Election 2020 - 06/23/2020","Democratic","Female District Leader","24B",1,"Federal",2
"AD","ED","County","EDAD Status","Event","Party/Independent Body","Office/Position Title","District Key","VoteFor","Unit Name","Tally","24","089","Queens","IN-PLAY","Primary Election 2020 - 06/23/2020","Democratic","Female District Leader","24B",1,"Affidavit",0
"AD","ED","County","EDAD Status","Event","Party/Independent Body","Office/Position Title","District Key","VoteFor","Unit Name","Tally","24","089","Queens","IN-PLAY","Primary Election 2020 - 06/23/2020","Democratic","Female District Leader","24B",1,"Susan L. Seinfeld",98
"AD","ED","County","EDAD Status","Event","Party/Independent Body","Office/Position Title","District Key","VoteFor","Unit Name","Tally","24","089","Queens","IN-PLAY","Primary Election 2020 - 06/23/2020","Democratic","Female District Leader","24B",1,"Farzana Chowdhury",31
