"AD","ED","County","EDAD Status","Event","Party/Independent Body","Office/Position Title","District Key","VoteFor","Unit Name","Tally","39","001","Queens","IN-PLAY","Primary Election 2020 - 06/23/2020","Democratic","Male District Leader","39B",1,"Public Counter",95
"AD","ED","County","EDAD Status","Event","Party/Independent Body","Office/Position Title","District Key","VoteFor","Unit Name","Tally","39","001","Queens","IN-PLAY","Primary Election 2020 - 06/23/2020","Democratic","Male District Leader","39B",1,"Manually Counted Emergency",0
"AD","ED","County","EDAD Status","Event","Party/Independent Body","Office/Position Title","District Key","VoteFor","Unit Name","Tally","39","001","Queens","IN-PLAY","Primary Election 2020 - 06/23/2020","Democratic","Male District Leader","39B",1,"Absentee / Military",26
"AD","ED","County","EDAD Status","Event","Party/Independent Body","Office/Position Title","District Key","VoteFor","Unit Name","Tally","39","001","Queens","IN-PLAY","Primary Election 2020 - 06/23/2020","Democratic","Male District Leader","39B",1,"Federal",0
"AD","ED","County","EDAD Status","Event","Party/Independent Body","Office/Position Title","District Key","VoteFor","Unit Name","Tally","39","001","Queens","IN-PLAY","Primary Election 2020 - 06/23/2020","Democratic","Male District Leader","39B",1,"Affidavit",1
"AD","ED","County","EDAD Status","Event","Party/Independent Body","Office/Position Title","District Key","VoteFor","Unit Name","Tally","39","001","Queens","IN-PLAY","Primary Election 2020 - 06/23/2020","Democratic","Male District Leader","39B",1,"William H. Salgado",77
"AD","ED","County","EDAD Status","Event","Party/Independent Body","Office/Position Title","District Key","VoteFor","Unit Name","Tally","39","001","Queens","IN-PLAY","Primary Election 2020 - 06/23/2020","Democratic","Male District Leader","39B",1,"Mohammed S. Saleheen",30
"AD","ED","County","EDAD Status","Event","Party/Independent Body","Office/Position Title","District Key","VoteFor","Unit Name","Tally","39","002","Queens","IN-PLAY","Primary Election 2020 - 06/23/2020","Democratic","Male District Leader","39B",1,"Public Counter",51
"AD","ED","County","EDAD Status","Event","Party/Independent Body","Office/Position Title","District Key","VoteFor","Unit Name","Tally","39","002","Queens","IN-PLAY","Primary Election 2020 - 06/23/2020","Democratic","Male District Leader","39B",1,"Manually Counted Emergency",0
"AD","ED","County","EDAD Status","Event","Party/Independent Body","Office/Position Title","District Key","VoteFor","Unit Name","Tally","39","002","Queens","IN-PLAY","Primary Election 2020 - 06/23/2020","Democratic","Male District Leader","39B",1,"Absentee / Military",25
"AD","ED","County","EDAD Status","Event","Party/Independent Body","Office/Position Title","District Key","VoteFor","Unit Name","Tally","39","002","Queens","IN-PLAY","Primary Election 2020 - 06/23/2020","Democratic","Male District Leader","39B",1,"Federal",0
"AD","ED","County","EDAD Status","Event","Party/Independent Body","Office/Position Title","District Key","VoteFor","Unit Name","Tally","39","002","Queens","IN-PLAY","Primary Election 2020 - 06/23/2020","Democratic","Male District Leader","39B",1,"Affidavit",2
"AD","ED","County","EDAD Status","Event","Party/Independent Body","Office/Position Title","District Key","VoteFor","Unit Name","Tally","39","002","Queens","IN-PLAY","Primary Election 2020 - 06/23/2020","Democratic","Male District Leader","39B",1,"William H. Salgado",47
"AD","ED","County","EDAD Status","Event","Party/Independent Body","Office/Position Title","District Key","VoteFor","Unit Name","Tally","39","002","Queens","IN-PLAY","Primary Election 2020 - 06/23/2020","Democratic","Male District Leader","39B",1,"Mohammed S. Saleheen",19
"AD","ED","County","EDAD Status","Event","Party/Independent Body","Office/Position Title","District Key","VoteFor","Unit Name","Tally","39","003","Queens","IN-PLAY","Primary Election 2020 - 06/23/2020","Democratic","Male District Leader","39B",1,"Public Counter",75
"AD","ED","County","EDAD Status","Event","Party/Independent Body","Office/Position Title","District Key","VoteFor","Unit Name","Tally","39","003","Queens","IN-PLAY","Primary Election 2020 - 06/23/2020","Democratic","Male District Leader","39B",1,"Manually Counted Emergency",0
"AD","ED","County","EDAD Status","Event","Party/Independent Body","Office/Position Title","District Key","VoteFor","Unit Name","Tally","39","003","Queens","IN-PLAY","Primary Election 2020 - 06/23/2020","Democratic","Male District Leader","39B",1,"Absentee / Military",12
"AD","ED","County","EDAD Status","Event","Party/Independent Body","Office/Position Title","District Key","VoteFor","Unit Name","Tally","39","003","Queens","IN-PLAY","Primary Election 2020 - 06/23/2020","Democratic","Male District Leader","39B",1,"Federal",0
"AD","ED","County","EDAD Status","Event","Party/Independent Body","Office/Position Title","District Key","VoteFor","Unit Name","Tally","39","003","Queens","IN-PLAY","Primary Election 2020 - 06/23/2020","Democratic","Male District Leader","39B",1,"Affidavit",0
"AD","ED","County","EDAD Status","Event","Party/Independent Body","Office/Position Title","District Key","VoteFor","Unit Name","Tally","39","003","Queens","IN-PLAY","Primary Election 2020 - 06/23/2020","Democratic","Male District Leader","39B",1,"William H. Salgado",55
"AD","ED","County","EDAD Status","Event","Party/Independent Body","Office/Position Title","District Key","VoteFor","Unit Name","Tally","39","003","Queens","IN-PLAY","Primary Election 2020 - 06/23/2020","Democratic","Male District Leader","39B",1,"Mohammed S. Saleheen",21
"AD","ED","County","EDAD Status","Event","Party/Independent Body","Office/Position Title","District Key","VoteFor","Unit Name","Tally","39","003","Queens","IN-PLAY","Primary Election 2020 - 06/23/2020","Democratic","Male District Leader","39B",1,"Scattered",1
"AD","ED","County","EDAD Status","Event","Party/Independent Body","Office/Position Title","District Key","VoteFor","Unit Name","Tally","39","004","Queens","IN-PLAY","Primary Election 2020 - 06/23/2020","Democratic","Male District Leader","39B",1,"Public Counter",119
"AD","ED","County","EDAD Status","Event","Party/Independent Body","Office/Position Title","District Key","VoteFor","Unit Name","Tally","39","004","Queens","IN-PLAY","Primary Election 2020 - 06/23/2020","Democratic","Male District Leader","39B",1,"Manually Counted Emergency",0
"AD","ED","County","EDAD Status","Event","Party/Independent Body","Office/Position Title","District Key","VoteFor","Unit Name","Tally","39","004","Queens","IN-PLAY","Primary Election 2020 - 06/23/2020","Democratic","Male District Leader","39B",1,"Absentee / Military",14
"AD","ED","County","EDAD Status","Event","Party/Independent Body","Office/Position Title","District Key","VoteFor","Unit Name","Tally","39","004","Queens","IN-PLAY","Primary Election 2020 - 06/23/2020","Democratic","Male District Leader","39B",1,"Federal",0
"AD","ED","County","EDAD Status","Event","Party/Independent Body","Office/Position Title","District Key","VoteFor","Unit Name","Tally","39","004","Queens","IN-PLAY","Primary Election 2020 - 06/23/2020","Democratic","Male District Leader","39B",1,"Affidavit",1
"AD","ED","County","EDAD Status","Event","Party/Independent Body","Office/Position Title","District Key","VoteFor","Unit Name","Tally","39","004","Queens","IN-PLAY","Primary Election 2020 - 06/23/2020","Democratic","Male District Leader","39B",1,"William H. Salgado",71
"AD","ED","County","EDAD Status","Event","Party/Independent Body","Office/Position Title","District Key","VoteFor","Unit Name","Tally","39","004","Queens","IN-PLAY","Primary Election 2020 - 06/23/2020","Democratic","Male District Leader","39B",1,"Mohammed S. Saleheen",34
"AD","ED","County","EDAD Status","Event","Party/Independent Body","Office/Position Title","District Key","VoteFor","Unit Name","Tally","39","004","Queens","IN-PLAY","Primary Election 2020 - 06/23/2020","Democratic","Male District Leader","39B",1,"Scattered",1
"AD","ED","County","EDAD Status","Event","Party/Independent Body","Office/Position Title","District Key","VoteFor","Unit Name","Tally","39","005","Queens","IN-PLAY","Primary Election 2020 - 06/23/2020","Democratic","Male District Leader","39B",1,"Public Counter",121
"AD","ED","County","EDAD Status","Event","Party/Independent Body","Office/Position Title","District Key","VoteFor","Unit Name","Tally","39","005","Queens","IN-PLAY","Primary Election 2020 - 06/23/2020","Democratic","Male District Leader","39B",1,"Manually Counted Emergency",0
"AD","ED","County","EDAD Status","Event","Party/Independent Body","Office/Position Title","District Key","VoteFor","Unit Name","Tally","39","005","Queens","IN-PLAY","Primary Election 2020 - 06/23/2020","Democratic","Male District Leader","39B",1,"Absentee / Military",21
"AD","ED","County","EDAD Status","Event","Party/Independent Body","Office/Position Title","District Key","VoteFor","Unit Name","Tally","39","005","Queens","IN-PLAY","Primary Election 2020 - 06/23/2020","Democratic","Male District Leader","39B",1,"Federal",0
"AD","ED","County","EDAD Status","Event","Party/Independent Body","Office/Position Title","District Key","VoteFor","Unit Name","Tally","39","005","Queens","IN-PLAY","Primary Election 2020 - 06/23/2020","Democratic","Male District Leader","39B",1,"Affidavit",0
"AD","ED","County","EDAD Status","Event","Party/Independent Body","Office/Position Title","District Key","VoteFor","Unit Name","Tally","39","005","Queens","IN-PLAY","Primary Election 2020 - 06/23/2020","Democratic","Male District Leader","39B",1,"William H. Salgado",88
"AD","ED","County","EDAD Status","Event","Party/Independent Body","Office/Position Title","District Key","VoteFor","Unit Name","Tally","39","005","Queens","IN-PLAY","Primary Election 2020 - 06/23/2020","Democratic","Male District Leader","39B",1,"Mohammed S. Saleheen",23
"AD","ED","County","EDAD Status","Event","Party/Independent Body","Office/Position Title","District Key","VoteFor","Unit Name","Tally","39","005","Queens","IN-PLAY","Primary Election 2020 - 06/23/2020","Democratic","Male District Leader","39B",1,"Scattered",1
"AD","ED","County","EDAD Status","Event","Party/Independent Body","Office/Position Title","District Key","VoteFor","Unit Name","Tally","39","006","Queens","IN-PLAY","Primary Election 2020 - 06/23/2020","Democratic","Male District Leader","39B",1,"Public Counter",81
"AD","ED","County","EDAD Status","Event","Party/Independent Body","Office/Position Title","District Key","VoteFor","Unit Name","Tally","39","006","Queens","IN-PLAY","Primary Election 2020 - 06/23/2020","Democratic","Male District Leader","39B",1,"Manually Counted Emergency",0
"AD","ED","County","EDAD Status","Event","Party/Independent Body","Office/Position Title","District Key","VoteFor","Unit Name","Tally","39","006","Queens","IN-PLAY","Primary Election 2020 - 06/23/2020","Democratic","Male District Leader","39B",1,"Absentee / Military",14
"AD","ED","County","EDAD Status","Event","Party/Independent Body","Office/Position Title","District Key","VoteFor","Unit Name","Tally","39","006","Queens","IN-PLAY","Primary Election 2020 - 06/23/2020","Democratic","Male District Leader","39B",1,"Federal",0
"AD","ED","County","EDAD Status","Event","Party/Independent Body","Office/Position Title","District Key","VoteFor","Unit Name","Tally","39","006","Queens","IN-PLAY","Primary Election 2020 - 06/23/2020","Democratic","Male District Leader","39B",1,"Affidavit",2
"AD","ED","County","EDAD Status","Event","Party/Independent Body","Office/Position Title","District Key","VoteFor","Unit Name","Tally","39","006","Queens","IN-PLAY","Primary Election 2020 - 06/23/2020","Democratic","Male District Leader","39B",1,"William H. Salgado",63
"AD","ED","County","EDAD Status","Event","Party/Independent Body","Office/Position Title","District Key","VoteFor","Unit Name","Tally","39","006","Queens","IN-PLAY","Primary Election 2020 - 06/23/2020","Democratic","Male District Leader","39B",1,"Mohammed S. Saleheen",17
"AD","ED","County","EDAD Status","Event","Party/Independent Body","Office/Position Title","District Key","VoteFor","Unit Name","Tally","39","009","Queens","IN-PLAY","Primary Election 2020 - 06/23/2020","Democratic","Male District Leader","39B",1,"Public Counter",122
"AD","ED","County","EDAD Status","Event","Party/Independent Body","Office/Position Title","District Key","VoteFor","Unit Name","Tally","39","009","Queens","IN-PLAY","Primary Election 2020 - 06/23/2020","Democratic","Male District Leader","39B",1,"Manually Counted Emergency",0
"AD","ED","County","EDAD Status","Event","Party/Independent Body","Office/Position Title","District Key","VoteFor","Unit Name","Tally","39","009","Queens","IN-PLAY","Primary Election 2020 - 06/23/2020","Democratic","Male District Leader","39B",1,"Absentee / Military",30
"AD","ED","County","EDAD Status","Event","Party/Independent Body","Office/Position Title","District Key","VoteFor","Unit Name","Tally","39","009","Queens","IN-PLAY","Primary Election 2020 - 06/23/2020","Democratic","Male District Leader","39B",1,"Federal",0
"AD","ED","County","EDAD Status","Event","Party/Independent Body","Office/Position Title","District Key","VoteFor","Unit Name","Tally","39","009","Queens","IN-PLAY","Primary Election 2020 - 06/23/2020","Democratic","Male District Leader","39B",1,"Affidavit",0
"AD","ED","County","EDAD Status","Event","Party/Independent Body","Office/Position Title","District Key","VoteFor","Unit Name","Tally","39","009","Queens","IN-PLAY","Primary Election 2020 - 06/23/2020","Democratic","Male District Leader","39B",1,"William H. Salgado",86
"AD","ED","County","EDAD Status","Event","Party/Independent Body","Office/Position Title","District Key","VoteFor","Unit Name","Tally","39","009","Queens","IN-PLAY","Primary Election 2020 - 06/23/2020","Democratic","Male District Leader","39B",1,"Mohammed S. Saleheen",41
"AD","ED","County","EDAD Status","Event","Party/Independent Body","Office/Position Title","District Key","VoteFor","Unit Name","Tally","39","009","Queens","IN-PLAY","Primary Election 2020 - 06/23/2020","Democratic","Male District Leader","39B",1,"Scattered",1
"AD","ED","County","EDAD Status","Event","Party/Independent Body","Office/Position Title","District Key","VoteFor","Unit Name","Tally","39","012","Queens","IN-PLAY","Primary Election 2020 - 06/23/2020","Democratic","Male District Leader","39B",1,"Public Counter",101
"AD","ED","County","EDAD Status","Event","Party/Independent Body","Office/Position Title","District Key","VoteFor","Unit Name","Tally","39","012","Queens","IN-PLAY","Primary Election 2020 - 06/23/2020","Democratic","Male District Leader","39B",1,"Manually Counted Emergency",0
"AD","ED","County","EDAD Status","Event","Party/Independent Body","Office/Position Title","District Key","VoteFor","Unit Name","Tally","39","012","Queens","IN-PLAY","Primary Election 2020 - 06/23/2020","Democratic","Male District Leader","39B",1,"Absentee / Military",30
"AD","ED","County","EDAD Status","Event","Party/Independent Body","Office/Position Title","District Key","VoteFor","Unit Name","Tally","39","012","Queens","IN-PLAY","Primary Election 2020 - 06/23/2020","Democratic","Male District Leader","39B",1,"Federal",0
"AD","ED","County","EDAD Status","Event","Party/Independent Body","Office/Position Title","District Key","VoteFor","Unit Name","Tally","39","012","Queens","IN-PLAY","Primary Election 2020 - 06/23/2020","Democratic","Male District Leader","39B",1,"Affidavit",3
"AD","ED","County","EDAD Status","Event","Party/Independent Body","Office/Position Title","District Key","VoteFor","Unit Name","Tally","39","012","Queens","IN-PLAY","Primary Election 2020 - 06/23/2020","Democratic","Male District Leader","39B",1,"William H. Salgado",78
"AD","ED","County","EDAD Status","Event","Party/Independent Body","Office/Position Title","District Key","VoteFor","Unit Name","Tally","39","012","Queens","IN-PLAY","Primary Election 2020 - 06/23/2020","Democratic","Male District Leader","39B",1,"Mohammed S. Saleheen",28
"AD","ED","County","EDAD Status","Event","Party/Independent Body","Office/Position Title","District Key","VoteFor","Unit Name","Tally","39","012","Queens","IN-PLAY","Primary Election 2020 - 06/23/2020","Democratic","Male District Leader","39B",1,"Scattered",1
"AD","ED","County","EDAD Status","Event","Party/Independent Body","Office/Position Title","District Key","VoteFor","Unit Name","Tally","39","013","Queens","IN-PLAY","Primary Election 2020 - 06/23/2020","Democratic","Male District Leader","39B",1,"Public Counter",115
"AD","ED","County","EDAD Status","Event","Party/Independent Body","Office/Position Title","District Key","VoteFor","Unit Name","Tally","39","013","Queens","IN-PLAY","Primary Election 2020 - 06/23/2020","Democratic","Male District Leader","39B",1,"Manually Counted Emergency",0
"AD","ED","County","EDAD Status","Event","Party/Independent Body","Office/Position Title","District Key","VoteFor","Unit Name","Tally","39","013","Queens","IN-PLAY","Primary Election 2020 - 06/23/2020","Democratic","Male District Leader","39B",1,"Absentee / Military",40
"AD","ED","County","EDAD Status","Event","Party/Independent Body","Office/Position Title","District Key","VoteFor","Unit Name","Tally","39","013","Queens","IN-PLAY","Primary Election 2020 - 06/23/2020","Democratic","Male District Leader","39B",1,"Federal",3
"AD","ED","County","EDAD Status","Event","Party/Independent Body","Office/Position Title","District Key","VoteFor","Unit Name","Tally","39","013","Queens","IN-PLAY","Primary Election 2020 - 06/23/2020","Democratic","Male District Leader","39B",1,"Affidavit",0
"AD","ED","County","EDAD Status","Event","Party/Independent Body","Office/Position Title","District Key","VoteFor","Unit Name","Tally","39","013","Queens","IN-PLAY","Primary Election 2020 - 06/23/2020","Democratic","Male District Leader","39B",1,"William H. Salgado",78
"AD","ED","County","EDAD Status","Event","Party/Independent Body","Office/Position Title","District Key","VoteFor","Unit Name","Tally","39","013","Queens","IN-PLAY","Primary Election 2020 - 06/23/2020","Democratic","Male District Leader","39B",1,"Mohammed S. Saleheen",51
"AD","ED","County","EDAD Status","Event","Party/Independent Body","Office/Position Title","District Key","VoteFor","Unit Name","Tally","39","014","Queens","IN-PLAY","Primary Election 2020 - 06/23/2020","Democratic","Male District Leader","39B",1,"Public Counter",84
"AD","ED","County","EDAD Status","Event","Party/Independent Body","Office/Position Title","District Key","VoteFor","Unit Name","Tally","39","014","Queens","IN-PLAY","Primary Election 2020 - 06/23/2020","Democratic","Male District Leader","39B",1,"Manually Counted Emergency",0
"AD","ED","County","EDAD Status","Event","Party/Independent Body","Office/Position Title","District Key","VoteFor","Unit Name","Tally","39","014","Queens","IN-PLAY","Primary Election 2020 - 06/23/2020","Democratic","Male District Leader","39B",1,"Absentee / Military",44
"AD","ED","County","EDAD Status","Event","Party/Independent Body","Office/Position Title","District Key","VoteFor","Unit Name","Tally","39","014","Queens","IN-PLAY","Primary Election 2020 - 06/23/2020","Democratic","Male District Leader","39B",1,"Federal",1
"AD","ED","County","EDAD Status","Event","Party/Independent Body","Office/Position Title","District Key","VoteFor","Unit Name","Tally","39","014","Queens","IN-PLAY","Primary Election 2020 - 06/23/2020","Democratic","Male District Leader","39B",1,"Affidavit",2
"AD","ED","County","EDAD Status","Event","Party/Independent Body","Office/Position Title","District Key","VoteFor","Unit Name","Tally","39","014","Queens","IN-PLAY","Primary Election 2020 - 06/23/2020","Democratic","Male District Leader","39B",1,"William H. Salgado",76
"AD","ED","County","EDAD Status","Event","Party/Independent Body","Office/Position Title","District Key","VoteFor","Unit Name","Tally","39","014","Queens","IN-PLAY","Primary Election 2020 - 06/23/2020","Democratic","Male District Leader","39B",1,"Mohammed S. Saleheen",31
"AD","ED","County","EDAD Status","Event","Party/Independent Body","Office/Position Title","District Key","VoteFor","Unit Name","Tally","39","014","Queens","IN-PLAY","Primary Election 2020 - 06/23/2020","Democratic","Male District Leader","39B",1,"Scattered",1
"AD","ED","County","EDAD Status","Event","Party/Independent Body","Office/Position Title","District Key","VoteFor","Unit Name","Tally","39","015","Queens","IN-PLAY","Primary Election 2020 - 06/23/2020","Democratic","Male District Leader","39B",1,"Public Counter",142
"AD","ED","County","EDAD Status","Event","Party/Independent Body","Office/Position Title","District Key","VoteFor","Unit Name","Tally","39","015","Queens","IN-PLAY","Primary Election 2020 - 06/23/2020","Democratic","Male District Leader","39B",1,"Manually Counted Emergency",0
"AD","ED","County","EDAD Status","Event","Party/Independent Body","Office/Position Title","District Key","VoteFor","Unit Name","Tally","39","015","Queens","IN-PLAY","Primary Election 2020 - 06/23/2020","Democratic","Male District Leader","39B",1,"Absentee / Military",60
"AD","ED","County","EDAD Status","Event","Party/Independent Body","Office/Position Title","District Key","VoteFor","Unit Name","Tally","39","015","Queens","IN-PLAY","Primary Election 2020 - 06/23/2020","Democratic","Male District Leader","39B",1,"Federal",0
"AD","ED","County","EDAD Status","Event","Party/Independent Body","Office/Position Title","District Key","VoteFor","Unit Name","Tally","39","015","Queens","IN-PLAY","Primary Election 2020 - 06/23/2020","Democratic","Male District Leader","39B",1,"Affidavit",2
"AD","ED","County","EDAD Status","Event","Party/Independent Body","Office/Position Title","District Key","VoteFor","Unit Name","Tally","39","015","Queens","IN-PLAY","Primary Election 2020 - 06/23/2020","Democratic","Male District Leader","39B",1,"William H. Salgado",124
"AD","ED","County","EDAD Status","Event","Party/Independent Body","Office/Position Title","District Key","VoteFor","Unit Name","Tally","39","015","Queens","IN-PLAY","Primary Election 2020 - 06/23/2020","Democratic","Male District Leader","39B",1,"Mohammed S. Saleheen",41
"AD","ED","County","EDAD Status","Event","Party/Independent Body","Office/Position Title","District Key","VoteFor","Unit Name","Tally","39","016","Queens","IN-PLAY","Primary Election 2020 - 06/23/2020","Democratic","Male District Leader","39B",1,"Public Counter",138
"AD","ED","County","EDAD Status","Event","Party/Independent Body","Office/Position Title","District Key","VoteFor","Unit Name","Tally","39","016","Queens","IN-PLAY","Primary Election 2020 - 06/23/2020","Democratic","Male District Leader","39B",1,"Manually Counted Emergency",0
"AD","ED","County","EDAD Status","Event","Party/Independent Body","Office/Position Title","District Key","VoteFor","Unit Name","Tally","39","016","Queens","IN-PLAY","Primary Election 2020 - 06/23/2020","Democratic","Male District Leader","39B",1,"Absentee / Military",25
"AD","ED","County","EDAD Status","Event","Party/Independent Body","Office/Position Title","District Key","VoteFor","Unit Name","Tally","39","016","Queens","IN-PLAY","Primary Election 2020 - 06/23/2020","Democratic","Male District Leader","39B",1,"Federal",0
"AD","ED","County","EDAD Status","Event","Party/Independent Body","Office/Position Title","District Key","VoteFor","Unit Name","Tally","39","016","Queens","IN-PLAY","Primary Election 2020 - 06/23/2020","Democratic","Male District Leader","39B",1,"Affidavit",8
"AD","ED","County","EDAD Status","Event","Party/Independent Body","Office/Position Title","District Key","VoteFor","Unit Name","Tally","39","016","Queens","IN-PLAY","Primary Election 2020 - 06/23/2020","Democratic","Male District Leader","39B",1,"William H. Salgado",104
"AD","ED","County","EDAD Status","Event","Party/Independent Body","Office/Position Title","District Key","VoteFor","Unit Name","Tally","39","016","Queens","IN-PLAY","Primary Election 2020 - 06/23/2020","Democratic","Male District Leader","39B",1,"Mohammed S. Saleheen",46
"AD","ED","County","EDAD Status","Event","Party/Independent Body","Office/Position Title","District Key","VoteFor","Unit Name","Tally","39","016","Queens","IN-PLAY","Primary Election 2020 - 06/23/2020","Democratic","Male District Leader","39B",1,"Scattered",2
"AD","ED","County","EDAD Status","Event","Party/Independent Body","Office/Position Title","District Key","VoteFor","Unit Name","Tally","39","017","Queens","IN-PLAY","Primary Election 2020 - 06/23/2020","Democratic","Male District Leader","39B",1,"Public Counter",175
"AD","ED","County","EDAD Status","Event","Party/Independent Body","Office/Position Title","District Key","VoteFor","Unit Name","Tally","39","017","Queens","IN-PLAY","Primary Election 2020 - 06/23/2020","Democratic","Male District Leader","39B",1,"Manually Counted Emergency",0
"AD","ED","County","EDAD Status","Event","Party/Independent Body","Office/Position Title","District Key","VoteFor","Unit Name","Tally","39","017","Queens","IN-PLAY","Primary Election 2020 - 06/23/2020","Democratic","Male District Leader","39B",1,"Absentee / Military",43
"AD","ED","County","EDAD Status","Event","Party/Independent Body","Office/Position Title","District Key","VoteFor","Unit Name","Tally","39","017","Queens","IN-PLAY","Primary Election 2020 - 06/23/2020","Democratic","Male District Leader","39B",1,"Federal",0
"AD","ED","County","EDAD Status","Event","Party/Independent Body","Office/Position Title","District Key","VoteFor","Unit Name","Tally","39","017","Queens","IN-PLAY","Primary Election 2020 - 06/23/2020","Democratic","Male District Leader","39B",1,"Affidavit",3
"AD","ED","County","EDAD Status","Event","Party/Independent Body","Office/Position Title","District Key","VoteFor","Unit Name","Tally","39","017","Queens","IN-PLAY","Primary Election 2020 - 06/23/2020","Democratic","Male District Leader","39B",1,"William H. Salgado",127
"AD","ED","County","EDAD Status","Event","Party/Independent Body","Office/Position Title","District Key","VoteFor","Unit Name","Tally","39","017","Queens","IN-PLAY","Primary Election 2020 - 06/23/2020","Democratic","Male District Leader","39B",1,"Mohammed S. Saleheen",65
"AD","ED","County","EDAD Status","Event","Party/Independent Body","Office/Position Title","District Key","VoteFor","Unit Name","Tally","39","018","Queens","IN-PLAY","Primary Election 2020 - 06/23/2020","Democratic","Male District Leader","39B",1,"Public Counter",177
"AD","ED","County","EDAD Status","Event","Party/Independent Body","Office/Position Title","District Key","VoteFor","Unit Name","Tally","39","018","Queens","IN-PLAY","Primary Election 2020 - 06/23/2020","Democratic","Male District Leader","39B",1,"Manually Counted Emergency",0
"AD","ED","County","EDAD Status","Event","Party/Independent Body","Office/Position Title","District Key","VoteFor","Unit Name","Tally","39","018","Queens","IN-PLAY","Primary Election 2020 - 06/23/2020","Democratic","Male District Leader","39B",1,"Absentee / Military",92
"AD","ED","County","EDAD Status","Event","Party/Independent Body","Office/Position Title","District Key","VoteFor","Unit Name","Tally","39","018","Queens","IN-PLAY","Primary Election 2020 - 06/23/2020","Democratic","Male District Leader","39B",1,"Federal",2
"AD","ED","County","EDAD Status","Event","Party/Independent Body","Office/Position Title","District Key","VoteFor","Unit Name","Tally","39","018","Queens","IN-PLAY","Primary Election 2020 - 06/23/2020","Democratic","Male District Leader","39B",1,"Affidavit",1
"AD","ED","County","EDAD Status","Event","Party/Independent Body","Office/Position Title","District Key","VoteFor","Unit Name","Tally","39","018","Queens","IN-PLAY","Primary Election 2020 - 06/23/2020","Democratic","Male District Leader","39B",1,"William H. Salgado",97
"AD","ED","County","EDAD Status","Event","Party/Independent Body","Office/Position Title","District Key","VoteFor","Unit Name","Tally","39","018","Queens","IN-PLAY","Primary Election 2020 - 06/23/2020","Democratic","Male District Leader","39B",1,"Mohammed S. Saleheen",107
"AD","ED","County","EDAD Status","Event","Party/Independent Body","Office/Position Title","District Key","VoteFor","Unit Name","Tally","39","018","Queens","IN-PLAY","Primary Election 2020 - 06/23/2020","Democratic","Male District Leader","39B",1,"Scattered",4
"AD","ED","County","EDAD Status","Event","Party/Independent Body","Office/Position Title","District Key","VoteFor","Unit Name","Tally","39","026","Queens","IN-PLAY","Primary Election 2020 - 06/23/2020","Democratic","Male District Leader","39B",1,"Public Counter",79
"AD","ED","County","EDAD Status","Event","Party/Independent Body","Office/Position Title","District Key","VoteFor","Unit Name","Tally","39","026","Queens","IN-PLAY","Primary Election 2020 - 06/23/2020","Democratic","Male District Leader","39B",1,"Manually Counted Emergency",0
"AD","ED","County","EDAD Status","Event","Party/Independent Body","Office/Position Title","District Key","VoteFor","Unit Name","Tally","39","026","Queens","IN-PLAY","Primary Election 2020 - 06/23/2020","Democratic","Male District Leader","39B",1,"Absentee / Military",29
"AD","ED","County","EDAD Status","Event","Party/Independent Body","Office/Position Title","District Key","VoteFor","Unit Name","Tally","39","026","Queens","IN-PLAY","Primary Election 2020 - 06/23/2020","Democratic","Male District Leader","39B",1,"Federal",0
"AD","ED","County","EDAD Status","Event","Party/Independent Body","Office/Position Title","District Key","VoteFor","Unit Name","Tally","39","026","Queens","IN-PLAY","Primary Election 2020 - 06/23/2020","Democratic","Male District Leader","39B",1,"Affidavit",1
"AD","ED","County","EDAD Status","Event","Party/Independent Body","Office/Position Title","District Key","VoteFor","Unit Name","Tally","39","026","Queens","IN-PLAY","Primary Election 2020 - 06/23/2020","Democratic","Male District Leader","39B",1,"William H. Salgado",59
"AD","ED","County","EDAD Status","Event","Party/Independent Body","Office/Position Title","District Key","VoteFor","Unit Name","Tally","39","026","Queens","IN-PLAY","Primary Election 2020 - 06/23/2020","Democratic","Male District Leader","39B",1,"Mohammed S. Saleheen",37
"AD","ED","County","EDAD Status","Event","Party/Independent Body","Office/Position Title","District Key","VoteFor","Unit Name","Tally","39","026","Queens","IN-PLAY","Primary Election 2020 - 06/23/2020","Democratic","Male District Leader","39B",1,"Scattered",1
"AD","ED","County","EDAD Status","Event","Party/Independent Body","Office/Position Title","District Key","VoteFor","Unit Name","Tally","39","027","Queens","IN-PLAY","Primary Election 2020 - 06/23/2020","Democratic","Male District Leader","39B",1,"Public Counter",52
"AD","ED","County","EDAD Status","Event","Party/Independent Body","Office/Position Title","District Key","VoteFor","Unit Name","Tally","39","027","Queens","IN-PLAY","Primary Election 2020 - 06/23/2020","Democratic","Male District Leader","39B",1,"Manually Counted Emergency",0
"AD","ED","County","EDAD Status","Event","Party/Independent Body","Office/Position Title","District Key","VoteFor","Unit Name","Tally","39","027","Queens","IN-PLAY","Primary Election 2020 - 06/23/2020","Democratic","Male District Leader","39B",1,"Absentee / Military",44
"AD","ED","County","EDAD Status","Event","Party/Independent Body","Office/Position Title","District Key","VoteFor","Unit Name","Tally","39","027","Queens","IN-PLAY","Primary Election 2020 - 06/23/2020","Democratic","Male District Leader","39B",1,"Federal",0
"AD","ED","County","EDAD Status","Event","Party/Independent Body","Office/Position Title","District Key","VoteFor","Unit Name","Tally","39","027","Queens","IN-PLAY","Primary Election 2020 - 06/23/2020","Democratic","Male District Leader","39B",1,"Affidavit",1
"AD","ED","County","EDAD Status","Event","Party/Independent Body","Office/Position Title","District Key","VoteFor","Unit Name","Tally","39","027","Queens","IN-PLAY","Primary Election 2020 - 06/23/2020","Democratic","Male District Leader","39B",1,"William H. Salgado",39
"AD","ED","County","EDAD Status","Event","Party/Independent Body","Office/Position Title","District Key","VoteFor","Unit Name","Tally","39","027","Queens","IN-PLAY","Primary Election 2020 - 06/23/2020","Democratic","Male District Leader","39B",1,"Mohammed S. Saleheen",42
"AD","ED","County","EDAD Status","Event","Party/Independent Body","Office/Position Title","District Key","VoteFor","Unit Name","Tally","39","028","Queens","IN-PLAY","Primary Election 2020 - 06/23/2020","Democratic","Male District Leader","39B",1,"Public Counter",37
"AD","ED","County","EDAD Status","Event","Party/Independent Body","Office/Position Title","District Key","VoteFor","Unit Name","Tally","39","028","Queens","IN-PLAY","Primary Election 2020 - 06/23/2020","Democratic","Male District Leader","39B",1,"Manually Counted Emergency",0
"AD","ED","County","EDAD Status","Event","Party/Independent Body","Office/Position Title","District Key","VoteFor","Unit Name","Tally","39","028","Queens","IN-PLAY","Primary Election 2020 - 06/23/2020","Democratic","Male District Leader","39B",1,"Absentee / Military",10
"AD","ED","County","EDAD Status","Event","Party/Independent Body","Office/Position Title","District Key","VoteFor","Unit Name","Tally","39","028","Queens","IN-PLAY","Primary Election 2020 - 06/23/2020","Democratic","Male District Leader","39B",1,"Federal",1
"AD","ED","County","EDAD Status","Event","Party/Independent Body","Office/Position Title","District Key","VoteFor","Unit Name","Tally","39","028","Queens","IN-PLAY","Primary Election 2020 - 06/23/2020","Democratic","Male District Leader","39B",1,"Affidavit",0
"AD","ED","County","EDAD Status","Event","Party/Independent Body","Office/Position Title","District Key","VoteFor","Unit Name","Tally","39","028","Queens","IN-PLAY","Primary Election 2020 - 06/23/2020","Democratic","Male District Leader","39B",1,"William H. Salgado",31
"AD","ED","County","EDAD Status","Event","Party/Independent Body","Office/Position Title","District Key","VoteFor","Unit Name","Tally","39","028","Queens","IN-PLAY","Primary Election 2020 - 06/23/2020","Democratic","Male District Leader","39B",1,"Mohammed S. Saleheen",14
"AD","ED","County","EDAD Status","Event","Party/Independent Body","Office/Position Title","District Key","VoteFor","Unit Name","Tally","39","029","Queens","IN-PLAY","Primary Election 2020 - 06/23/2020","Democratic","Male District Leader","39B",1,"Public Counter",92
"AD","ED","County","EDAD Status","Event","Party/Independent Body","Office/Position Title","District Key","VoteFor","Unit Name","Tally","39","029","Queens","IN-PLAY","Primary Election 2020 - 06/23/2020","Democratic","Male District Leader","39B",1,"Manually Counted Emergency",0
"AD","ED","County","EDAD Status","Event","Party/Independent Body","Office/Position Title","District Key","VoteFor","Unit Name","Tally","39","029","Queens","IN-PLAY","Primary Election 2020 - 06/23/2020","Democratic","Male District Leader","39B",1,"Absentee / Military",51
"AD","ED","County","EDAD Status","Event","Party/Independent Body","Office/Position Title","District Key","VoteFor","Unit Name","Tally","39","029","Queens","IN-PLAY","Primary Election 2020 - 06/23/2020","Democratic","Male District Leader","39B",1,"Federal",1
"AD","ED","County","EDAD Status","Event","Party/Independent Body","Office/Position Title","District Key","VoteFor","Unit Name","Tally","39","029","Queens","IN-PLAY","Primary Election 2020 - 06/23/2020","Democratic","Male District Leader","39B",1,"Affidavit",0
"AD","ED","County","EDAD Status","Event","Party/Independent Body","Office/Position Title","District Key","VoteFor","Unit Name","Tally","39","029","Queens","IN-PLAY","Primary Election 2020 - 06/23/2020","Democratic","Male District Leader","39B",1,"William H. Salgado",70
"AD","ED","County","EDAD Status","Event","Party/Independent Body","Office/Position Title","District Key","VoteFor","Unit Name","Tally","39","029","Queens","IN-PLAY","Primary Election 2020 - 06/23/2020","Democratic","Male District Leader","39B",1,"Mohammed S. Saleheen",46
"AD","ED","County","EDAD Status","Event","Party/Independent Body","Office/Position Title","District Key","VoteFor","Unit Name","Tally","39","029","Queens","IN-PLAY","Primary Election 2020 - 06/23/2020","Democratic","Male District Leader","39B",1,"Scattered",1
"AD","ED","County","EDAD Status","Event","Party/Independent Body","Office/Position Title","District Key","VoteFor","Unit Name","Tally","39","030","Queens","IN-PLAY","Primary Election 2020 - 06/23/2020","Democratic","Male District Leader","39B",1,"Public Counter",86
"AD","ED","County","EDAD Status","Event","Party/Independent Body","Office/Position Title","District Key","VoteFor","Unit Name","Tally","39","030","Queens","IN-PLAY","Primary Election 2020 - 06/23/2020","Democratic","Male District Leader","39B",1,"Manually Counted Emergency",0
"AD","ED","County","EDAD Status","Event","Party/Independent Body","Office/Position Title","District Key","VoteFor","Unit Name","Tally","39","030","Queens","IN-PLAY","Primary Election 2020 - 06/23/2020","Democratic","Male District Leader","39B",1,"Absentee / Military",44
"AD","ED","County","EDAD Status","Event","Party/Independent Body","Office/Position Title","District Key","VoteFor","Unit Name","Tally","39","030","Queens","IN-PLAY","Primary Election 2020 - 06/23/2020","Democratic","Male District Leader","39B",1,"Federal",1
"AD","ED","County","EDAD Status","Event","Party/Independent Body","Office/Position Title","District Key","VoteFor","Unit Name","Tally","39","030","Queens","IN-PLAY","Primary Election 2020 - 06/23/2020","Democratic","Male District Leader","39B",1,"Affidavit",2
"AD","ED","County","EDAD Status","Event","Party/Independent Body","Office/Position Title","District Key","VoteFor","Unit Name","Tally","39","030","Queens","IN-PLAY","Primary Election 2020 - 06/23/2020","Democratic","Male District Leader","39B",1,"William H. Salgado",63
"AD","ED","County","EDAD Status","Event","Party/Independent Body","Office/Position Title","District Key","VoteFor","Unit Name","Tally","39","030","Queens","IN-PLAY","Primary Election 2020 - 06/23/2020","Democratic","Male District Leader","39B",1,"Mohammed S. Saleheen",42
"AD","ED","County","EDAD Status","Event","Party/Independent Body","Office/Position Title","District Key","VoteFor","Unit Name","Tally","39","032","Queens","IN-PLAY","Primary Election 2020 - 06/23/2020","Democratic","Male District Leader","39B",1,"Public Counter",53
"AD","ED","County","EDAD Status","Event","Party/Independent Body","Office/Position Title","District Key","VoteFor","Unit Name","Tally","39","032","Queens","IN-PLAY","Primary Election 2020 - 06/23/2020","Democratic","Male District Leader","39B",1,"Manually Counted Emergency",0
"AD","ED","County","EDAD Status","Event","Party/Independent Body","Office/Position Title","District Key","VoteFor","Unit Name","Tally","39","032","Queens","IN-PLAY","Primary Election 2020 - 06/23/2020","Democratic","Male District Leader","39B",1,"Absentee / Military",27
"AD","ED","County","EDAD Status","Event","Party/Independent Body","Office/Position Title","District Key","VoteFor","Unit Name","Tally","39","032","Queens","IN-PLAY","Primary Election 2020 - 06/23/2020","Democratic","Male District Leader","39B",1,"Federal",0
"AD","ED","County","EDAD Status","Event","Party/Independent Body","Office/Position Title","District Key","VoteFor","Unit Name","Tally","39","032","Queens","IN-PLAY","Primary Election 2020 - 06/23/2020","Democratic","Male District Leader","39B",1,"Affidavit",0
"AD","ED","County","EDAD Status","Event","Party/Independent Body","Office/Position Title","District Key","VoteFor","Unit Name","Tally","39","032","Queens","IN-PLAY","Primary Election 2020 - 06/23/2020","Democratic","Male District Leader","39B",1,"William H. Salgado",48
"AD","ED","County","EDAD Status","Event","Party/Independent Body","Office/Position Title","District Key","VoteFor","Unit Name","Tally","39","032","Queens","IN-PLAY","Primary Election 2020 - 06/23/2020","Democratic","Male District Leader","39B",1,"Mohammed S. Saleheen",25
"AD","ED","County","EDAD Status","Event","Party/Independent Body","Office/Position Title","District Key","VoteFor","Unit Name","Tally","39","032","Queens","IN-PLAY","Primary Election 2020 - 06/23/2020","Democratic","Male District Leader","39B",1,"Scattered",1
"AD","ED","County","EDAD Status","Event","Party/Independent Body","Office/Position Title","District Key","VoteFor","Unit Name","Tally","39","034","Queens","IN-PLAY","Primary Election 2020 - 06/23/2020","Democratic","Male District Leader","39B",1,"Public Counter",104
"AD","ED","County","EDAD Status","Event","Party/Independent Body","Office/Position Title","District Key","VoteFor","Unit Name","Tally","39","034","Queens","IN-PLAY","Primary Election 2020 - 06/23/2020","Democratic","Male District Leader","39B",1,"Manually Counted Emergency",0
"AD","ED","County","EDAD Status","Event","Party/Independent Body","Office/Position Title","District Key","VoteFor","Unit Name","Tally","39","034","Queens","IN-PLAY","Primary Election 2020 - 06/23/2020","Democratic","Male District Leader","39B",1,"Absentee / Military",62
"AD","ED","County","EDAD Status","Event","Party/Independent Body","Office/Position Title","District Key","VoteFor","Unit Name","Tally","39","034","Queens","IN-PLAY","Primary Election 2020 - 06/23/2020","Democratic","Male District Leader","39B",1,"Federal",0
"AD","ED","County","EDAD Status","Event","Party/Independent Body","Office/Position Title","District Key","VoteFor","Unit Name","Tally","39","034","Queens","IN-PLAY","Primary Election 2020 - 06/23/2020","Democratic","Male District Leader","39B",1,"Affidavit",1
"AD","ED","County","EDAD Status","Event","Party/Independent Body","Office/Position Title","District Key","VoteFor","Unit Name","Tally","39","034","Queens","IN-PLAY","Primary Election 2020 - 06/23/2020","Democratic","Male District Leader","39B",1,"William H. Salgado",72
"AD","ED","County","EDAD Status","Event","Party/Independent Body","Office/Position Title","District Key","VoteFor","Unit Name","Tally","39","034","Queens","IN-PLAY","Primary Election 2020 - 06/23/2020","Democratic","Male District Leader","39B",1,"Mohammed S. Saleheen",69
"AD","ED","County","EDAD Status","Event","Party/Independent Body","Office/Position Title","District Key","VoteFor","Unit Name","Tally","39","040","Queens","IN-PLAY","Primary Election 2020 - 06/23/2020","Democratic","Male District Leader","39B",1,"Public Counter",24
"AD","ED","County","EDAD Status","Event","Party/Independent Body","Office/Position Title","District Key","VoteFor","Unit Name","Tally","39","040","Queens","IN-PLAY","Primary Election 2020 - 06/23/2020","Democratic","Male District Leader","39B",1,"Manually Counted Emergency",0
"AD","ED","County","EDAD Status","Event","Party/Independent Body","Office/Position Title","District Key","VoteFor","Unit Name","Tally","39","040","Queens","IN-PLAY","Primary Election 2020 - 06/23/2020","Democratic","Male District Leader","39B",1,"Absentee / Military",8
"AD","ED","County","EDAD Status","Event","Party/Independent Body","Office/Position Title","District Key","VoteFor","Unit Name","Tally","39","040","Queens","IN-PLAY","Primary Election 2020 - 06/23/2020","Democratic","Male District Leader","39B",1,"Federal",1
"AD","ED","County","EDAD Status","Event","Party/Independent Body","Office/Position Title","District Key","VoteFor","Unit Name","Tally","39","040","Queens","IN-PLAY","Primary Election 2020 - 06/23/2020","Democratic","Male District Leader","39B",1,"Affidavit",0
"AD","ED","County","EDAD Status","Event","Party/Independent Body","Office/Position Title","District Key","VoteFor","Unit Name","Tally","39","040","Queens","IN-PLAY","Primary Election 2020 - 06/23/2020","Democratic","Male District Leader","39B",1,"William H. Salgado",14
"AD","ED","County","EDAD Status","Event","Party/Independent Body","Office/Position Title","District Key","VoteFor","Unit Name","Tally","39","040","Queens","IN-PLAY","Primary Election 2020 - 06/23/2020","Democratic","Male District Leader","39B",1,"Mohammed S. Saleheen",8
"AD","ED","County","EDAD Status","Event","Party/Independent Body","Office/Position Title","District Key","VoteFor","Unit Name","Tally","39","041","Queens","IN-PLAY","Primary Election 2020 - 06/23/2020","Democratic","Male District Leader","39B",1,"Public Counter",143
"AD","ED","County","EDAD Status","Event","Party/Independent Body","Office/Position Title","District Key","VoteFor","Unit Name","Tally","39","041","Queens","IN-PLAY","Primary Election 2020 - 06/23/2020","Democratic","Male District Leader","39B",1,"Manually Counted Emergency",0
"AD","ED","County","EDAD Status","Event","Party/Independent Body","Office/Position Title","District Key","VoteFor","Unit Name","Tally","39","041","Queens","IN-PLAY","Primary Election 2020 - 06/23/2020","Democratic","Male District Leader","39B",1,"Absentee / Military",34
"AD","ED","County","EDAD Status","Event","Party/Independent Body","Office/Position Title","District Key","VoteFor","Unit Name","Tally","39","041","Queens","IN-PLAY","Primary Election 2020 - 06/23/2020","Democratic","Male District Leader","39B",1,"Federal",0
"AD","ED","County","EDAD Status","Event","Party/Independent Body","Office/Position Title","District Key","VoteFor","Unit Name","Tally","39","041","Queens","IN-PLAY","Primary Election 2020 - 06/23/2020","Democratic","Male District Leader","39B",1,"Affidavit",1
"AD","ED","County","EDAD Status","Event","Party/Independent Body","Office/Position Title","District Key","VoteFor","Unit Name","Tally","39","041","Queens","IN-PLAY","Primary Election 2020 - 06/23/2020","Democratic","Male District Leader","39B",1,"William H. Salgado",101
"AD","ED","County","EDAD Status","Event","Party/Independent Body","Office/Position Title","District Key","VoteFor","Unit Name","Tally","39","041","Queens","IN-PLAY","Primary Election 2020 - 06/23/2020","Democratic","Male District Leader","39B",1,"Mohammed S. Saleheen",55
"AD","ED","County","EDAD Status","Event","Party/Independent Body","Office/Position Title","District Key","VoteFor","Unit Name","Tally","39","044","Queens","IN-PLAY","Primary Election 2020 - 06/23/2020","Democratic","Male District Leader","39B",1,"Public Counter",121
"AD","ED","County","EDAD Status","Event","Party/Independent Body","Office/Position Title","District Key","VoteFor","Unit Name","Tally","39","044","Queens","IN-PLAY","Primary Election 2020 - 06/23/2020","Democratic","Male District Leader","39B",1,"Manually Counted Emergency",0
"AD","ED","County","EDAD Status","Event","Party/Independent Body","Office/Position Title","District Key","VoteFor","Unit Name","Tally","39","044","Queens","IN-PLAY","Primary Election 2020 - 06/23/2020","Democratic","Male District Leader","39B",1,"Absentee / Military",84
"AD","ED","County","EDAD Status","Event","Party/Independent Body","Office/Position Title","District Key","VoteFor","Unit Name","Tally","39","044","Queens","IN-PLAY","Primary Election 2020 - 06/23/2020","Democratic","Male District Leader","39B",1,"Federal",2
"AD","ED","County","EDAD Status","Event","Party/Independent Body","Office/Position Title","District Key","VoteFor","Unit Name","Tally","39","044","Queens","IN-PLAY","Primary Election 2020 - 06/23/2020","Democratic","Male District Leader","39B",1,"Affidavit",2
"AD","ED","County","EDAD Status","Event","Party/Independent Body","Office/Position Title","District Key","VoteFor","Unit Name","Tally","39","044","Queens","IN-PLAY","Primary Election 2020 - 06/23/2020","Democratic","Male District Leader","39B",1,"William H. Salgado",87
"AD","ED","County","EDAD Status","Event","Party/Independent Body","Office/Position Title","District Key","VoteFor","Unit Name","Tally","39","044","Queens","IN-PLAY","Primary Election 2020 - 06/23/2020","Democratic","Male District Leader","39B",1,"Mohammed S. Saleheen",76
"AD","ED","County","EDAD Status","Event","Party/Independent Body","Office/Position Title","District Key","VoteFor","Unit Name","Tally","39","045","Queens","IN-PLAY","Primary Election 2020 - 06/23/2020","Democratic","Male District Leader","39B",1,"Public Counter",130
"AD","ED","County","EDAD Status","Event","Party/Independent Body","Office/Position Title","District Key","VoteFor","Unit Name","Tally","39","045","Queens","IN-PLAY","Primary Election 2020 - 06/23/2020","Democratic","Male District Leader","39B",1,"Manually Counted Emergency",0
"AD","ED","County","EDAD Status","Event","Party/Independent Body","Office/Position Title","District Key","VoteFor","Unit Name","Tally","39","045","Queens","IN-PLAY","Primary Election 2020 - 06/23/2020","Democratic","Male District Leader","39B",1,"Absentee / Military",146
"AD","ED","County","EDAD Status","Event","Party/Independent Body","Office/Position Title","District Key","VoteFor","Unit Name","Tally","39","045","Queens","IN-PLAY","Primary Election 2020 - 06/23/2020","Democratic","Male District Leader","39B",1,"Federal",2
"AD","ED","County","EDAD Status","Event","Party/Independent Body","Office/Position Title","District Key","VoteFor","Unit Name","Tally","39","045","Queens","IN-PLAY","Primary Election 2020 - 06/23/2020","Democratic","Male District Leader","39B",1,"Affidavit",1
"AD","ED","County","EDAD Status","Event","Party/Independent Body","Office/Position Title","District Key","VoteFor","Unit Name","Tally","39","045","Queens","IN-PLAY","Primary Election 2020 - 06/23/2020","Democratic","Male District Leader","39B",1,"William H. Salgado",99
"AD","ED","County","EDAD Status","Event","Party/Independent Body","Office/Position Title","District Key","VoteFor","Unit Name","Tally","39","045","Queens","IN-PLAY","Primary Election 2020 - 06/23/2020","Democratic","Male District Leader","39B",1,"Mohammed S. Saleheen",122
"AD","ED","County","EDAD Status","Event","Party/Independent Body","Office/Position Title","District Key","VoteFor","Unit Name","Tally","39","045","Queens","IN-PLAY","Primary Election 2020 - 06/23/2020","Democratic","Male District Leader","39B",1,"Scattered",3
"AD","ED","County","EDAD Status","Event","Party/Independent Body","Office/Position Title","District Key","VoteFor","Unit Name","Tally","39","052","Queens","IN-PLAY","Primary Election 2020 - 06/23/2020","Democratic","Male District Leader","39B",1,"Public Counter",102
"AD","ED","County","EDAD Status","Event","Party/Independent Body","Office/Position Title","District Key","VoteFor","Unit Name","Tally","39","052","Queens","IN-PLAY","Primary Election 2020 - 06/23/2020","Democratic","Male District Leader","39B",1,"Manually Counted Emergency",0
"AD","ED","County","EDAD Status","Event","Party/Independent Body","Office/Position Title","District Key","VoteFor","Unit Name","Tally","39","052","Queens","IN-PLAY","Primary Election 2020 - 06/23/2020","Democratic","Male District Leader","39B",1,"Absentee / Military",21
"AD","ED","County","EDAD Status","Event","Party/Independent Body","Office/Position Title","District Key","VoteFor","Unit Name","Tally","39","052","Queens","IN-PLAY","Primary Election 2020 - 06/23/2020","Democratic","Male District Leader","39B",1,"Federal",1
"AD","ED","County","EDAD Status","Event","Party/Independent Body","Office/Position Title","District Key","VoteFor","Unit Name","Tally","39","052","Queens","IN-PLAY","Primary Election 2020 - 06/23/2020","Democratic","Male District Leader","39B",1,"Affidavit",0
"AD","ED","County","EDAD Status","Event","Party/Independent Body","Office/Position Title","District Key","VoteFor","Unit Name","Tally","39","052","Queens","IN-PLAY","Primary Election 2020 - 06/23/2020","Democratic","Male District Leader","39B",1,"William H. Salgado",65
"AD","ED","County","EDAD Status","Event","Party/Independent Body","Office/Position Title","District Key","VoteFor","Unit Name","Tally","39","052","Queens","IN-PLAY","Primary Election 2020 - 06/23/2020","Democratic","Male District Leader","39B",1,"Mohammed S. Saleheen",25
"AD","ED","County","EDAD Status","Event","Party/Independent Body","Office/Position Title","District Key","VoteFor","Unit Name","Tally","39","054","Queens","IN-PLAY","Primary Election 2020 - 06/23/2020","Democratic","Male District Leader","39B",1,"Public Counter",94
"AD","ED","County","EDAD Status","Event","Party/Independent Body","Office/Position Title","District Key","VoteFor","Unit Name","Tally","39","054","Queens","IN-PLAY","Primary Election 2020 - 06/23/2020","Democratic","Male District Leader","39B",1,"Manually Counted Emergency",0
"AD","ED","County","EDAD Status","Event","Party/Independent Body","Office/Position Title","District Key","VoteFor","Unit Name","Tally","39","054","Queens","IN-PLAY","Primary Election 2020 - 06/23/2020","Democratic","Male District Leader","39B",1,"Absentee / Military",36
"AD","ED","County","EDAD Status","Event","Party/Independent Body","Office/Position Title","District Key","VoteFor","Unit Name","Tally","39","054","Queens","IN-PLAY","Primary Election 2020 - 06/23/2020","Democratic","Male District Leader","39B",1,"Federal",0
"AD","ED","County","EDAD Status","Event","Party/Independent Body","Office/Position Title","District Key","VoteFor","Unit Name","Tally","39","054","Queens","IN-PLAY","Primary Election 2020 - 06/23/2020","Democratic","Male District Leader","39B",1,"Affidavit",2
"AD","ED","County","EDAD Status","Event","Party/Independent Body","Office/Position Title","District Key","VoteFor","Unit Name","Tally","39","054","Queens","IN-PLAY","Primary Election 2020 - 06/23/2020","Democratic","Male District Leader","39B",1,"William H. Salgado",92
"AD","ED","County","EDAD Status","Event","Party/Independent Body","Office/Position Title","District Key","VoteFor","Unit Name","Tally","39","054","Queens","IN-PLAY","Primary Election 2020 - 06/23/2020","Democratic","Male District Leader","39B",1,"Mohammed S. Saleheen",29
"AD","ED","County","EDAD Status","Event","Party/Independent Body","Office/Position Title","District Key","VoteFor","Unit Name","Tally","39","056","Queens","IN-PLAY","Primary Election 2020 - 06/23/2020","Democratic","Male District Leader","39B",1,"Public Counter",233
"AD","ED","County","EDAD Status","Event","Party/Independent Body","Office/Position Title","District Key","VoteFor","Unit Name","Tally","39","056","Queens","IN-PLAY","Primary Election 2020 - 06/23/2020","Democratic","Male District Leader","39B",1,"Manually Counted Emergency",0
"AD","ED","County","EDAD Status","Event","Party/Independent Body","Office/Position Title","District Key","VoteFor","Unit Name","Tally","39","056","Queens","IN-PLAY","Primary Election 2020 - 06/23/2020","Democratic","Male District Leader","39B",1,"Absentee / Military",116
"AD","ED","County","EDAD Status","Event","Party/Independent Body","Office/Position Title","District Key","VoteFor","Unit Name","Tally","39","056","Queens","IN-PLAY","Primary Election 2020 - 06/23/2020","Democratic","Male District Leader","39B",1,"Federal",2
"AD","ED","County","EDAD Status","Event","Party/Independent Body","Office/Position Title","District Key","VoteFor","Unit Name","Tally","39","056","Queens","IN-PLAY","Primary Election 2020 - 06/23/2020","Democratic","Male District Leader","39B",1,"Affidavit",1
"AD","ED","County","EDAD Status","Event","Party/Independent Body","Office/Position Title","District Key","VoteFor","Unit Name","Tally","39","056","Queens","IN-PLAY","Primary Election 2020 - 06/23/2020","Democratic","Male District Leader","39B",1,"William H. Salgado",152
"AD","ED","County","EDAD Status","Event","Party/Independent Body","Office/Position Title","District Key","VoteFor","Unit Name","Tally","39","056","Queens","IN-PLAY","Primary Election 2020 - 06/23/2020","Democratic","Male District Leader","39B",1,"Mohammed S. Saleheen",123
"AD","ED","County","EDAD Status","Event","Party/Independent Body","Office/Position Title","District Key","VoteFor","Unit Name","Tally","39","056","Queens","IN-PLAY","Primary Election 2020 - 06/23/2020","Democratic","Male District Leader","39B",1,"Scattered",1
